identifier,group1,group2,mean(group1),std(group1),mean(group2),std(group2),posthoc T-Statistics,posthoc pvalue,coef,std err,Conf. Int. Low,Conf. Int. Upp.,log2FC,FC,F-statistics,pvalue,padj,correction,rejected,-log10 pvalue,Method,posthoc padj
14183644523572007298,CTR,CVD,11.361868800773651,0.8277677761114849,12.071893896067081,0.35560925743098143,24.989435315561426,0.0001405087658714782,1.0969115947260526,0.04389501326758607,0.9572180719322196,1.2366051175198856,-0.7100250952934299,0.6113095051886074,624.4718773906286,0.00014050876587147831,0.12603636298671606,FDR correction BH,False,3.852296580735004,One-way ancova,0.12603636298671594
122927701965791210,CTR,CVD,13.367822521235338,0.8094659140385545,14.09658823254014,0.3055378592274813,16.343296554991394,0.0004984586551977086,1.0989626850775638,0.06724241228688532,0.8849673185367645,1.312958051618363,-0.7287657113048027,0.6034199452203316,267.1033422843935,0.0004984586551977089,0.14903913790411497,FDR correction BH,False,3.302370858544192,One-way ancova,0.14903913790411488
8688552057745683191,CTR,CVD,12.353070108918603,0.6373980734405563,13.041882478720344,0.2991957522021593,17.757175307085777,0.0003894151391445953,0.990017572850162,0.055753100125959104,0.8125863253461598,1.1674488203541642,-0.6888123698017417,0.6203643253064364,315.31727488657685,0.0003894151391445956,0.14903913790411497,FDR correction BH,False,3.4095871685860106,One-way ancova,0.14903913790411488
4803564648587047687,CTR,CVD,12.092373662821371,0.0441578657841584,11.818018980138634,0.020871946503577418,-13.22028172823268,0.0009351358177324075,-0.2906366625787489,0.02198415045558957,-0.36060004097095333,-0.22067328418654455,0.27435468268273766,1.2094529800376193,174.7758489738428,0.0009351358177324083,0.20970420712649257,FDR correction BH,False,3.0291253082632226,One-way ancova,0.2097042071264924
5911792471416433595,CTR,CVD,10.411025528842101,1.1024136236001947,11.225670597363269,0.2944947990210992,9.571010062405731,0.0024198470844810607,1.2989024575456278,0.1357121608980046,0.8670057925136296,1.730799122577626,-0.8146450685211679,0.5685483435370449,91.60423361467174,0.0024198470844810633,0.233504790376787,FDR correction BH,False,2.6162120771866504,One-way ancova,0.2335047903767869
10207534598488119731,CTR,CVD,11.533117715447787,0.7643924166730052,12.546503698013238,0.1494444439008154,10.751478314284455,0.0017206935790538124,1.3400540747337835,0.12463905293408652,0.9433969812295702,1.7367111682379968,-1.0133859825654508,0.4953822279887714,115.5942859425289,0.0017206935790538124,0.233504790376787,FDR correction BH,False,2.764296461906332,One-way ancova,0.2335047903767869
15456594202554202804,CTR,CVD,10.674014627412989,0.10692293656823407,11.567173750176705,0.08272676796264253,9.33476298224544,0.002603174920588483,0.8964372066604221,0.09603213368838935,0.5908200976152431,1.2020543157056012,-0.8931591227637163,0.5384337979990615,87.13779993469977,0.002603174920588484,0.233504790376787,FDR correction BH,False,2.5844966484508927,One-way ancova,0.2335047903767869
5117537489439838473,CTR,CVD,12.285426006508265,1.1778871125770674,13.418402745166238,0.30612477617936623,9.4635675390169,0.0025010284429023374,1.6461565300864136,0.17394671970158737,1.0925804346557797,2.1997326255170475,-1.1329767386579732,0.45597393461168995,89.55911056553437,0.0025010284429023387,0.233504790376787,FDR correction BH,False,2.6018813692349934,One-way ancova,0.2335047903767869
7982680769415677513,CTR,CVD,10.56707461269433,0.39792436420793603,11.205677498978533,0.16400894710557634,10.683259079648595,0.0017531847336888793,0.8179811304276385,0.07656662862233464,0.5743119460604174,1.0616503147948597,-0.6386028862842021,0.642334688086767,114.13202456289416,0.001753184733688881,0.233504790376787,FDR correction BH,False,2.756172319733539,One-way ancova,0.2335047903767869
2741374691953165119,CTR,CVD,12.40307715194483,0.7149996760659406,13.154724723001813,0.16077569796662006,10.280714583563467,0.0019624687930818174,1.060861375163968,0.10318945891757805,0.7324664628874394,1.3892562874404963,-0.7516475710569832,0.593924902337756,105.69309234869456,0.001962468793081818,0.233504790376787,FDR correction BH,False,2.7071972406209888,One-way ancova,0.2335047903767869
10215399542485157689,CTR,CVD,13.358559339166488,0.8439640594175849,14.042740716191249,0.15285618974108742,7.563374014453699,0.004793432477542122,1.043806679882852,0.13800807389507974,0.604603395016058,1.483009964749646,-0.6841813770247605,0.6223588692096523,57.20462648251347,0.004793432477542128,0.24255481774516746,FDR correction BH,False,2.319353385918105,One-way ancova,0.24255481774516735
4421876108310743110,CTR,CVD,13.726434175980344,0.7717806198120208,14.538220465697586,0.11384889488755073,8.010946388581408,0.00406048673919575,1.1364377311107414,0.1418606087204116,0.684973961023091,1.5879015011983917,-0.8117862897172419,0.5696760700040355,64.17526204072551,0.004060486739195748,0.24255481774516746,FDR correction BH,False,2.3914219034975446,One-way ancova,0.24255481774516735
9889106908533470465,CTR,CVD,14.546880323342078,0.8313172123183991,15.602134422634956,0.0843070741178006,7.8081898127939615,0.004372725455640182,1.3982217807608188,0.17907118221816137,0.8283373585277461,1.9681062029938916,-1.0552540992928776,0.481212458998274,60.967828152619404,0.00437272545564018,0.24255481774516746,FDR correction BH,False,2.3592477892555297,One-way ancova,0.24255481774516735
10832157223121958040,CTR,CVD,11.01415131055665,0.855934998142355,11.733231195104025,0.22367946018396836,8.033150321007962,0.0040281044784421126,1.0909170738947613,0.13580189966591813,0.6587348200523759,1.5230993277371467,-0.7190798845473747,0.6074847575278239,64.53150407991035,0.004028104478442113,0.24255481774516746,FDR correction BH,False,2.3948992735150343,One-way ancova,0.24255481774516735
5529475193554115590,CTR,CVD,10.170453050345422,0.7890800958436338,11.160234324808977,0.25713434643573246,7.814706841787703,0.004362205162532629,1.331813000169402,0.17042392339630422,0.7894480148247853,1.8741779855140186,-0.9897812744635548,0.5035541125713494,61.06964302308355,0.004362205162532628,0.24255481774516746,FDR correction BH,False,2.3602939126086504,One-way ancova,0.24255481774516735
16452322344680482043,CTR,CVD,14.41757413908178,0.588165715734455,15.296318764482427,0.36173866531921345,8.63741276451762,0.0032640019598310583,1.16455599985226,0.1348269477911535,0.7354764780015495,1.5936355217029707,-0.8787446254006461,0.5438404532939114,74.6048992646519,0.0032640019598310626,0.24255481774516746,FDR correction BH,False,2.486249589151155,One-way ancova,0.24255481774516735
6744901733644451055,CTR,CVD,11.944639128037954,0.5806673850791132,12.570152438681113,0.12956333255229371,7.695792169532017,0.004559556983886431,0.8722540263089787,0.11334168167408043,0.5115502102305964,1.232957842387361,-0.625513310643159,0.6481891107201712,59.225217116630326,0.004559556983886433,0.24255481774516746,FDR correction BH,False,2.3410773522478854,One-way ancova,0.24255481774516735
17669181531214070533,CTR,CVD,14.811942466819312,0.6693396936427308,15.883671366055031,0.1771050611594748,7.523300615436679,0.004867320757428108,1.3493035605785735,0.17934994619382957,0.7785319869610892,1.9200751341960578,-1.071728899235719,0.47574852897186853,56.600052150229935,0.0048673207574281094,0.24255481774516746,FDR correction BH,False,2.3127100327187082,One-way ancova,0.24255481774516735
1776653546792903904,CTR,CVD,11.882749828362256,0.05718318112256318,12.190156300999936,0.045396706191220514,7.096464221585343,0.005756235345283817,0.28776363264640703,0.04055028302279257,0.15871453426228962,0.4168127310305244,-0.3074064726376804,0.8080931602285645,50.35980444824087,0.005756235345283817,0.2581671552359792,FDR correction BH,False,2.2398614581216987,One-way ancova,0.2581671552359792
5126346116539161224,CTR,CVD,10.095031741594253,0.09295977012232344,10.370839217630271,0.0720070568632274,7.120057796973222,0.005701755309341933,0.3185749577811471,0.04474331063949722,0.1761817741502931,0.46096814141200104,-0.2758074760360181,0.825987883552224,50.69522303223916,0.005701755309341938,0.2581671552359792,FDR correction BH,False,2.243991424361315,One-way ancova,0.2581671552359792
10060821400767546891,CTR,CVD,16.069305758586868,0.6147706842746726,16.855634135776032,0.19450139629144575,6.70659695560478,0.0067647520100101045,1.0473071932059392,0.15616074741612324,0.5503339995610688,1.5442803868508097,-0.7863283771891645,0.5798178377353644,44.97844272492731,0.006764752010010105,0.28895155014186025,FDR correction BH,False,2.1697481196366852,One-way ancova,0.2889515501418602
17948424511324065412,CTR,CVD,12.061754266341898,0.8749619635548659,12.82338311496349,0.2362794722970933,6.41657809864732,0.007670661448224563,1.136731150217989,0.17715535176882263,0.5729437555199656,1.7005185449160125,-0.7616288486215907,0.5898300177771549,41.17247449604046,0.007670661448224564,0.299155796480758,FDR correction BH,False,2.115167184821795,One-way ancova,0.29915579648075796
7355348853023030655,CTR,CVD,12.729376234608997,0.10033597247878318,12.472107973997803,0.07319870769555913,-6.467762187535602,0.007499661427018945,-0.30261975112257494,0.046788942194839964,-0.4515230473387023,-0.15371645490644756,0.2572682606111947,1.1952134270643242,41.8319477145153,0.007499661427018953,0.299155796480758,FDR correction BH,False,2.124958342434489,One-way ancova,0.29915579648075796
13586347652469767471,CTR,CVD,11.670825267133964,0.17252149523607438,10.669777018043822,0.17000693008899562,-6.244851404748117,0.008283218904248067,-0.9525291371339994,0.15253031263638517,-1.437948667027517,-0.46710960724048195,1.0010482490901413,2.001453709864937,38.99816906738453,0.008283218904248074,0.30958530654627175,FDR correction BH,False,2.0818008611992327,One-way ancova,0.30958530654627153
14652641591688018069,CTR,CVD,10.820999373560277,0.6017775183227545,11.504188990498948,0.1882681705191641,6.130604646608832,0.008726718360415726,0.9383183604551851,0.15305478244698417,0.4512297335506937,1.4254069873596766,-0.6831896169386713,0.6227868480063037,37.58431333302181,0.008726718360415723,0.3131146547717161,FDR correction BH,False,2.0591490399025414,One-way ancova,0.31311465477171624
13206619795624140118,CTR,CVD,13.185628439966417,0.5916110980589693,13.79488970052246,0.10926215438591153,5.931891648460137,0.009575284827333663,0.8531671146338158,0.14382715754008923,0.3954449085208212,1.3108893207468104,-0.6092612605560443,0.6555322846941299,35.18733852907112,0.009575284827333672,0.32240699069519,FDR correction BH,False,2.018848298602211,One-way ancova,0.32240699069518985
7905809849565552413,CTR,CVD,12.918187726296395,0.6485040559329186,13.742333621390479,0.25730562667873724,5.903647111179803,0.009704558248350197,1.102401590417129,0.1867322977908857,0.508136079235284,1.6966671015989738,-0.8241458950940839,0.5648164863282131,34.85304921334162,0.009704558248350202,0.32240699069519,FDR correction BH,False,2.0130242289175895,One-way ancova,0.32240699069518985
17520313516132055274,CTR,CVD,12.232570150919214,0.5982175539008935,13.130339753570846,0.2568822676174822,5.749164575198736,0.010453630843771489,1.15050407538134,0.20011674049904365,0.5136432939546289,1.7873648568080511,-0.897769602651632,0.5367158494835927,33.05289331272007,0.010453630843771492,0.33488953095939383,FDR correction BH,False,1.9807328405060853,One-way ancova,0.3348895309593937
18158460560924145053,CTR,CVD,15.139528385437877,0.0476079680002222,13.930612270608792,0.3646644223552465,-5.51411857841622,0.01174549579815103,-1.2816196609826846,0.23242511795072696,-2.0213001188602346,-0.5419392031051347,1.2089161148290852,2.3116389994846323,30.40550369683491,0.011745495798151036,0.34230130439919865,FDR correction BH,False,1.9301286461612586,One-way ancova,0.34230130439919854
10521799277291074071,CTR,CVD,11.79880023193877,0.7305833956084884,12.621724043282144,0.19805287306098474,5.476852901305298,0.011969176664671035,1.1241585040522963,0.20525628938918108,0.4709413842493395,1.7773756238552532,-0.8229238113433741,0.5652951359833338,29.995917702536264,0.011969176664671038,0.34230130439919865,FDR correction BH,False,1.9219357228006153,One-way ancova,0.34230130439919854
7595589082216854462,CTR,CVD,13.910958670642477,0.7545044161222344,14.561847626109,0.10061334841930714,5.437508737462673,0.012211417771208866,0.96061355971717,0.17666427882659824,0.3983889782897536,1.5228381411445864,-0.650888955466522,0.6368877571581247,29.566501269982922,0.01221141777120887,0.34230130439919865,FDR correction BH,False,1.9132339106278085,One-way ancova,0.34230130439919854
14989868109821703543,CTR,CVD,11.599472429311097,0.6924937183813074,12.606517806785492,0.47866846816261227,5.451688279103001,0.012123382101339732,1.3376059102973972,0.24535627163875218,0.5567727501423283,2.118439070452466,-1.0070453774743946,0.4975642106432344,29.72090509250904,0.012123382101339742,0.34230130439919865,FDR correction BH,False,1.9163762066509165,One-way ancova,0.34230130439919854
3466345612574112703,CTR,CVD,10.40281822488377,0.5862435060645186,11.313450541934094,0.4296340467347913,5.117020615048221,0.014444843943589615,1.1900625360282584,0.23256942380269138,0.4499228325252933,1.9302022395312235,-0.9106323170503234,0.5319518915800927,26.183899974828478,0.01444484394358962,0.3926371217393905,FDR correction BH,False,1.840287145741141,One-way ancova,0.3926371217393904
7261731678087078534,CTR,CVD,11.567533743123372,0.3464882269379402,10.946453396400765,0.09243198575188935,-4.831117497978656,0.01690795180668007,-0.7441372133698587,0.15403003832575102,-1.2343295397424385,-0.25394488699727896,0.6210803467226071,1.5380264848164535,23.33969627927555,0.01690795180668007,0.446071552076236,FDR correction BH,False,1.7719089987258398,One-way ancova,0.446071552076236
4457931832007946266,CTR,CVD,12.612982058597595,0.3544686321888637,13.015477607154892,0.08228573290373686,4.675103516950201,0.018484985055332314,0.5425171715094822,0.11604388427818016,0.1732137407375532,0.9118206022814113,-0.4024955485572974,0.7565484864582801,21.856592894200137,0.018484985055332314,0.46058421096203017,FDR correction BH,False,1.7331808962074193,One-way ancova,0.46058421096203017
13351365185960334395,CTR,CVD,9.671787879201048,0.8440589604080201,10.633014813380095,0.05759929239236577,4.71199939517358,0.018095325840751336,1.2858207517696139,0.27288219796603924,0.4173878090747435,2.1542536944644843,-0.9612269341790469,0.5136199215446043,22.20293830011618,0.018095325840751346,0.46058421096203017,FDR correction BH,False,1.7424335921873824,One-way ancova,0.46058421096203017
6017366888988070969,CTR,CVD,14.193055751882268,0.04990541168778831,13.951808460137372,0.05627405958442708,-4.474523067177853,0.020805324433734552,-0.23871935727552085,0.0533507937475188,-0.4085053937212948,-0.0689333208297469,0.24124729174489623,1.1820141381127804,20.021356678706702,0.020805324433734573,0.5043885410016192,FDR correction BH,False,1.6818255075239024,One-way ancova,0.5043885410016188
14774112085490938602,CTR,CVD,12.644570335476175,0.1185436226559301,12.500501235201165,0.08208654415038703,-4.345935043338998,0.02249412743924159,-0.19956985017174586,0.045921038437430395,-0.34571108928176286,-0.05342861106172889,0.14406910027500963,1.1050174101764991,18.88715140092194,0.022494127439241597,0.5309797977105187,FDR correction BH,False,1.6479308487163393,One-way ancova,0.5309797977105186
12056786225473674991,CTR,CVD,9.631120663767625,0.8968474081641369,10.483457665043618,0.04903988915694646,4.231935279612537,0.024142501029027544,1.1988907397771986,0.2832960951820051,0.29731612836376764,2.1004653511906297,-0.852337001275993,0.5538867755858324,17.909276210829237,0.024142501029027555,0.54260063017161,FDR correction BH,False,1.6172177414117213,One-way ancova,0.5426006301716095
15724468485648933818,CTR,CVD,9.247009826111709,0.9517957587531812,10.769229067917122,0.4676444522954814,4.228389326237997,0.02419623768881202,1.8899754856732476,0.44697291092510666,0.4675081967374899,3.3124427746090053,-1.5222192418054128,0.3481499588981312,17.879276294243414,0.02419623768881204,0.54260063017161,FDR correction BH,False,1.61625215790446,One-way ancova,0.5426006301716095
17082320905344300318,CTR,CVD,11.156580750183535,0.16644947704700297,11.592919096640237,0.14095537295105448,4.166676537117204,0.025156688759229114,0.4964860057344163,0.1191563591057922,0.11727729094706313,0.8756947205217696,-0.43633834645670255,0.7390078803073877,17.361193364963018,0.02515668875922911,0.5503792638299637,FDR correction BH,False,1.5993465233314015,One-way ancova,0.5503792638299638
4051789042754256385,CTR,CVD,13.678054785969623,0.32834318673049795,12.080061220183046,0.5307799023370577,-4.046303699874877,0.027176150151307928,-1.6894544446399267,0.4175303116007256,-3.018222242137843,-0.3606866471420105,1.5979935657865774,3.0272200849406894,16.372573631621123,0.027176150151307928,0.5804049210886479,FDR correction BH,False,1.565812066605193,One-way ancova,0.5804049210886479
15199551593861494443,CTR,CVD,11.03724801881521,1.317100756009133,11.589230518513444,0.42326529895334175,3.961797338530229,0.028719994323207352,1.1222833562022168,0.2832763163545786,0.22077168984505202,2.0237950225593817,-0.5519824996982337,0.6820821912407514,15.695838151585207,0.028719994323207362,0.5991124397190001,FDR correction BH,False,1.5418156502723543,One-way ancova,0.5991124397189999
18440473936440378985,CTR,CVD,10.800857339450365,0.6988233700749317,12.118063324584272,0.5218475720087525,3.842127534277367,0.03110481045862197,1.5960886423974707,0.41541792357438373,0.2740434063693129,2.9181338784256283,-1.3172059851339064,0.40131139182346004,14.761943989652279,0.031104810458621977,0.6218711146711622,FDR correction BH,False,1.507172440745532,One-way ancova,0.6218711146711621
1469268210667453006,CTR,CVD,10.967685461023075,0.14622040351983795,11.804774532155227,0.27085672833253005,3.8377137334154385,0.03119754755875395,0.7933651764745531,0.20672859717665398,0.1354625161931119,1.4512678367559944,-0.8370890711321515,0.5597718832777246,14.728046699645464,0.031197547558753955,0.6218711146711622,FDR correction BH,False,1.5058795445572728,One-way ancova,0.6218711146711621
12064411251825378624,CTR,CVD,12.10729805301495,0.205806943604621,12.625764777466339,0.12499170988152682,3.802641818854618,0.031947190335100975,0.44238211871648336,0.11633546881092575,0.07215073582564008,0.8126135016073266,-0.5184667244513879,0.6981133839186998,14.460084802501955,0.031947190335100996,0.6229702115344694,FDR correction BH,False,1.495567330795647,One-way ancova,0.6229702115344691
6059280522370978022,CTR,CVD,12.495817860859292,0.13632509537670556,12.739879474986855,0.02640848325432715,3.7340002158198886,0.03348247399460406,0.19313638393213955,0.05172372061305087,0.02852842037158035,0.3577443474926988,-0.24406161412756333,0.8443648258088478,13.942757611742973,0.033482473994604085,0.6257037327741638,FDR correction BH,False,1.4751824598033605,One-way ancova,0.6257037327741634
10205246200216555984,CTR,CVD,12.22816434062094,0.20480797469017176,12.472591984211656,0.07138220598219878,3.7601942838255087,0.032885672837214795,0.3220841024666805,0.08565623958637632,0.049487719270473574,0.5946804856628874,-0.2444276435907149,0.8441506272485236,14.139061052114034,0.032885672837214795,0.6257037327741638,FDR correction BH,False,1.4829932680969464,One-way ancova,0.6257037327741634
2856605814281924228,CTR,CVD,10.024371842980061,0.6551473447705005,10.479619253844085,0.18329172389749526,3.6837541099569258,0.03466662872422919,0.7229314579287868,0.19624856501001367,0.09838093729533026,1.3474819785622434,-0.45524741086402365,0.7293850775841204,13.570044342624541,0.0346666287242292,0.6346115503190529,FDR correction BH,False,1.4600883907535815,One-way ancova,0.6346115503190527
4966957245449809803,CTR,CVD,11.825525409031092,1.2643142674351544,10.002481481008061,0.19585787961579845,-3.4264056755057988,0.041647313438786956,-1.3244548328143684,0.38654349725207454,-2.554608757475891,-0.09430090815284609,1.823043928023031,3.53826947498595,11.74025585313835,0.04164731343878697,0.6465465414592163,FDR correction BH,False,1.3804130085751196,One-way ancova,0.646546541459216
16556512625369828790,CTR,CVD,13.531780932387617,0.25626778402111217,14.025061792422045,0.35861778179450177,3.055851928367585,0.05517295136701658,0.6353224800644739,0.20790355519740733,-0.026319421028977885,1.2969643811579257,-0.49328086003442806,0.7104077078442544,9.33823100810789,0.0551729513670166,0.6465465414592163,FDR correction BH,False,1.2582737837035598,One-way ancova,0.646546541459216
3000210071171886068,CTR,CVD,13.656661877360138,0.05458967839758928,13.769816296885736,0.037508883546160963,3.1246607227078997,0.0522818206501242,0.1274372072751429,0.04078433423155875,-0.0023567465135597154,0.2572311610638455,-0.11315441952559802,0.9245643116520535,9.763504632033456,0.05228182065012421,0.6465465414592163,FDR correction BH,False,1.281649297056782,One-way ancova,0.646546541459216
8834373558806872749,CTR,CVD,11.065274176697974,0.8237089239804304,11.99244822356806,0.3945123094685365,2.7673882763734583,0.06972038597798444,1.216663427070866,0.43964319624322845,-0.18247743845676045,2.615804292598493,-0.9271740468700855,0.5258874426626469,7.6584378722092605,0.06972038597798444,0.6465465414592163,FDR correction BH,False,1.1566402172642134,One-way ancova,0.646546541459216
1568808492360557076,CTR,CVD,16.12014732241658,0.6993779918630403,16.48701530701415,0.27817983968030835,2.4523254335791442,0.09148985584862111,0.6485821557661238,0.264476381024,-0.19309972585865798,1.4902640373909055,-0.36686798459756886,0.7754641628047996,6.013900032179138,0.0914898558486212,0.6465465414592163,FDR correction BH,False,1.0386270566788651,One-way ancova,0.646546541459216
4330422447461016398,CTR,CVD,11.853255552580668,0.4325878057442079,10.969796424990966,0.3960736975689037,-2.4883059114970556,0.0886166117009294,-0.9721633754700808,0.3906928689829748,-2.2155224528658577,0.271195701925696,0.8834591275897026,1.8447932349391178,6.191666309191193,0.08861661170092942,0.6465465414592163,FDR correction BH,False,1.052484859446826,One-way ancova,0.646546541459216
10584622139202161455,CTR,CVD,10.833854281783887,0.08640450984765788,11.306781145417695,0.23626271939667107,2.5799682114152827,0.08178206480221491,0.4402539135267871,0.1706431542756408,-0.10280876231977842,0.9833165893733526,-0.4729268636338073,0.7205013987827446,6.656235971913371,0.08178206480221495,0.6465465414592163,FDR correction BH,False,1.0873419287427015,One-way ancova,0.646546541459216
12462533907979072480,CTR,CVD,11.779665125567705,0.036839776713981046,11.900356516331671,0.08376302467172018,2.4424136440599855,0.09230131002728129,0.13956656166015438,0.05714288486701831,-0.04228760115817207,0.3214207244784808,-0.12069139076396596,0.9197467696333737,5.965384408690377,0.09230131002728137,0.6465465414592163,FDR correction BH,False,1.034792135013287,One-way ancova,0.646546541459216
3456688885223812190,CTR,CVD,12.696929173218017,0.7982560410301298,13.351813852007838,0.18268896063103673,3.0198282635390172,0.05676685688810215,0.951395268105125,0.31504946145187723,-0.05123272647419852,1.9540232626844485,-0.6548846787898217,0.6351262577857555,9.119362741269073,0.05676685688810221,0.6465465414592163,FDR correction BH,False,1.2459051514667263,One-way ancova,0.646546541459216
6721534967849039438,CTR,CVD,10.547421627862898,0.5461906844642224,11.234196469500604,0.11708531790166869,3.6018407552711684,0.03671443689113919,0.8768345718703952,0.24344068254188592,0.10209767115909119,1.6515714725816992,-0.6867748416377069,0.6212410891090043,12.973256826332383,0.0367144368911392,0.6465465414592163,FDR correction BH,False,1.4351631284107187,One-way ancova,0.646546541459216
448656244216129399,CTR,CVD,10.127731924911535,1.157262026961355,10.92058870944396,0.44829512971041796,3.503617438384996,0.03937829924814522,1.27925272062223,0.3651234026315115,0.11726709694475779,2.441238344299702,-0.7928567845324253,0.5772000042112204,12.275335154555442,0.03937829924814523,0.6465465414592163,FDR correction BH,False,1.4047430450058251,One-way ancova,0.646546541459216
3845579933009823230,CTR,CVD,10.45635917056802,0.9362383590042596,11.025772162894276,0.32017855557313174,3.56484539806168,0.03768995194136099,0.9627406412301515,0.27006518761055504,0.10327268273303936,1.8222085997272637,-0.5694129923262565,0.67389092722732,12.70812271208154,0.037689951941361,0.6465465414592163,FDR correction BH,False,1.4237744163210249,One-way ancova,0.646546541459216
4561716122716880169,CTR,CVD,15.114035362301154,0.36262538321434457,14.670462425864358,0.10942829543176466,-2.717774252175214,0.07268573646704753,-0.5509908940322518,0.20273607846246147,-1.1961875778829327,0.0942057898184292,0.4435729364367962,1.359968217872992,7.386296885786544,0.07268573646704754,0.6465465414592163,FDR correction BH,False,1.1385508048412656,One-way ancova,0.646546541459216
15167749833627791683,CTR,CVD,9.6038241225429,0.8425332022394173,10.904703749426318,0.6000614147801762,2.7628170814147164,0.06998723535577897,1.5808808928484477,0.5721988992622518,-0.24011137999642762,3.401873165693323,-1.3008796268834182,0.4058786540835085,7.633158225356931,0.069987235355779,0.6465465414592163,FDR correction BH,False,1.1549811617008128,One-way ancova,0.646546541459216
7187455378224308341,CTR,CVD,10.903116961813266,0.7854932688947315,11.232459806836767,0.22990810212641183,2.4748648754898444,0.08967684774671057,0.6444524467520851,0.26039904365466826,-0.18425352762626934,1.4731584211304396,-0.32934284502350053,0.7958989372391827,6.124956151933363,0.0896768477467106,0.6465465414592163,FDR correction BH,False,1.0473196661386632,One-way ancova,0.646546541459216
15893285719350305548,CTR,CVD,13.953390379290552,0.26334796439650365,12.660071402402366,0.46166090442719376,-3.5305073326836056,0.038625183411254524,-1.1894155441238405,0.3368964944819257,-2.261570548251065,-0.11726053999661601,1.2933189768881856,2.450912495589327,12.464482026132705,0.03862518341125455,0.6465465414592163,FDR correction BH,False,1.4131294453196879,One-way ancova,0.646546541459216
2470773412758144057,CTR,CVD,12.212645408657979,0.10632412947120194,12.355718796229565,0.031728561779086166,2.7260642685235155,0.0721795110894256,0.1718291759151983,0.06303196072786062,-0.028766654618004484,0.3724250064484011,-0.1430733875715866,0.905587916048373,7.43142639612065,0.0721795110894256,0.6465465414592163,FDR correction BH,False,1.141586063976203,One-way ancova,0.646546541459216
6647741008921812257,CTR,CVD,11.058833304157597,0.22530255219371212,10.733240136678697,0.16898302044611846,-2.8707097075638695,0.06401314671827872,-0.41051183525148316,0.14300012090036443,-0.8656020416660508,0.044578371163084496,0.32559316747889966,1.2531795804650065,8.240974225101436,0.06401314671827875,0.6465465414592163,FDR correction BH,False,1.1937308235026207,One-way ancova,0.646546541459216
5025164400717900404,CTR,CVD,13.35775903195426,0.6851506859408633,13.718130969427017,0.4731189295032012,3.0269351280791423,0.0564478692525873,0.6910866700807194,0.2283123492373208,-0.03550512220036239,1.4176784623618013,-0.36037193747275786,0.7789637311490265,9.162336269599493,0.056447869252587345,0.6465465414592163,FDR correction BH,False,1.2483524468179952,One-way ancova,0.646546541459216
14940901716943032227,CTR,CVD,13.18055255205996,0.19284795694116164,13.358788875981247,0.0903285234596397,3.0500153918665824,0.05542734018739203,0.25471927169735237,0.0835140938555941,-0.011059847732546202,0.5204983911272509,-0.17823632392128808,0.883782749175485,9.302593890623065,0.055427340187392045,0.6465465414592163,FDR correction BH,False,1.2562759615600592,One-way ancova,0.646546541459216
7252612900214866696,CTR,CVD,14.87301794941613,0.4972551101370127,15.327026922431394,0.3871003744487947,2.801559729860189,0.0677651533462278,0.681820609723884,0.24337179124069935,-0.09269704812049251,1.4563382675682606,-0.454008973015263,0.7300114649190652,7.848736919974296,0.06776515334622782,0.6465465414592163,FDR correction BH,False,1.1689935745674247,One-way ancova,0.646546541459216
2029434351138263296,CTR,CVD,13.619569751233046,1.243211638251347,11.987250195029183,0.23922026380686026,-2.981804027242463,0.05851254278027464,-1.1387751119898262,0.3819081004605631,-2.3541771352586762,0.0766269112790241,1.6323195562038624,3.10011032062281,8.89115525687937,0.05851254278027465,0.6465465414592163,FDR correction BH,False,1.2327510283386665,One-way ancova,0.646546541459216
3811831950304785792,CTR,CVD,11.052488918958069,0.7983390881676398,11.213265670425649,0.47773525712362336,2.7123512551660474,0.07301927298103808,0.542526268029114,0.20002065255958196,-0.09402871868967488,1.1790812547479028,-0.16077675146757997,0.8945433163650922,7.356849331400832,0.07301927298103815,0.6465465414592163,FDR correction BH,False,1.1365624954330626,One-way ancova,0.646546541459216
11575808248543389888,CTR,CVD,10.978189963331573,0.45761992471769325,11.736147408278875,0.2538722828142004,2.7223777356644527,0.07240408533480669,0.8725850808101678,0.3205231476069192,-0.14746262604955462,1.8926327876698903,-0.7579574449473014,0.5913329423622412,7.411340535641514,0.07240408533480672,0.6465465414592163,FDR correction BH,False,1.1402369284394906,One-way ancova,0.646546541459216
10716193084570800810,CTR,CVD,12.047996341770157,0.10254160979985742,12.19045705538642,0.033495781392878274,2.871882536943755,0.06395177633727324,0.17160260840395405,0.05975265568715523,-0.0185570099185558,0.3617622267264639,-0.14246071361626278,0.9059725766607127,8.247709306002498,0.06395177633727325,0.6465465414592163,FDR correction BH,False,1.194147387967788,One-way ancova,0.646546541459216
3907391259888927334,CTR,CVD,11.623855316831504,0.10035770883986503,12.068129506374776,0.19151295885287967,2.954839898979391,0.05979140952413873,0.4526894362971428,0.15320269516243598,-0.034869914882142805,0.9402487874764285,-0.4442741895432718,0.7349539741916243,8.73107882860054,0.05979140952413877,0.6465465414592163,FDR correction BH,False,1.223361208390519,One-way ancova,0.646546541459216
8123437440078169883,CTR,CVD,14.689790178694684,0.12419202989729848,14.853295904946513,0.06967056697374632,2.4777543106307505,0.08944762223057616,0.20041603376665293,0.08088616087025753,-0.056999830043526684,0.4578318975768325,-0.16350572625182913,0.8928528144302611,6.139266423849263,0.08944762223057623,0.6465465414592163,FDR correction BH,False,1.0484311997122067,One-way ancova,0.646546541459216
17360503207071755275,CTR,CVD,13.311719269713494,0.4310256342056008,13.531146727951539,0.055091242618646605,2.565767619476685,0.08279734219633555,0.38319715196449666,0.14934990567955397,-0.09210090355995304,0.8584952074889464,-0.21942745823804444,0.8589062306505321,6.583163477155058,0.08279734219633557,0.6465465414592163,FDR correction BH,False,1.0819836038913437,One-way ancova,0.646546541459216
1808085851845918088,CTR,CVD,13.922062467041881,0.19756754609386618,13.435187278600305,0.21006687503771676,-2.805386192068562,0.06755048241314067,-0.5334815925159835,0.19016333438307076,-1.1386661934239228,0.07170300839195587,0.4868751884415765,1.4014062042898159,7.870191686648945,0.06755048241314074,0.6465465414592163,FDR correction BH,False,1.1703715451080219,One-way ancova,0.646546541459216
8382461089549454341,CTR,CVD,12.388885743774688,0.06573091733155392,12.572265160949344,0.05802384351065937,3.2522245174037168,0.04740961353001686,0.19426082435322567,0.05973167698406814,0.004167969626844986,0.3843536790796064,-0.1833794171746561,0.8806377430369926,10.576964311601834,0.0474096135300169,0.6465465414592163,FDR correction BH,False,1.3241335849144371,One-way ancova,0.646546541459216
2228802971327460925,CTR,CVD,12.48289465926687,0.37380342228996183,10.699275438430845,0.9045098565196775,-2.534900113332273,0.08505825956811315,-1.763019274777752,0.6954985190561064,-3.9764059670785343,0.45036741752303033,1.7836192208360249,3.4428879313429053,6.425718584571969,0.0850582595681132,0.6465465414592163,FDR correction BH,False,1.0702835079104696,One-way ancova,0.646546541459216
7939233295536706460,CTR,CVD,11.898072222338948,0.19626697097021195,10.865047597746702,0.493433248124993,-2.693215276834994,0.07421148060781436,-1.0140349761108933,0.37651463840742966,-2.2122725959960583,0.18420264377427142,1.0330246245922456,2.0463098665425767,7.253408527377393,0.0742114806078144,0.6465465414592163,FDR correction BH,False,1.1295289036302,One-way ancova,0.646546541459216
9455525512590688387,CTR,CVD,14.402867681726079,0.3884215906792667,14.676592057821955,0.1078569206098264,2.9165622257958983,0.061667616782150186,0.4233783750206998,0.14516349806497422,-0.03859666305831666,0.8853534130997163,-0.27372437609587585,0.8271813846414076,8.506335216939524,0.061667616782150214,0.6465465414592163,FDR correction BH,False,1.2099428350723307,One-way ancova,0.646546541459216
13040237550061774239,CTR,CVD,13.771455690781728,0.28463666038640306,14.254050025628144,0.17677613892882804,2.9551133320750216,0.0597782661353727,0.567929897526946,0.1921854879007828,-0.04369009837215365,1.1795498934260458,-0.4825943348464161,0.7156894733360758,8.732694805407537,0.05977826613537274,0.6465465414592163,FDR correction BH,False,1.223456685796577,One-way ancova,0.646546541459216
9253977848788688241,CTR,CVD,10.65624689749758,0.5763071429570215,11.583230041431804,0.16608269052889954,2.77470978294525,0.06929561400404945,1.0473801067458515,0.3774737499336226,-0.1539098340722016,2.2486700475639045,-0.9269831439342244,0.5259570347083722,7.699014379572075,0.0692956140040495,0.6465465414592163,FDR correction BH,False,1.1592942527492227,One-way ancova,0.646546541459216
8361456515290302660,CTR,CVD,10.114976868341445,0.19032048535822524,10.535690656319684,0.24744708577745006,2.4891492135445272,0.08855060494534114,0.485147593310768,0.1949049862783927,-0.1351270601523828,1.1054222467739188,-0.42071378797823833,0.7470549198822356,6.195863807289338,0.0885506049453412,0.6465465414592163,FDR correction BH,False,1.0528084675227365,One-way ancova,0.646546541459216
705761449831239670,CTR,CVD,11.411484665235404,0.30182530206601277,11.85208178724068,0.19705491285638474,2.4341855945521917,0.09298160964129192,0.5246722675801739,0.21554324729980007,-0.16128254341804693,1.2106270785783948,-0.44059712200527557,0.7368295766004929,5.925259508725406,0.09298160964129197,0.6465465414592163,FDR correction BH,False,1.031602939844908,One-way ancova,0.646546541459216
17870447289388547016,CTR,CVD,11.939753478450518,0.21602285223121218,12.131739093212891,0.2020521437491825,2.8371044688460274,0.065803259406088,0.3018385272943755,0.10638964148442027,-0.03674079416823517,0.6404178487569862,-0.1919856147623733,0.8754000583408031,8.049161767146101,0.06580325940608805,0.6465465414592163,FDR correction BH,False,1.1817525941213032,One-way ancova,0.646546541459216
11589539820614859809,CTR,CVD,10.645078946825834,0.3541671355756833,11.164130083539932,0.21073381901976096,2.505842542793803,0.0872563075764785,0.6158158676707851,0.24575202038999716,-0.1662767416355042,1.3979084769770744,-0.5190511367140989,0.697830646827579,6.279246849275315,0.08725630757647854,0.6465465414592163,FDR correction BH,False,1.0592031689917554,One-way ancova,0.646546541459216
15397232289934824338,CTR,CVD,10.327624156840807,0.8034588448714853,11.893196868803342,0.25624703716158026,2.613142967559435,0.07946935965277732,1.5678923551700457,0.6000025159872484,-0.3415834349948348,3.477368145334926,-1.5655727119625347,0.33784356662882525,6.828516168905331,0.07946935965277736,0.6465465414592163,FDR correction BH,False,1.0998002864217091,One-way ancova,0.646546541459216
18006453152848834642,CTR,CVD,10.978217635698869,0.8873494215532203,11.86207437835953,0.2894187363189161,2.906258884347578,0.06218518516852516,1.1987218258859047,0.4124621630722357,-0.1139168610528869,2.5113605128246963,-0.8838567426606616,0.5419167922324855,8.446340702849229,0.062185185168525184,0.6465465414592163,FDR correction BH,False,1.2063130681372902,One-way ancova,0.646546541459216
4392881328512911232,CTR,CVD,11.210909343570565,0.2247555916674162,10.890289747549494,0.12031226939504057,-2.9498998041555415,0.06002949501132748,-0.39470461793161815,0.13380272013835703,-0.8205245902729168,0.03111535440968044,0.3206195960210714,1.2488667861052363,8.701908854556901,0.060029495011327524,0.6465465414592163,FDR correction BH,False,1.2216353100626896,One-way ancova,0.646546541459216
1300360175952543348,CTR,CVD,13.31921708565686,0.12879365198629586,13.684914213749371,0.18533811790229,2.9896936150704696,0.05814485287916993,0.41465622477961855,0.1386952237143687,-0.026733877490748403,0.8560463270499855,-0.36569712809251165,0.7760937662701995,8.938267911993137,0.058144852879169935,0.6465465414592163,FDR correction BH,False,1.2354887240156918,One-way ancova,0.646546541459216
12028287572269568371,CTR,CVD,9.608038965464315,0.7114937080523038,10.171291304060865,0.3299367202773215,2.5102401446321645,0.08691921315415,0.8344026320212496,0.3323995251233296,-0.22344100858573412,1.8922462726282334,-0.5632523385965502,0.6767747559987342,6.30130558372291,0.08691921315415002,0.6465465414592163,FDR correction BH,False,1.0608842138328465,One-way ancova,0.646546541459216
18338711857921288385,CTR,CVD,11.54941578216908,1.0410660544309809,12.672234210961678,0.31053289197798756,3.0885654327388967,0.053773984151528134,1.4884322504996876,0.48191702034940104,-0.04524279036486467,3.02210729136424,-1.1228184287925984,0.45919586987203476,9.539236432309611,0.05377398415152813,0.6465465414592163,FDR correction BH,False,1.2694277851534783,One-way ancova,0.646546541459216
5275773190977632009,CTR,CVD,12.130003000654513,1.103442947449529,12.850888127624764,0.2981059938585949,2.4566810682426676,0.0911360302032272,1.1271102019531947,0.4587938648297754,-0.33297663806141164,2.587197041967801,-0.7208851269702503,0.6067250880289536,6.035281871061934,0.0911360302032273,0.6465465414592163,FDR correction BH,False,1.0403098927865013,One-way ancova,0.646546541459216
9990041815535007014,CTR,CVD,10.430036618793261,0.0941778252268987,10.625676752484283,0.07716870263978907,2.692212386648392,0.07427462542339976,0.21561496885021303,0.08008839492735487,-0.03926204768249436,0.4704919853829204,-0.19564013369102184,0.873185371607302,7.2480075348230315,0.07427462542339978,0.6465465414592163,FDR correction BH,False,1.129159529722356,One-way ancova,0.646546541459216
5013418918529676476,CTR,CVD,13.679480428314926,0.13474043550974119,13.353717100715416,0.08319847113738922,-2.8552401824680245,0.06482954094092103,-0.3026699019598876,0.10600505828489164,-0.640025308040084,0.03468550412030874,0.32576332759951043,1.253327396710632,8.152396499580039,0.06482954094092105,0.6465465414592163,FDR correction BH,False,1.1882270536328008,One-way ancova,0.646546541459216
4921102170480620306,CTR,CVD,13.906801633205575,0.08611839571385785,14.350787410368284,0.22283991594391706,2.5417149937530805,0.08455263184159056,0.42240468748976034,0.16618884828862746,-0.10648239872582899,0.9512917737053497,-0.44398577716270893,0.7351009151655548,6.460315109469221,0.08455263184159063,0.6465465414592163,FDR correction BH,False,1.0728728697162566,One-way ancova,0.646546541459216
10454205348010626739,CTR,CVD,12.350812680595423,0.2538477810307526,12.66360629189433,0.0756969122956649,2.943947319302105,0.060317952164793825,0.39323324078253796,0.13357346383350305,-0.031857135678414916,0.8183236172434909,-0.3127936112989076,0.8050813025000044,8.66682581882605,0.06031795216479386,0.6465465414592163,FDR correction BH,False,1.219553411478915,One-way ancova,0.646546541459216
328576330060526297,CTR,CVD,12.581198968308888,0.24629119029842458,12.746607196149869,0.2081088151416105,2.7476308615735596,0.07088291292337771,0.28877936239294155,0.10510122245007777,-0.04569963467416788,0.6232583594600509,-0.16540822784098097,0.8916761732667601,7.549475351471462,0.07088291292337774,0.6465465414592163,FDR correction BH,False,1.1494584434833797,One-way ancova,0.646546541459216
6107246451585989237,CTR,CVD,10.478998283322046,0.3128273240690099,10.234895350513028,0.1000359112551228,-2.6366198203630744,0.07788135446415527,-0.358996171640249,0.13615773076863755,-0.7923108388607889,0.07431849558029097,0.2441029328090174,1.1843561097890563,6.951764077131411,0.07788135446415531,0.6465465414592163,FDR correction BH,False,1.108566504106379,One-way ancova,0.646546541459216
178551206874267324,CTR,CVD,9.482295991956475,1.0490221535876452,10.13927096400838,0.358124354914033,2.7226221011700265,0.07238917240065852,1.070573625450268,0.3932141831178837,-0.18080939879861058,2.3219566496991466,-0.6569749720519056,0.6342067018181246,7.41267110577949,0.07238917240065858,0.6465465414592163,FDR correction BH,False,1.1403263884755963,One-way ancova,0.646546541459216
16037147596344325945,CTR,CVD,11.08389796458647,0.30196973777715125,10.494917516370103,0.19836240654349477,-2.9042713039353862,0.062285651797036976,-0.6611926842868223,0.22766216206829018,-1.3857152908140795,0.06332992224043488,0.5889804482163665,1.5041833661609227,8.434791806862549,0.062285651797036996,0.6465465414592163,FDR correction BH,False,1.2056119864555548,One-way ancova,0.646546541459216
5765206607004339118,CTR,CVD,14.409412607375964,0.45724359753084265,13.090476905847096,0.9466679378859897,-2.9429770185789867,0.06036513734546418,-1.6243521067118616,0.5519418250490377,-3.3808773285710245,0.13217311514730135,1.3189357015288685,2.4948199514563125,8.66111373188406,0.06036513734546425,0.6465465414592163,FDR correction BH,False,1.2192138069043204,One-way ancova,0.646546541459216
11637901324333383167,CTR,CVD,12.97489267354023,0.24376640314588013,13.492605052181466,0.12990430103311135,2.5640058912272012,0.08292437705858074,0.49132243368714973,0.19162297378809445,-0.1185073912523546,1.101152258626654,-0.5177123786412352,0.6984785037760206,6.574126210247794,0.0829243770585808,0.6465465414592163,FDR correction BH,False,1.0813177822870703,One-way ancova,0.646546541459216
6267764597219140169,CTR,CVD,13.562485079463565,0.2199843772972342,12.32826067349104,0.8650001902488543,-2.6690172354749606,0.07575380249967571,-1.43768766811318,0.5386580682223803,-3.1519380471390526,0.27656271091269247,1.234224405972526,2.352548402481404,7.1236530032624,0.07575380249967574,0.6465465414592163,FDR correction BH,False,1.1205955626516724,One-way ancova,0.646546541459216
11771492047674946313,CTR,CVD,14.702475779513797,1.8136108263073782,11.635315119648771,1.1935268105038772,-2.8793707111021623,0.06356167198608162,-3.6123795487511114,1.2545725824127623,-7.604989428361543,0.38023033085932,3.067160659865026,8.381222305562664,8.29077569195297,0.06356167198608166,0.6465465414592163,FDR correction BH,False,1.1968046872233347,One-way ancova,0.646546541459216
4719320995379909930,CTR,CVD,17.067385944224522,0.0830603741741329,17.235078950994307,0.11758095223722143,3.446458660870219,0.04104235834785946,0.21662036782810992,0.06285302948430377,0.016593976369864566,0.4166467592863553,-0.1676930067697846,0.8902651539485873,11.878077301087341,0.04104235834785948,0.6465465414592163,FDR correction BH,False,1.3867676920474399,One-way ancova,0.646546541459216
15338075851667105007,CTR,CVD,12.623428848028865,0.13855692605400213,12.303617693269919,0.09741430308784854,-2.623133660366634,0.07878873499309233,-0.2917473751702057,0.11122093379314432,-0.6457020249904635,0.06220727465005205,0.3198111547589466,1.2481671561897525,6.880830200148455,0.07878873499309239,0.6465465414592163,FDR correction BH,False,1.1035358723590263,One-way ancova,0.646546541459216
7699685566784569208,CTR,CVD,10.858816618436768,0.775501176538696,11.260176468811716,0.2570676227651304,2.589211338957569,0.08112945607270149,0.7112819275761755,0.27470987666172575,-0.16296750443102914,1.58553135958338,-0.4013598503749485,0.7571442804363898,6.704015357786447,0.08112945607270153,0.6465465414592163,FDR correction BH,False,1.090821435712227,One-way ancova,0.646546541459216
16480448419550446755,CTR,CVD,13.964307932931066,0.20296018719863732,14.1653551236544,0.08135835506528188,2.4968487454168136,0.08795072696260482,0.26895663792712204,0.10771843445495677,-0.07385149581506018,0.6117647716693042,-0.20104719072333488,0.8699188970945051,6.234253657489514,0.08795072696260489,0.6465465414592163,FDR correction BH,False,1.0557605665016532,One-way ancova,0.646546541459216
3638756696938719275,CTR,CVD,13.622040028957437,0.11227090620231735,12.745558494840246,0.5348290784187418,-2.6370473734474724,0.07785279937525742,-0.9594416745661524,0.3638317931739893,-2.1173168204976625,0.19843347136535783,0.8764815341171914,1.8358924355607866,6.954018849806211,0.07785279937525749,0.6465465414592163,FDR correction BH,False,1.1087257667648498,One-way ancova,0.646546541459216
2515181210657920578,CTR,CVD,12.835407370481464,0.713846659797233,13.348250396410025,0.7716945553297471,2.458847808435455,0.09096064059224394,0.9065445377929903,0.3686867217576256,-0.26678115767193245,2.079870233257913,-0.5128430259285608,0.7008399760810583,6.045932545047843,0.0909606405922439,0.6465465414592163,FDR correction BH,False,1.0411464897814358,One-way ancova,0.646546541459216
9817065906125647710,CTR,CVD,10.463231425198797,0.9254240577474322,13.20814460098824,0.633798645201939,3.455225474961738,0.040781395714342646,2.7565898023909456,0.7978031599866783,0.21762408354723162,5.295555521234659,-2.744913175789442,0.149175945309112,11.938583082824566,0.04078139571434268,0.6465465414592163,FDR correction BH,False,1.3895379148829239,One-way ancova,0.646546541459216
8361543175644692425,CTR,CVD,11.168701212566559,0.7742088669190036,10.503148670080135,0.7484992877595297,-3.3266094499989727,0.044832393830924966,-1.0849893192456146,0.3261547036265257,-2.1229591507529353,-0.04701948773829412,0.6655525424864237,1.5861756514964243,11.066330432822467,0.044832393830924994,0.6465465414592163,FDR correction BH,False,1.348408071310311,One-way ancova,0.646546541459216
12058773879830282627,CTR,CVD,12.872865466346761,0.4399634312160174,12.058518002366485,0.3382747716849899,-2.5701583737003513,0.08248177426142116,-0.9167895148327545,0.3567054560582658,-2.0519854755401203,0.21840644587461155,0.8143474639802761,1.7585025950593507,6.605714065902033,0.08248177426142121,0.6465465414592163,FDR correction BH,False,1.0836420055366525,One-way ancova,0.646546541459216
13230151192053781295,CTR,CVD,13.009079285092275,0.2694090063639135,12.251405716878276,0.3103205777422804,-2.5383657756528146,0.08480066296232827,-0.6967156746795916,0.2744741050963827,-1.5702147763397791,0.17678342698059601,0.757673568213999,1.6907619707542771,6.443300811005515,0.08480066296232833,0.6465465414592163,FDR correction BH,False,1.0716007524631517,One-way ancova,0.646546541459216
14357704322485598398,CTR,CVD,12.98671614017312,0.062850684106359,13.073367200400634,0.0901505381482216,2.4397321595782864,0.09252234663206639,0.12284204361447232,0.05035062686377257,-0.037396122816887256,0.2830802100458319,-0.08665106022751345,0.941706204294954,5.952293010480528,0.09252234663206649,0.6465465414592163,FDR correction BH,False,1.0337533608081046,One-way ancova,0.646546541459216
615726053327023713,CTR,CVD,11.99420198136533,0.09711165895762842,12.166058770080104,0.049893678164331476,3.422669348478244,0.04176128109174283,0.2023419855951514,0.05911818086813289,0.014201549316235074,0.39048242187406773,-0.1718567887147735,0.8876994517123814,11.71466546901249,0.04176128109174284,0.6465465414592163,FDR correction BH,False,1.379226187148015,One-way ancova,0.646546541459216
11578764696710766840,CTR,CVD,14.110726628679624,0.07809984145455307,14.999042485017222,0.4641731782482921,2.808266980693196,0.06738942397872963,0.9249590129497391,0.3293700418474533,-0.12324345979901152,1.9731614856984898,-0.8883158563375986,0.5402444096991479,7.8863634348516785,0.06738942397872971,0.6465465414592163,FDR correction BH,False,1.1714082558100507,One-way ancova,0.646546541459216
7449668283508355043,CTR,CVD,11.387888930740345,0.7975804758777799,11.763730269981595,0.2245100162410337,2.567845202745285,0.08264783928994708,0.6929379921368406,0.26985193320688494,-0.16585129567122603,1.5517272799449073,-0.37584133924124963,0.7706558567745726,6.5938289852619745,0.08264783928994714,0.6465465414592163,FDR correction BH,False,1.0827684959548354,One-way ancova,0.646546541459216
13472824108169486513,CTR,CVD,10.980556874346943,0.046433450270071126,11.001809078133478,0.042108100358738146,2.6175768287791183,0.07916640691755954,0.046046176443062095,0.01759114610765362,-0.009936701492955814,0.10202905437908,-0.021252203786534807,0.9853770638373279,6.851708454561345,0.07916640691755963,0.6465465414592163,FDR correction BH,False,1.1014590656992693,One-way ancova,0.646546541459216
13776808723889847207,CTR,CVD,12.099230505236287,1.5543253298955693,13.052179638408688,0.16810071928918485,2.939218980126441,0.06054832550103854,1.5459170613004165,0.5259618530477486,-0.1279282946518554,3.2197624172526886,-0.9529491331724014,0.5165754070390346,8.639008213135515,0.06054832550103857,0.6465465414592163,FDR correction BH,False,1.2178978630199337,One-way ancova,0.646546541459216
10801136516240181289,CTR,CVD,11.20706771598437,0.743321993403676,11.657829881022527,0.2965837604870913,3.1417449461608107,0.05159376571766619,0.7623992564142704,0.24266745693214742,-0.009876895312170064,1.534675408140711,-0.4507621650381566,0.7316562173279464,9.870561306726996,0.0515937657176662,0.6465465414592163,FDR correction BH,False,1.2874027727524309,One-way ancova,0.646546541459216
4071045025638850187,CTR,CVD,13.28931439324056,0.08619809960505265,13.425600344633017,0.0869504006527889,3.2606218525212283,0.04710943268347826,0.17743865636065054,0.054418655209419235,0.004254208150896083,0.350623104570405,-0.13628595139245725,0.9098584664350006,10.631654865138968,0.04710943268347826,0.6465465414592163,FDR correction BH,False,1.3268921257324395,One-way ancova,0.646546541459216
3575302419444990085,CTR,CVD,13.205537517745698,0.9127177494660275,13.889608167521109,0.37269425382269133,3.0045060593099944,0.05746232451843274,1.051806114661525,0.35007621682183576,-0.06229264813101887,2.165904877454069,-0.6840706497754105,0.6224066372606413,9.027056660430471,0.05746232451843277,0.6465465414592163,FDR correction BH,False,1.2406168095116832,One-way ancova,0.646546541459216
11601493504084480031,CTR,CVD,17.120553784177897,0.061977895159034964,16.880138342297894,0.09494974653242917,-3.131634297199598,0.0519995757371397,-0.2146875273833225,0.06855446933101435,-0.4328584450165324,0.003483390249887419,0.2404154418800033,1.1813327918427121,9.80713337139682,0.05199957573713974,0.6465465414592163,FDR correction BH,False,1.2840001997454078,One-way ancova,0.646546541459216
10999566382468371524,CTR,CVD,14.066429967885824,0.029028598692970135,13.719109962964767,0.1504237347237716,-3.1288666910547493,0.05211135994616994,-0.3357599564533024,0.10731040648462938,-0.6772695630888637,0.005749650182258759,0.3473200049210572,1.272195161706055,9.789806770391895,0.05211135994616995,0.6465465414592163,FDR correction BH,False,1.2830675929355115,One-way ancova,0.646546541459216
17122567037366920134,CTR,CVD,12.996681502409764,0.5329522173800012,11.99816831092611,0.7529588402309495,-2.6398838985703716,0.0776636829440873,-1.2688977090621743,0.48066421017581323,-2.7985857488185695,0.260790330694221,0.9985131914836547,1.9979399074621877,6.968986997931103,0.07766368294408738,0.6465465414592163,FDR correction BH,False,1.1097820183178029,One-way ancova,0.646546541459216
2521900324198375387,CTR,CVD,17.910214686959293,0.27680549928777426,17.347076290979842,0.1552753172092127,-2.419716740475056,0.09419281755859658,-0.5277424137812052,0.21810090617366848,-1.2218368368127461,0.16635200925033566,0.5631383959794505,1.4774797896227105,5.855029104135232,0.09419281755859661,0.6499304411543166,FDR correction BH,False,1.0259822120010944,One-way ancova,0.6499304411543164
3762897620513405927,CTR,CVD,10.555202396226754,0.12622824279639472,10.798006790368289,0.057067812971571014,2.406623651382348,0.09530548990887774,0.23532598165911417,0.09778262651243562,-0.07586197680637757,0.546513940124606,-0.24280439414153498,0.8451009585171297,5.791837399392904,0.09530548990887779,0.6525879728875067,FDR correction BH,False,1.0208820818542181,One-way ancova,0.6525879728875064
2716978350668789569,CTR,CVD,9.866934396449308,0.933944711337024,10.491705660839488,0.21143680136574441,2.3770935827255943,0.09787438497503347,0.9572479868402193,0.40269680327125834,-0.3243129668801805,2.2388089405606193,-0.6247712643901799,0.6485225907734059,5.6505739010352025,0.09787438497503353,0.6651009342621597,FDR correction BH,False,1.0093309539535498,One-way ancova,0.6651009342621592
15756805090958850402,CTR,CVD,10.97782242814977,0.4347104727905756,9.950636862108368,0.6033425158975223,-2.362124527532323,0.09920875586901108,-1.151560644406952,0.4875105571212076,-2.7030368157044116,0.3999155268905079,1.0271855660414015,2.0380445189922027,5.579632283569798,0.09920875586901118,0.6690996542443837,FDR correction BH,False,1.0034499966181334,One-way ancova,0.669099654244383
5811782903265512622,CTR,CVD,12.311980709162631,0.950479555112752,10.178105337978714,0.9549730665454926,-2.3340450463527147,0.1017719642965399,-2.2153051173028278,0.9491269762614756,-5.235850756151785,0.8052405215461294,2.133875371183917,4.388948589733543,5.4477662784036465,0.10177196429653994,0.6760170543603305,FDR correction BH,False,0.9923718431015867,One-way ancova,0.6760170543603299
6285501218801959176,CTR,CVD,12.071624237826192,0.1287178656687775,12.193640409098565,0.01993805352614639,2.318251517975822,0.10324898154667245,0.1595599207805208,0.06882770033505266,-0.05948053985197993,0.37860038141302155,-0.12201617127237263,0.9189025833762414,5.374290100597201,0.10324898154667254,0.6760170543603305,FDR correction BH,False,0.9861142235538055,One-way ancova,0.6760170543603299
12682437129173829224,CTR,CVD,12.465165783317024,0.11583485717225792,12.662872358764988,0.11185672763143799,2.3258389321726605,0.10253618230446625,0.23186382952418666,0.09969040689657442,-0.08539553757610141,0.5491231966244747,-0.19770657544796322,0.8719355613397117,5.409526738410061,0.10253618230446632,0.6760170543603305,FDR correction BH,False,0.9891228565364375,One-way ancova,0.6760170543603299
13077791047408293927,CTR,CVD,10.321001137470619,0.17946561781166398,10.831165723681115,0.24269397488850272,2.3183587338811273,0.10323886739563509,0.49401874863218415,0.213089864572061,-0.1841283035686953,1.1721658008330635,-0.5101645862104967,0.7021423311698385,5.3747872189629025,0.10323886739563515,0.6760170543603305,FDR correction BH,False,0.9861567686237519,One-way ancova,0.6760170543603299
12355137377157075016,CTR,CVD,12.135259734090189,1.2601778030724249,10.406038612410896,1.4538730078160764,-2.173519871063646,0.11806500375574654,-2.265940178843077,1.0425210319030596,-5.5837073850041055,1.0518270273179522,1.7292211216792932,3.3154877433814645,4.724188629908527,0.11806500375574666,0.6766951504396338,FDR correction BH,False,0.9278788147328207,One-way ancova,0.6766951504396332
6659440436530636165,CTR,CVD,10.78506087959178,0.11585411858374417,10.969245135696966,0.10187706565708322,2.0885850585062675,0.12794954379930543,0.2104935236540823,0.10078283515282106,-0.11024243771408604,0.5312294850222506,-0.18418425610518518,0.8801465970538664,4.36218754661563,0.12794954379930545,0.6766951504396338,FDR correction BH,False,0.8929612582394569,One-way ancova,0.6766951504396332
1770658680585450372,CTR,CVD,18.04923704284508,0.4214571760276455,17.41649908318402,0.5017075173180577,-2.124064623898451,0.12370478961279745,-0.7992448439309678,0.37628085084532664,-1.9967384474528964,0.39824875959096073,0.632737959661057,1.5505047650255475,4.511650526496868,0.12370478961279754,0.6766951504396338,FDR correction BH,False,0.9076134849938456,One-way ancova,0.6766951504396332
14005186330834487628,CTR,CVD,11.813300389103304,0.07951112015961906,11.948767502698862,0.06769323192580748,2.1802886049912353,0.11731728071080522,0.15142882129645413,0.06945356727077096,-0.06960342725322291,0.37246106984613114,-0.13546711359555808,0.9103750260337238,4.753658401054627,0.11731728071080531,0.6766951504396338,FDR correction BH,False,0.9306380120568002,One-way ancova,0.6766951504396332
8547879664237558222,CTR,CVD,10.752259503177337,0.26823511782605464,10.943669846217022,0.12718873711310777,2.2331810471522298,0.11166607093271823,0.29180437639808815,0.1306675859398858,-0.12403819969671537,0.7076469524928917,-0.19141034303968496,0.8757491919428451,4.987097589359929,0.1116660709327183,0.6766951504396338,FDR correction BH,False,0.9520787646200407,One-way ancova,0.6766951504396332
14366527891851499986,CTR,CVD,14.20801640587567,0.11459792340508292,14.411118943473719,0.10302122070346899,2.1844271003227727,0.11686290942038198,0.22546895868249894,0.103216517799648,-0.10301206703329818,0.553949984398296,-0.20310253759804908,0.868680442669389,4.771721756624557,0.11686290942038198,0.6766951504396338,FDR correction BH,False,0.9323233056905752,One-way ancova,0.6766951504396332
2809433069393767225,CTR,CVD,11.539920152456515,0.05880294091241022,11.29126555310909,0.19013397593741133,-2.1509097831399235,0.12060440137930162,-0.281415305181201,0.1308354759400404,-0.6977921821866907,0.1349615718242887,0.24865459934742518,1.1880986241677207,4.626412895207033,0.12060440137930167,0.6766951504396338,FDR correction BH,False,0.9186368426115917,One-way ancova,0.6766951504396332
12245142220474720857,CTR,CVD,14.373569446615091,0.3783732864689199,14.811733505381596,0.15261266583615654,2.2617702534123505,0.10874797933363868,0.5385936535412476,0.23812924974526797,-0.21923989749069406,1.296427204573189,-0.438164058766505,0.7380732666862407,5.115604679220968,0.10874797933363871,0.6766951504396338,FDR correction BH,False,0.9635788040046219,One-way ancova,0.6766951504396332
4896509237602785775,CTR,CVD,11.813984556089606,0.271420342212147,12.16527153692227,0.30715631122401604,2.0776336174753123,0.12929463500844832,0.4645574704687333,0.22359932307663166,-0.24703536912055535,1.176150310058022,-0.35128698083266485,0.7838845082947452,4.316561448463552,0.12929463500844846,0.6766951504396338,FDR correction BH,False,0.8884194954952152,One-way ancova,0.6766951504396332
2097715157371182804,CTR,CVD,10.682512732562536,1.283812536335778,11.450227574850624,0.5461602724519864,2.1050458920517947,0.12595895188079845,1.2491317262320114,0.5933988094741626,-0.6393281225391174,3.1375915750031402,-0.767714842288088,0.587347066961288,4.431218207644135,0.12595895188079853,0.6766951504396338,FDR correction BH,False,0.8997709618357435,One-way ancova,0.6766951504396332
12782703120793598213,CTR,CVD,11.98764497812054,0.11211673776085812,10.666875736311672,0.8573203318167939,-2.0983113829664695,0.12676886103340335,-1.1540610158364064,0.5499951176001642,-2.9043909457674326,0.5962689140946198,1.3207692418088683,2.4979926669487296,4.402910659886657,0.12676886103340343,0.6766951504396338,FDR correction BH,False,0.8969874116132331,One-way ancova,0.6766951504396332
8101773944477537493,CTR,CVD,12.58511468420985,0.17766101050053382,12.946414975921003,0.21053274032650443,2.081484828196178,0.12881970917302993,0.39305917866279044,0.188835956591342,-0.20790111369614533,0.9940194710217263,-0.36130029171115297,0.7784626400376652,4.332579090010873,0.12881970917302996,0.6766951504396338,FDR correction BH,False,0.890017685654342,One-way ancova,0.6766951504396332
8254062369516875222,CTR,CVD,12.470676131438756,0.31566817618356346,12.749283467468821,0.28927542673798184,2.1872767030626328,0.11655127430189603,0.42137606396242755,0.19264872312333195,-0.1917181531591512,1.0344702810840063,-0.27860733603006516,0.8243864309108153,4.784179375760542,0.11655127430189613,0.6766951504396338,FDR correction BH,False,0.933482973801437,One-way ancova,0.6766951504396332
8926292004105288105,CTR,CVD,14.096530601996806,0.1283533848058072,14.186040771523155,0.05827264553158435,2.1782642834295425,0.11754030529003136,0.13681432715886685,0.062808874111208,-0.06307154219541145,0.33670019651314514,-0.08951016952634916,0.9398417944694749,4.744835288464819,0.11754030529003141,0.6766951504396338,FDR correction BH,False,0.9298131856175038,One-way ancova,0.6766951504396332
2536272267238721187,CTR,CVD,14.920388619624319,0.1657018874129887,15.107119246322357,0.11611956801195478,2.180198614954411,0.11732718435622035,0.24214360542066973,0.11106492947924979,-0.11131456904722595,0.5956017798885654,-0.1867306266980382,0.8785944999992448,4.753266000649132,0.11732718435622036,0.6766951504396338,FDR correction BH,False,0.9306013514984032,One-way ancova,0.6766951504396332
3122042283671499209,CTR,CVD,12.87545663416583,0.8146541220250558,13.414092558218845,0.14093746699558557,2.0975648005284957,0.1268590282320322,0.8076669640773123,0.3850498272443431,-0.41773343598679114,2.0330673641414156,-0.5386359240530147,0.6884215076998955,4.399778092416149,0.12685902823203224,0.6766951504396338,FDR correction BH,False,0.8966786197167557,One-way ancova,0.6766951504396332
8019692937577319679,CTR,CVD,11.837723358851306,0.24605392659897185,12.164085173362395,0.19097013508952876,2.136187721529196,0.12229302646721896,0.398659393895747,0.18662189182997715,-0.19525475624372313,0.9925735440352171,-0.32636181451108826,0.7975451978007279,4.563297981612099,0.12229302646721901,0.6766951504396338,FDR correction BH,False,0.9125983070941621,One-way ancova,0.6766951504396332
2592976800634892982,CTR,CVD,10.324464507945963,0.6917627628598624,10.897224903072562,0.2945754464359756,2.09816670339033,0.12678632849641258,0.7998173110407669,0.38119817159827163,-0.41332540174326904,2.012960023824803,-0.5727603951265987,0.6723291491992814,4.402303515215845,0.12678632849641264,0.6766951504396338,FDR correction BH,False,0.8969275743618338,One-way ancova,0.6766951504396332
5763491595304567333,CTR,CVD,11.029626544718539,1.3994612618824365,12.47772199280231,0.3335740982030576,2.2758798642368934,0.10734175025297664,1.830965196348031,0.8045087199547577,-0.7293406070409596,4.391270999737022,-1.4480954480837713,0.3665049406858365,5.179629156438941,0.10734175025297664,0.6766951504396338,FDR correction BH,False,0.9692313276346683,One-way ancova,0.6766951504396332
3197537904778322256,CTR,CVD,13.853812939086785,0.11186666635606606,14.105538098376778,0.11077242303725353,2.195376400486998,0.11567091423650984,0.24450238924088047,0.11137151204988939,-0.10993146779621177,0.5989362462779727,-0.2517251592899932,0.8398914812841224,4.819677539815246,0.11567091423650992,0.6766951504396338,FDR correction BH,False,0.936775831839962,One-way ancova,0.6766951504396332
12505971645797901456,CTR,CVD,11.350629055138675,0.2526324134890925,11.609416753787494,0.24604843555185024,2.2592395284970626,0.10900254978422011,0.37307396619347766,0.16513254194063323,-0.1524514817876892,0.8985994141746445,-0.2587876986488187,0.8357899414468127,5.104163247123631,0.10900254978422019,0.6766951504396338,FDR correction BH,False,0.9625633429376782,One-way ancova,0.6766951504396332
16306632827137624807,CTR,CVD,11.250546375093409,0.1358553055343021,11.387894387351134,0.06195811122043559,2.2525267829312017,0.1096812886038377,0.17977018545002077,0.07980823438471472,-0.07421523519887507,0.4337556060989166,-0.13734801225772486,0.9091889074201586,5.073876907822389,0.10968128860383777,0.6766951504396338,FDR correction BH,False,0.9598674558275099,One-way ancova,0.6766951504396332
14081430642739103328,CTR,CVD,11.086297290692746,0.25559607938088247,11.256304074584705,0.24082724874481598,2.1909633405104048,0.11614957839288077,0.2969907610973196,0.1355525925998072,-0.13439808639363976,0.728379608588279,-0.17000678389195834,0.8888385016287127,4.800320359460513,0.11614957839288079,0.6766951504396338,FDR correction BH,False,0.934982362290588,One-way ancova,0.6766951504396332
3356835014056387415,CTR,CVD,11.700856747323582,0.2806584368389461,11.570993502873966,0.06701638791717072,-2.2722974407255307,0.10769670082968458,-0.2368655407044811,0.10424055251712618,-0.5686055019233994,0.09487442051443726,0.1298632444496164,1.0941899761902607,5.163335659127798,0.10769670082968458,0.6766951504396338,FDR correction BH,False,0.9677976006333919,One-way ancova,0.6766951504396332
18181004862000218578,CTR,CVD,11.823584297006704,0.2113048531767279,12.021636143431136,0.24509073442888185,2.09528791729708,0.12713448669786578,0.30578721122997093,0.14594042599378718,-0.15866035826556846,0.7702347807255103,-0.1980518464244323,0.8717269115472366,4.390231456371134,0.1271344866978659,0.6766951504396338,FDR correction BH,False,0.8957366260706616,One-way ancova,0.6766951504396332
10446039624669002520,CTR,CVD,10.9845964043297,0.25084858298532625,10.387343841147015,0.25164361173154765,-2.3031244596536853,0.10468809528744609,-0.5401889147129254,0.2345461238313418,-1.2866193599187243,0.20624153049287353,0.5972525631826855,1.5128328158473643,5.30438227665508,0.10468809528744616,0.6766951504396338,FDR correction BH,False,0.9801027017492774,One-way ancova,0.6766951504396332
7198989523375123698,CTR,CVD,13.829722673461163,0.20947135695982777,14.065771715649689,0.08132072584310056,2.300049146389079,0.10498362953811861,0.2941051993444385,0.12786909349574713,-0.11283132481114988,0.7010417235000269,-0.23604904218852596,0.8490673832226289,5.2902260758051325,0.10498362953811864,0.6766951504396338,FDR correction BH,False,0.9788784166971561,One-way ancova,0.6766951504396332
15873245127269939143,CTR,CVD,11.468550605161928,0.6779472926005041,12.530052562966473,0.11538014673694748,2.0865788752684513,0.1281947002431898,0.9642206814406554,0.4621060305312458,-0.5064069480730847,2.4348483109543957,-1.0615019578045448,0.4791329851974903,4.353811402716555,0.1281947002431899,0.6766951504396338,FDR correction BH,False,0.8921299288165332,One-way ancova,0.6766951504396332
13636006035960695619,CTR,CVD,16.351968652259263,0.2698023679973965,15.545436363728617,0.7196061893712055,-2.0739045385809667,0.12975648369633994,-0.9753044045708101,0.47027449259460385,-2.4719277259979386,0.5213189168563184,0.8065322885306454,1.7490024237468367,4.301080035146732,0.12975648369634005,0.6766951504396338,FDR correction BH,False,0.8868709320290957,One-way ancova,0.6766951504396332
17029328448800864811,CTR,CVD,16.02074530717852,0.050646317982476964,16.164646821331726,0.0822906678429412,2.1296695917809187,0.12304967284853735,0.1201215350396271,0.05640383630550711,-0.05938064541469239,0.29962371549394656,-0.14390151415320673,0.9050682454271318,4.535492570156305,0.12304967284853746,0.6766951504396338,FDR correction BH,False,0.9099195366159032,One-way ancova,0.6766951504396332
1073302327392213054,CTR,CVD,11.781505135366105,0.012906972551039203,12.085831061669154,0.19229708667925657,2.13804831781711,0.12207806264070867,0.2778726264242563,0.12996555040812025,-0.1357357592863016,0.6914810121348143,-0.3043259263030489,0.8098205024486338,4.571250609320573,0.12207806264070874,0.6766951504396338,FDR correction BH,False,0.9133623715183393,One-way ancova,0.6766951504396332
13448948324435454234,CTR,CVD,13.980850542166024,0.14896876973539755,14.221944363233119,0.17725692233906185,2.2583552475064192,0.10909167078894773,0.30002722911031554,0.13285209642796145,-0.12276743431611897,0.72282189253675,-0.24109382106709454,0.846103571166006,5.100168423939781,0.10909167078894777,0.6766951504396338,FDR correction BH,False,0.9622084067763484,One-way ancova,0.6766951504396332
17570636527670810205,CTR,CVD,10.282725175589926,0.11391293296905214,9.8514984541084,0.2510212724245357,-2.1141237303040494,0.1248769615408404,-0.4003572908845834,0.18937268672870186,-1.0030256980860948,0.202311116316928,0.43122672148152574,1.3483796147722162,4.46951914703471,0.12487696154084046,0.6766951504396338,FDR correction BH,False,0.9035176769067232,One-way ancova,0.6766951504396332
2411857090681117628,CTR,CVD,11.328962744621379,1.2226497810487647,12.464783032192294,0.30566776865523027,2.1280094595145025,0.12324327893792986,1.4786836245661183,0.6948670354611463,-0.7326934051010354,3.690060654233272,-1.1358202875709154,0.455076096048369,4.528424259783205,0.12324327893792994,0.6766951504396338,FDR correction BH,False,0.9092367556187623,One-way ancova,0.6766951504396332
3772910265331616931,CTR,CVD,17.81440914761067,0.11648981803342501,18.08611321954731,0.12796727115295528,2.1222717434409692,0.12391522221922045,0.2513607355302025,0.11843946766338977,-0.1255665107349872,0.6282879817953921,-0.2717040719366395,0.8283405545345758,4.504037353007971,0.12391522221922058,0.6766951504396338,FDR correction BH,False,0.9068753399537393,One-way ancova,0.6766951504396332
526153135541521999,CTR,CVD,14.623673443781692,0.29705728485927624,14.404528075386038,0.17455978615967244,-2.049362620327073,0.1328453544259536,-0.3307721510660811,0.16140245156481417,-0.8444267867123461,0.1828824845801839,0.21914536839565457,1.164043819519782,4.199887149593848,0.13284535442595372,0.6770584256822755,FDR correction BH,False,0.8766536281746657,One-way ancova,0.6770584256822749
16957871489002120517,CTR,CVD,11.778757265978351,0.13838477419029474,11.946795331432382,0.10516367422458613,2.058082835953057,0.13173792971398587,0.21021337657832917,0.10214038662879356,-0.114842919468781,0.5352696726254393,-0.16803806545403077,0.890052248947792,4.235704959644579,0.1317379297139859,0.6770584256822755,FDR correction BH,False,0.8802891658592593,One-way ancova,0.6770584256822749
15313055772858059471,CTR,CVD,14.226626470459871,0.9520300164635366,13.150221550382867,0.8612375561186221,-2.0513837484794353,0.13258770160257852,-1.4325766056647478,0.6983464730704964,-3.655026758696245,0.7898735473667493,1.076404920077005,2.1087746316390255,4.208175283525538,0.13258770160257857,0.6770584256822755,FDR correction BH,False,0.8774967577852529,One-way ancova,0.6770584256822749
6740327703034796392,CTR,CVD,10.855375800973171,0.35136493825332726,11.205310021616826,0.18354712732713357,2.064175541955289,0.13097068058527833,0.456014043842511,0.22091824778165517,-0.24704641758009083,1.1590745052651128,-0.34993422064365554,0.7846198716480102,4.260820668006413,0.1309706805852784,0.6770584256822755,FDR correction BH,False,0.882825915681405,One-way ancova,0.6770584256822749
15153215713959519469,CTR,CVD,14.818507048743607,0.7621768976323862,15.079461306061711,0.264945709168524,2.0404891253918405,0.13398358835411558,0.5651874309937361,0.2769862499929774,-0.31630643691095794,1.4466812988984303,-0.2609542573181045,0.834535740869119,4.163595870842359,0.13398358835411564,0.6790015748793318,FDR correction BH,False,0.8729483950960251,One-way ancova,0.6790015748793315
114677314367102567,CTR,CVD,11.282990182455647,0.7765708444586795,11.45285001250712,0.5155515568839146,1.9637181815594573,0.14432778473328023,0.5355872753426406,0.27274141491999226,-0.3323976328674909,1.4035721835527721,-0.16985983005147354,0.8889290438987956,3.8561890965871815,0.14432778473328034,0.681925061271338,FDR correction BH,False,0.8406500542510894,One-way ancova,0.6819250612713375
11000021785051837653,CTR,CVD,11.54553094221123,0.6478925022589616,11.6876840009198,0.12655842807385528,1.9429230050646977,0.1472897156693955,0.3978748138859763,0.20478156512060414,-0.253831521422419,1.0495811491943716,-0.14215305870857087,0.9061657960334362,3.774949803609635,0.1472897156693956,0.681925061271338,FDR correction BH,False,0.8318275761985062,One-way ancova,0.6819250612713375
11513495404571348773,CTR,CVD,11.78407812724867,0.5957234968230241,11.993612052929869,0.5178752066911312,1.9618286689151252,0.14459400824041632,0.5106164942537094,0.2602757836830247,-0.3176972118832986,1.3389302003907173,-0.20953392568119966,0.8648165721824341,3.8487717261772914,0.1445940082404164,0.681925061271338,FDR correction BH,False,0.8398497031828347,One-way ancova,0.6819250612713375
1650348217832355086,CTR,CVD,16.07152862227369,0.21375672938932974,16.252245221371165,0.14025864564140725,1.921058909572643,0.1504810423169922,0.25571856293813394,0.1331133374743937,-0.16790748609130746,0.6793446119675753,-0.18071659909747595,0.8822646589542904,3.690467334048431,0.15048104231699228,0.681925061271338,FDR correction BH,False,0.8225182092775183,One-way ancova,0.6819250612713375
5423490407548778116,CTR,CVD,14.29989812755772,0.14416057562555795,14.519469488249838,0.16256800431476945,1.9328843546771428,0.14874503609955772,0.2636093352394846,0.13638132804045397,-0.17041691829261918,0.6976355887715884,-0.21957136069211813,0.8588205628226827,3.736041928555675,0.14874503609955783,0.681925061271338,FDR correction BH,False,0.8275575185778454,One-way ancova,0.6819250612713375
5375044081035839638,CTR,CVD,15.18213327069905,0.5246468663673959,14.463944564328168,0.1894049090109398,-2.0254641266727664,0.13593733571681255,-0.7782563606630915,0.3842360624483311,-2.0010669979587563,0.4445542766325732,0.7181887063708814,1.6451153065549582,4.102504928438273,0.13593733571681266,0.681925061271338,FDR correction BH,False,0.866661246219153,One-way ancova,0.6819250612713375
14982965708308443318,CTR,CVD,14.884647123146914,0.4662039905451903,14.589994887426911,0.4434569685362055,-1.9136626191473998,0.1515788827959859,-0.5180078586189313,0.27068922883058716,-1.3794617947910797,0.3434460775532172,0.29465223572000276,1.2265892700264331,3.6621046199220864,0.15157888279598594,0.681925061271338,FDR correction BH,False,0.819361298202524,One-way ancova,0.6819250612713375
9596688912562834694,CTR,CVD,15.276389859915367,0.14720925888939163,15.47668990765517,0.13384660246051133,1.9349123878133547,0.1484496757883001,0.24099771693514882,0.12455226316861841,-0.15538317280061398,0.6373786066709116,-0.2003000477398018,0.8703695274147681,3.743885948513578,0.14844967578830023,0.681925061271338,FDR correction BH,False,0.8284207465590514,One-way ancova,0.6819250612713375
11201733346647887591,CTR,CVD,10.178598087414555,0.8020413936958604,10.754147694888333,0.3494627195201576,1.9090495575627977,0.152268344119848,0.841452254876348,0.440770252161811,-0.5612754055952202,2.244179915347916,-0.5755496074737785,0.6710305676433634,3.6444702132307127,0.15226834411984813,0.681925061271338,FDR correction BH,False,0.8173903750818216,One-way ancova,0.6819250612713375
16790435339444703248,CTR,CVD,11.801156697789294,0.5792239000269337,11.700205051831157,0.47252698792675124,-1.9332410863173788,0.1486930322898808,-0.39767528803907914,0.2057039294548663,-1.052316998315173,0.2569664222370147,0.10095164595813699,1.0724806704517058,3.737421097825599,0.1486930322898809,0.681925061271338,FDR correction BH,False,0.8277093819081385,One-way ancova,0.6819250612713375
11318417666003594127,CTR,CVD,10.053105227857198,0.13763329385017878,10.431222483894105,0.25145898690821183,1.9564933095158972,0.14534885465753866,0.395194459531161,0.2019912143880244,-0.24763173439788871,1.0380206534602108,-0.3781172560369068,0.769441070683999,3.8278660701804696,0.1453488546575387,0.681925061271338,FDR correction BH,False,0.8375883861011258,One-way ancova,0.6819250612713375
8771675367107028984,CTR,CVD,13.869063868476,0.12979344928171957,14.036005067270105,0.12458714344694427,1.927154828235849,0.14958320225575059,0.20838544789640603,0.10813113966933612,-0.13573609803044925,0.5525069938232613,-0.16694119879410607,0.89072920410984,3.7139257319927443,0.14958320225575078,0.681925061271338,FDR correction BH,False,0.8251171736990529,One-way ancova,0.6819250612713375
8669237074074274053,CTR,CVD,12.589678068953512,1.2941991741204415,12.653501502589378,0.7077823612326535,2.010799303574958,0.13787681277518646,0.6662935798510096,0.33135757440656566,-0.3882341085471205,1.7208212682491397,-0.06382343363586607,0.9567252411592189,4.043313839257536,0.13787681277518657,0.681925061271338,FDR correction BH,False,0.8605087645021798,One-way ancova,0.6819250612713375
7583125802923212991,CTR,CVD,11.354224611756662,0.23565364288767862,11.640333793037533,0.24052689203282418,1.8955016285675286,0.154314460533205,0.3701000681256754,0.19525178060931977,-0.2512782396746278,0.9914783759259786,-0.28610918128087093,0.8201108439281023,3.5929264239021528,0.1543144605332051,0.681925061271338,FDR correction BH,False,0.8115933750676538,One-way ancova,0.6819250612713375
4235860120330717115,CTR,CVD,11.146166870919336,0.07763321286613732,9.65496697241649,1.0474173978847714,-1.9023880624360259,0.1532704339914627,-1.342660800068121,0.7057765061608047,-3.5887566344560096,0.9034350343197675,1.4911998985028454,2.811226894451262,3.6190803400990963,0.15327043399146287,0.681925061271338,FDR correction BH,False,0.814541612873858,One-way ancova,0.6819250612713375
17470359001890955130,CTR,CVD,13.041959513664212,0.23493718791121632,13.371333589124797,0.05223830931571438,1.9428170249746128,0.14730499240353814,0.33252537077344907,0.17115629855971343,-0.2121703592040411,0.8772211007509392,-0.32937407546058495,0.7958817083710248,3.7745379925312057,0.14730499240353823,0.681925061271338,FDR correction BH,False,0.8317825339681892,One-way ancova,0.6819250612713375
17862072115226989551,CTR,CVD,13.087924433306922,0.02552125786920756,13.171543651705756,0.05304063468516219,1.9655870795714856,0.14406503203135726,0.0821839564474692,0.041811404491621906,-0.05087859329563876,0.21524650619057717,-0.0836192183988338,0.943687292675343,3.8635325673783627,0.14406503203135732,0.681925061271338,FDR correction BH,False,0.8414414198711139,One-way ancova,0.6819250612713375
8739077965670212121,CTR,CVD,11.31961671188779,0.6841045789111313,11.512715330746152,0.11790866059285708,1.9049308234053044,0.15288702028312395,0.45469738916152275,0.23869496129454912,-0.30493650850028525,1.2143312868233307,-0.19309861885836277,0.8747249689518293,3.628761441959611,0.15288702028312406,0.681925061271338,FDR correction BH,False,0.8156293835130783,One-way ancova,0.6819250612713375
12813190224106327661,CTR,CVD,10.802598138728845,1.1662689284147332,11.041648332426703,0.80133659425424,1.9608646028013694,0.1447300628717326,0.7963844069398001,0.4061394171744717,-0.49613248067740146,2.088901294557002,-0.2390501936978584,0.8473029553907225,3.844989990519371,0.14473006287173273,0.681925061271338,FDR correction BH,False,0.8394412492318974,One-way ancova,0.6819250612713375
14293426939261889802,CTR,CVD,15.985987795603359,0.7448850429957312,16.320108884545814,0.28071974028399715,2.004298696533677,0.13874698470338692,0.6209552605402016,0.30981173695024056,-0.36500395705079147,1.6069144781311946,-0.33412108894245485,0.7932672595251331,4.017213264926597,0.13874698470338695,0.681925061271338,FDR correction BH,False,0.8577764463379693,One-way ancova,0.6819250612713375
13543860692513309930,CTR,CVD,13.945830897881313,0.8922738844734297,14.140342763827599,0.3267509560038562,1.9333666241500411,0.14867473663518133,0.5635588810419276,0.2914909536569056,-0.36409542744727785,1.4912131895311331,-0.19451186594628567,0.873868518216902,3.737906503377326,0.1486747366351815,0.681925061271338,FDR correction BH,False,0.8277628221442308,One-way ancova,0.6819250612713375
14830707306736865777,CTR,CVD,14.280771908561311,0.1337611633582625,14.473686281345318,0.08998929934144766,1.9049282357243138,0.15288740990075597,0.2109709520427777,0.11075007870968949,-0.14148522675681494,0.5634271308423703,-0.19291437278400636,0.8748366869023876,3.6287515832597466,0.1528874099007561,0.681925061271338,FDR correction BH,False,0.815628276757438,One-way ancova,0.6819250612713375
3679966926001789544,CTR,CVD,15.645389505856352,0.3572472367402674,15.062535797051899,0.19853533465276013,-1.9211762350307504,0.1504637025966273,-0.5137438695462259,0.2674111100161526,-1.3647653686090941,0.33727762951664253,0.5828537088044534,1.4978090468944711,3.6909181260469297,0.15046370259662742,0.681925061271338,FDR correction BH,False,0.822568255307614,One-way ancova,0.6819250612713375
5565383398500536117,CTR,CVD,12.028134522090399,0.031095816873272446,12.345856019963755,0.21026432175081544,2.012603878420165,0.13763639563405586,0.2892934885989425,0.14374089789890965,-0.16815420083768495,0.7467411780355699,-0.3177214978733556,0.8023360367302319,4.050574371431891,0.13763639563405597,0.681925061271338,FDR correction BH,False,0.8612667090294319,One-way ancova,0.6819250612713375
4322422591569099834,CTR,CVD,11.666141668763904,0.623738534427662,10.457191804819702,1.1653955264826101,-1.8954231413577776,0.15432640740031384,-1.5108719314745966,0.7971159043633342,-4.047650496199013,1.0259066332498203,1.208949863944202,2.311693076528646,3.5926288847945846,0.15432640740031395,0.681925061271338,FDR correction BH,False,0.8115597537361774,One-way ancova,0.6819250612713375
18076047497066706573,CTR,CVD,13.106990455397224,0.27572106089727305,13.487984828794938,0.44337863092338303,1.9015124172985356,0.1534027289987399,0.5296818043426599,0.27855816218921925,-0.35681458972319535,1.416178198408515,-0.3809943733977139,0.7679081297356855,3.615749473140521,0.15340272899873997,0.681925061271338,FDR correction BH,False,0.81416691432086,One-way ancova,0.6819250612713375
3791296835392848861,CTR,CVD,12.376221653464372,0.195969789591095,12.594310175394844,0.1448064094403376,1.888846725590495,0.1553312719015418,0.2750196801686739,0.14560190429570016,-0.18835056219952995,0.7383899225368777,-0.218088521930472,0.8597037342983022,3.567741952773935,0.1553312719015419,0.683000739684721,FDR correction BH,False,0.8087411015987127,One-way ancova,0.6830007396847206
13083575197212466506,CTR,CVD,10.187045376885122,1.1881317521149597,11.005174857712618,1.0938870096661415,1.8532862539698742,0.1608985807719113,1.354540171838346,0.7308855655389567,-0.9714638957967054,3.680544239473398,-0.8181294808274959,0.5671768364762965,3.4346699391536895,0.1608985807719114,0.6855952941376988,FDR correction BH,False,0.7934477866383591,One-way ancova,0.6855952941376983
18779080582230927,CTR,CVD,10.31409104580603,0.032923784118784175,10.471039999153431,0.11611831975936793,1.8524557102241535,0.1610313537682792,0.1589565311321194,0.08580854605851015,-0.11412455923360074,0.43203762149783953,-0.1569489533474009,0.8969198946766833,3.431592158342073,0.16103135376827934,0.6855952941376988,FDR correction BH,False,0.7930895560002539,One-way ancova,0.6855952941376983
15837625286930947207,CTR,CVD,10.853446681781747,1.0415356495407195,11.190630424193623,0.20745325152001556,1.741244841042596,0.18000940563870957,0.7198269726170332,0.41339790685956956,-0.5957896686804518,2.0354436139145182,-0.33718374241187554,0.7915850427566268,3.031933596457456,0.18000940563870965,0.6855952941376988,FDR correction BH,False,0.7447048020618552,One-way ancova,0.6855952941376983
14249077869010851006,CTR,CVD,11.967016472615207,0.1550715059856389,12.153341795661248,0.09835032789653922,1.8539878127866927,0.16078652659655251,0.21964678963101503,0.11847261784362448,-0.15738595530278215,0.5966795345648122,-0.18632532304604155,0.8788413626931705,3.4372708099615843,0.1607865265965527,0.6855952941376988,FDR correction BH,False,0.7937503465697088,One-way ancova,0.6855952941376983
11245815848924846614,CTR,CVD,14.964077264836325,0.15662086881262258,15.13174871490213,0.0684313136300463,1.7633960401481232,0.17603260281323588,0.19685063403606914,0.11163155045960856,-0.15841078127726585,0.5521120493494042,-0.16767145006580542,0.890278456361932,3.1095655944100824,0.17603260281323607,0.6855952941376988,FDR correction BH,False,0.7544068895120172,One-way ancova,0.6855952941376983
11566491653082879729,CTR,CVD,9.792182591510349,0.33008648131973656,8.822398579182012,0.629738718219324,-1.8193172446106356,0.1664340099320198,-0.8774056306759113,0.48227192551219444,-2.4122101381645216,0.6573988768126993,0.9697840123283363,1.958547356659421,3.309915236537635,0.16643400993201996,0.6855952941376988,FDR correction BH,False,0.7787579231379431,One-way ancova,0.6855952941376983
599223284661845299,CTR,CVD,12.906110799816402,0.711028054179774,11.559607921857221,1.1709653599273309,-1.7224906861316698,0.18345677071265554,-1.5623575360559794,0.907033953004812,-4.448944388563524,1.3242293164515646,1.3465028779591801,2.542949616124748,2.9669741638103506,0.18345677071265568,0.6855952941376988,FDR correction BH,False,0.7364662554049917,One-way ancova,0.6855952941376983
8478734767727356014,CTR,CVD,14.537834463123284,0.39155980613958025,14.881334890728702,0.18929694121048102,1.7301970333996555,0.18203115845321544,0.44669634282683507,0.2581765742304642,-0.3749367419438539,1.268329427597524,-0.3435004276054183,0.7881267491248912,2.9935817743849684,0.18203115845321557,0.6855952941376988,FDR correction BH,False,0.7398542670363983,One-way ancova,0.6855952941376983
5101517497126889502,CTR,CVD,15.592054993398152,0.10992261957068576,15.377410555814889,0.14746604740606672,-1.753238467792501,0.1778435689585348,-0.156872142563653,0.08947564489682365,-0.44162357807847613,0.12787929295117012,0.21464443758326368,1.160417885926808,3.073845124947397,0.17784356895853498,0.6855952941376988,FDR correction BH,False,0.7499618348151093,One-way ancova,0.6855952941376983
12793590813146717826,CTR,CVD,12.252038383556844,0.469688463283575,13.219049548870933,0.562799767915626,1.854103204665455,0.16076810467963984,0.9669995841457827,0.5215457163940683,-0.692791654029354,2.6267908223209195,-0.9670111653140889,0.5115647757467238,3.4376986935507112,0.16076810467963998,0.6855952941376988,FDR correction BH,False,0.7938001081721977,One-way ancova,0.6855952941376983
8459364366816777389,CTR,CVD,12.809194944107347,0.3061750487288534,13.142425115681766,0.45956472164500717,1.7522781809209682,0.1780158773197486,0.4975260208897843,0.2839309570289193,-0.4060690042627247,1.4011210460422934,-0.33323017157441903,0.7937572825872014,3.0704788233316975,0.1780158773197488,0.6855952941376988,FDR correction BH,False,0.7495412610346922,One-way ancova,0.6855952941376983
13039609719934229211,CTR,CVD,14.353188874259061,0.12646790101870403,14.483794305145986,0.09955239424121844,1.742699270725518,0.17974516050435616,0.16799804265022178,0.09640105178920577,-0.138793128441853,0.47478921374229655,-0.13060543088692533,0.9134480388381722,3.037000748187252,0.17974516050435624,0.6855952941376988,FDR correction BH,False,0.7453427938215597,One-way ancova,0.6855952941376983
6812389723627865548,CTR,CVD,14.561197988821903,0.12724722728438473,14.700860170110571,0.08809685918631356,1.750385641517931,0.1783560235216662,0.17063859262036593,0.0974862844923639,-0.13960627327824812,0.48088345851897996,-0.13966218128866892,0.9077316831483417,3.0638498940321397,0.17835602352166632,0.6855952941376988,FDR correction BH,False,0.7487122188849393,One-way ancova,0.6855952941376983
1461688207800120495,CTR,CVD,11.020416849948573,0.19264277604534746,11.412479266226981,0.2456208274136869,1.7621270520983745,0.1762576880674037,0.39134971051798023,0.22208938342553308,-0.31543782720746755,1.098137248243428,-0.3920624162784083,0.7620394458355725,3.1050917477369078,0.17625768806740383,0.6855952941376988,FDR correction BH,False,0.7538519307199364,One-way ancova,0.6855952941376983
8002504987753703686,CTR,CVD,14.718138149762183,0.020946997131177172,15.110057538295669,0.2936630704347907,1.7707833905448027,0.1747288075633227,0.3529017534965913,0.19929131670250017,-0.28133216101851627,0.9871356680116989,-0.39191938853348596,0.7621149976211558,3.135673816229347,0.17472880756332285,0.6855952941376988,FDR correction BH,False,0.7576354869209666,One-way ancova,0.6855952941376983
5918112360780714792,CTR,CVD,14.591165420729103,0.1710068156349529,14.834303299710433,0.07795782802780284,1.7217821943341847,0.18358847386468974,0.22292458130714887,0.1294731598693028,-0.1891167979523925,0.6349659605666902,-0.24313787898132944,0.8449056325616109,2.96453392472624,0.18358847386468988,0.6855952941376988,FDR correction BH,False,0.7361545883531634,One-way ancova,0.6855952941376983
9086929602101065906,CTR,CVD,12.62262098899167,0.30192225014840174,12.951274443413348,0.381587361590283,1.8691598063763133,0.15838525159339725,0.47194952373116,0.25249286985584984,-0.33159547705220954,1.2754945245145295,-0.32865345442167815,0.7962793477535687,3.493758381772737,0.15838525159339736,0.6855952941376988,FDR correction BH,False,0.8002852611922979,One-way ancova,0.6855952941376983
8382774164162095474,CTR,CVD,12.340217827274765,0.5489138499275951,11.58244326471121,0.25982898686222977,-1.806444421138142,0.168589008327463,-0.7781604849961127,0.430769126296084,-2.149060099407615,0.5927391294153898,0.7577745625635544,1.6908803349113828,3.2632414466611173,0.1685890083274631,0.6855952941376988,FDR correction BH,False,0.7731707439363165,One-way ancova,0.6855952941376983
13685430835730375256,CTR,CVD,12.626182255326926,0.32345748910973715,12.967389283239378,0.03989589984686149,1.7345663753672906,0.18122848285818804,0.38349694473513,0.22109095978176413,-0.32011316335409684,1.087107052824357,-0.3412070279124517,0.789380601813744,3.008720510554821,0.18122848285818818,0.6855952941376988,FDR correction BH,False,0.7417735452021159,One-way ancova,0.6855952941376983
15440466199817039795,CTR,CVD,11.12055518891777,0.4267377117342508,9.887534851166576,0.859125133435117,-1.7709839658540119,0.17469356279461798,-1.2061382557071592,0.681055435262244,-3.373560609351253,0.9612840979369346,1.233020337751194,2.3505857929429483,3.136384207312004,0.17469356279461817,0.6855952941376988,FDR correction BH,False,0.7577230978463957,One-way ancova,0.6855952941376983
12235220771580044189,CTR,CVD,10.529496930635396,0.13061288701152735,10.881661998640245,0.2691603862976755,1.711221860153632,0.1855643837675975,0.36296565227373034,0.21210905536301622,-0.3120600272836358,1.0379913318310965,-0.35216506800484915,0.7834075471326675,2.9282802546676567,0.18556438376759768,0.6855952941376988,FDR correction BH,False,0.7315053762718964,One-way ancova,0.6855952941376983
7357421088760495895,CTR,CVD,10.192611871399682,0.20658503135779543,10.631017984680193,0.3153076369340263,1.7256622058378064,0.182868528582657,0.4590553139260656,0.2660169020177358,-0.3875291930434436,1.3056398208955748,-0.4384061132805108,0.737949443581277,2.977910048657004,0.18286852858265715,0.6855952941376988,FDR correction BH,False,0.737861029564219,One-way ancova,0.6855952941376983
40465213839158236,CTR,CVD,13.373814740053772,0.10949203087934925,13.648166311364882,0.18218897148960703,1.7103434465543215,0.18572982884666742,0.24303270747475392,0.14209585096161273,-0.20917970841425376,0.6952451233637615,-0.27435157131110977,0.8268218551246966,2.925274705171315,0.18572982884666756,0.6855952941376988,FDR correction BH,False,0.7311183414773188,One-way ancova,0.6855952941376983
13019234380146968809,CTR,CVD,15.048353805929478,0.13662187307617055,15.206803563721138,0.10719318875181709,1.7164800076291695,0.18457753720959014,0.1909624644193413,0.11125236738591661,-0.16309222112209645,0.5450171499607791,-0.1584497577916597,0.8959873334571591,2.9463036165906336,0.18457753720959033,0.6855952941376988,FDR correction BH,False,0.7338211530366038,One-way ancova,0.6855952941376983
3043753023908292314,CTR,CVD,12.44682653511319,0.09111560288116113,12.260472391433586,0.10465048805457763,-1.8338687537663327,0.16403620231921023,-0.1560978362647944,0.08511941541302034,-0.42698580535391734,0.11479013282432854,0.1863541436796048,1.1378845143063359,3.3630746060404832,0.16403620231921037,0.6855952941376988,FDR correction BH,False,0.7850602938279989,One-way ancova,0.6855952941376983
15530583450642983496,CTR,CVD,12.694192823863075,0.11862574745550666,12.815373959255131,0.04636774356663188,1.8436027209687076,0.16245454039762042,0.14714364075728875,0.07981309589300953,-0.106857251380718,0.4011445328952955,-0.12118113539205666,0.9194346006849751,3.398870992763222,0.16245454039762058,0.6855952941376988,FDR correction BH,False,0.7892681461714064,One-way ancova,0.6855952941376983
9051667386947281766,CTR,CVD,16.96125368704487,0.14504240487129705,17.1228998431136,0.04590173696820922,1.771410714062627,0.1746186024372276,0.18212215126017064,0.10281192826393386,-0.14507128998253635,0.5093155925028776,-0.16164615606873056,0.8940044042850679,3.1378959178958663,0.1746186024372277,0.6855952941376988,FDR correction BH,False,0.7579094919850267,One-way ancova,0.6855952941376983
2855869274245988265,CTR,CVD,14.550416860792039,0.17202568863793374,14.767038010998492,0.15988939418317283,1.72619529055841,0.1827698652397752,0.2602269258851625,0.15075172971939996,-0.2195323593755537,0.7399862111458787,-0.21662115020645345,0.8605785877314659,2.9797501811460334,0.18276986523977534,0.6855952941376988,FDR correction BH,False,0.7380954083775144,One-way ancova,0.6855952941376983
5333198056229697148,CTR,CVD,12.331760882724728,0.975742410948938,13.393814251577274,0.19133702112398013,1.72335301555941,0.18329661564196745,1.1755379874016951,0.6821225696582595,-0.9952804641582398,3.34635643896163,-1.0620533688525455,0.4789498912443103,2.9699456162377116,0.18329661564196764,0.6855952941376988,FDR correction BH,False,0.7368455537043812,One-way ancova,0.6855952941376983
10290831000524829549,CTR,CVD,16.53550054088306,0.24783227284850554,16.834398057534226,0.15928811754963973,1.8166890306651917,0.1668713950986809,0.34935325002589424,0.19230217397083993,-0.2626380930257368,0.9613445930775253,-0.2988975166511665,0.8128733432402598,3.3003590341392335,0.16687139509868104,0.6855952941376988,FDR correction BH,False,0.7776181031979333,One-way ancova,0.6855952941376983
12947936174010126985,CTR,CVD,11.226602047417947,0.15831490800891648,11.033181352363457,0.31008887156831416,-1.731370829673405,0.18181512670869907,-0.30038799944399386,0.173497204813516,-0.8525335378799148,0.2517575389919271,0.1934206950544901,1.143471727264301,2.9976449498439743,0.18181512670869932,0.6855952941376988,FDR correction BH,False,0.7403699870500996,One-way ancova,0.6855952941376983
10553054303788179014,CTR,CVD,13.84594060031562,0.093014338712793,14.177770945680036,0.22614354988222274,1.834085835937462,0.16400073504722842,0.3149598059709853,0.17172577193476818,-0.23154824244490568,0.8614678543868762,-0.33183034536441625,0.7945278276049497,3.363870853586419,0.1640007350472286,0.6855952941376988,FDR correction BH,False,0.7851542054508396,One-way ancova,0.6855952941376983
12396833537770302421,CTR,CVD,11.365614534919317,0.07922338643787942,11.671689346836928,0.21919469754113258,1.747027528642098,0.17896140990802922,0.27875582902520435,0.159560066716219,-0.2290355157667373,0.786547173817146,-0.3060748119176111,0.8088394043651862,3.0521051858333164,0.17896140990802942,0.6855952941376988,FDR correction BH,False,0.7472406074045812,One-way ancova,0.6855952941376983
470779599589370528,CTR,CVD,12.078968627049301,0.17962992086401422,15.523195633148859,3.062294132197886,1.8588221119169184,0.16001684120964488,3.8552947136260456,2.0740525351563934,-2.7452661138478773,10.455855541099968,-3.444227006099558,0.09187225141332281,3.455219643751272,0.16001684120964496,0.6855952941376988,FDR correction BH,False,0.7958343069721058,One-way ancova,0.6855952941376983
9758523867628489578,CTR,CVD,14.215380641456107,0.1634536807070098,14.427319020996805,0.12585008086721727,1.7817849471130338,0.17280763309378822,0.24394038505724847,0.13690787176785665,-0.1917615656146986,0.6796423357291955,-0.2119383795406975,0.8633764343622734,3.174757597758596,0.17280763309378838,0.6855952941376988,FDR correction BH,False,0.7624370781922108,One-way ancova,0.6855952941376983
14781486448233078820,CTR,CVD,10.987139731871032,0.1376417226334725,10.622459290990362,0.48055607887714796,-1.7665188518031212,0.17548010001210035,-0.49652064836628584,0.28107294063659566,-1.3910201898106025,0.3979788930780309,0.36468044088067053,1.2875963933850183,3.1205888537758177,0.17548010001210046,0.6855952941376988,FDR correction BH,False,0.7557721267477687,One-way ancova,0.6855952941376983
10781735952227036124,CTR,CVD,11.231495434218928,0.14404987364383037,11.381699283526194,0.07868511983371701,1.8002141877138607,0.16964354043823401,0.18423629462292515,0.10234131909430826,-0.14145945820667397,0.5099320474525243,-0.1502038493072657,0.9011231271044783,3.2407711216462745,0.1696435404382342,0.6855952941376988,FDR correction BH,False,0.7704626724493961,One-way ancova,0.6855952941376983
14398779080363355364,CTR,CVD,12.036770329946194,1.0895655942131388,13.20933465470357,0.7997448327458841,1.752093706242877,0.17804900027805573,1.4618267821429998,0.834331392741365,-1.1933880760694306,4.11704164035543,-1.172564324757376,0.44363210350668275,3.069832355455901,0.17804900027805592,0.6855952941376988,FDR correction BH,False,0.7494604604898272,One-way ancova,0.6855952941376983
8367461897467823333,CTR,CVD,10.700259180941027,0.4028585746954829,11.281438312559919,0.6996850888135431,1.788220985270557,0.17169498273121986,0.7994169599291064,0.4470459560165351,-0.6232827910879867,2.2221167109461994,-0.5811791316188923,0.6684172488052326,3.197734292162002,0.17169498273121997,0.6855952941376988,FDR correction BH,False,0.7652423956019377,One-way ancova,0.6855952941376983
10894422621815386673,CTR,CVD,13.353917595548893,0.12439113791591164,13.559971779036486,0.18018540805773953,1.702424985706127,0.1872288321245435,0.24344266200670178,0.14299758523910955,-0.21163947480207385,0.6985247988154775,-0.20605418348759308,0.866905004437891,2.8982508319565072,0.18722883212454364,0.6875228306130863,FDR correction BH,False,0.7276272716854516,One-way ancova,0.6875228306130858
16092218876623788995,CTR,CVD,15.262815730383581,0.05024571095304064,15.635068759211784,0.29159866656915306,1.6995056539098539,0.1877849425866288,0.30661133850302535,0.18041207323885067,-0.26754039740462876,0.8807630744106795,-0.37225302882820266,0.7725750387501237,2.8883194676715602,0.18778494258662892,0.6875228306130863,FDR correction BH,False,0.7263392342941286,One-way ancova,0.6875228306130858
1118017018903704621,CTR,CVD,13.97592633733449,0.1419456347301296,14.10165806280788,0.07201429111755588,1.6926771694670697,0.18909305944110413,0.16222787777527475,0.09584100305810311,-0.14278096830172327,0.4672367238522728,-0.12573172547338984,0.9165390626889162,2.865156000035051,0.18909305944110436,0.6894978630840269,FDR correction BH,False,0.7233244114074577,One-way ancova,0.689497863084026
15167360593113340842,CTR,CVD,16.790400175914698,0.5305556536247046,17.25705520089946,0.12184799580457127,1.6605400766658966,0.19538984418488808,0.5730372895558109,0.3450909120521678,-0.525196008491787,1.6712705876034089,-0.46665502498476386,0.7236404580402088,2.7573933462135813,0.1953898441848884,0.6901712117816666,FDR correction BH,False,0.7090980134375426,One-way ancova,0.690171211781666
7614308168407879017,CTR,CVD,16.75489211889182,0.4758818182222749,16.97322942897448,0.06390342214800984,1.6648371415465582,0.1945343126431504,0.374033749305938,0.224666869792728,-0.3409565003857098,1.0890239989975858,-0.21833731008266,0.8595554939171622,2.771682707872914,0.19453431264315058,0.6901712117816666,FDR correction BH,False,0.7110037852005492,One-way ancova,0.690171211781666
11176393895545529004,CTR,CVD,10.722591463317917,1.308601788351135,12.016819856779312,0.17523101056352838,1.6739007015997083,0.19274363700758512,1.483056178760371,0.8859881457383038,-1.3365535221701486,4.302665879690891,-1.2942283934613954,0.4077541898781074,2.8019435588159953,0.19274363700758526,0.6901712117816666,FDR correction BH,False,0.7150199502840485,One-way ancova,0.690171211781666
5219697796457442468,CTR,CVD,14.02914404546042,0.10062986392264792,14.139463718453237,0.06234486333332401,1.6695368992162818,0.1936034500816342,0.1298618433779168,0.07778315258493351,-0.1176788631793669,0.3774025499352005,-0.11031967299281753,0.9263827708508601,2.7873534578447168,0.19360345008163438,0.6901712117816666,FDR correction BH,False,0.7130869076781148,One-way ancova,0.690171211781666
18016251407958576900,CTR,CVD,12.785055456391797,0.12965979643174044,12.881262002109446,0.06714755505435104,1.6662542433370042,0.19425310109621508,0.13537602374315755,0.08124571882382141,-0.12318411394787698,0.3939361614341921,-0.0962065457176493,0.9354895574014469,2.7764032034385724,0.19425310109621527,0.6901712117816666,FDR correction BH,False,0.7116320393058189,One-way ancova,0.690171211781666
14405707486244510605,CTR,CVD,10.220002332678279,0.6728715515066999,10.43137449665185,0.25510389562083213,1.6603233973402727,0.19543309675868803,0.46957459281841957,0.28282116217277115,-0.4304885697945173,1.3696377554313564,-0.2113721639735715,0.8637153508395498,2.7566737837555446,0.19543309675868822,0.6901712117816666,FDR correction BH,False,0.709001886254421,One-way ancova,0.690171211781666
397890131224295108,CTR,CVD,12.280857666038706,0.3717921986630246,12.042074330451223,0.1745534589999848,-1.6648054992604047,0.19454059702963328,-0.35835569537050493,0.215253791226486,-1.0433893279576654,0.3266779372166555,0.23878333558748288,1.179997117676036,2.7715773503676853,0.1945405970296335,0.6901712117816666,FDR correction BH,False,0.7109897556432375,One-way ancova,0.690171211781666
12230107999136207019,CTR,CVD,10.136806846065975,0.3176436825792144,9.431581888227695,0.8802809611533263,-1.6816878859297901,0.19122002145425623,-0.929718781107413,0.552848592706238,-2.689129742346984,0.8296921801321584,0.7052249578382792,1.6303988712741222,2.828074145683008,0.19122002145425623,0.6901712117816666,FDR correction BH,False,0.7184666374162113,One-way ancova,0.690171211781666
10327526744314221294,CTR,CVD,11.698415882442491,0.6639282043774805,12.046782213364901,0.29473509335321774,1.6538499773610822,0.19673029143548626,0.5785368421605745,0.3498121656014411,-0.5347215918012185,1.6917952761223676,-0.3483663309224099,0.7854730430495507,2.735219747617252,0.19673029143548645,0.6920277310495347,FDR correction BH,False,0.7061287646844725,One-way ancova,0.6920277310495341
2328061857522357177,CTR,CVD,11.341658256459317,1.0304138825128828,11.703942589873037,0.4673364595982075,1.6459671460517824,0.19832304977954632,0.7609759075850475,0.46232751936174254,-0.7103565982389686,2.2323084134090636,-0.36228433341372046,0.7779318428234254,2.709207845881849,0.19832304977954648,0.692201461681919,FDR correction BH,False,0.7026268076791018,One-way ancova,0.6922014616819184
12425122371525884063,CTR,CVD,11.183381431906957,0.4011308693031344,10.419752401919459,0.8789238764871726,-1.649678340674627,0.1975713836483011,-0.9756014741525514,0.5913889090364031,-2.8576649227015434,0.9064619743964406,0.7636290299874986,1.6977558812161762,2.7214386276909903,0.19757138364830126,0.692201461681919,FDR correction BH,False,0.7042759586533773,One-way ancova,0.6922014616819184
3501656420897572292,CTR,CVD,12.524711836435133,0.48819978621109156,11.868978457513336,0.2311415230732886,-1.6389519999357989,0.19975271635246547,-0.6239514890864667,0.38070150261319924,-1.8355135794940098,0.5876106013210763,0.6557333789217967,1.575416596156995,2.6861636580935553,0.19975271635246572,0.6944890952254332,FDR correction BH,False,0.6995073061873601,One-way ancova,0.6944890952254323
16221483853575794770,CTR,CVD,12.52968070143479,0.1276225372967178,12.389923366674209,0.09293801043450084,-1.631463394673955,0.20129168668337477,-0.1674046813129006,0.10261013631038662,-0.4939559304986051,0.1591465678728039,0.1397573347605814,1.1017197880185132,2.661672808161064,0.2012916866833749,0.6971376175868236,FDR correction BH,False,0.6961741610382739,One-way ancova,0.697137617586823
8165307693899348515,CTR,CVD,10.350224132562875,0.3056916053189989,9.432636402124112,0.6968441719851158,-1.6235063552429816,0.2029415458827698,-0.8694009766476691,0.5355082065678459,-2.5736270900889124,0.834825136793574,0.917587730438763,1.8889542107239616,2.63577288551435,0.20294154588277002,0.7001483332955566,FDR correction BH,False,0.6926290357629877,One-way ancova,0.7001483332955558
7575243264632536436,CTR,CVD,9.65721643140565,1.0727510750612081,10.066965138376498,0.44646584303390613,1.6116441882327168,0.20542937226283406,0.8075608041743026,0.5010788423838458,-0.787095706426283,2.402217314774888,-0.40974870697084675,0.7527544793616284,2.597396989464293,0.2054293722628343,0.7033211714494747,FDR correction BH,False,0.6873374609350128,One-way ancova,0.7033211714494739
15566136446916802796,CTR,CVD,13.963399593526647,0.13886009861874202,14.405301700303601,0.33402144026733915,1.6143084096328522,0.20486764701981952,0.4005558086777192,0.24812842842639904,-0.3890995916038651,1.1902112089593035,-0.4419021067769542,0.7361633813224424,2.6059916414113484,0.20486764701981974,0.7033211714494747,FDR correction BH,False,0.688526620564943,One-way ancova,0.7033211714494739
5993136787024910847,CTR,CVD,10.123128947961419,0.17406779906720868,9.29518330153399,0.6927598351679605,-1.603445619943905,0.20716881262070228,-0.8140490189881813,0.5076873258830318,-2.4297366734842836,0.8016386355079208,0.8279456464274286,1.7751557942391865,2.571037856117294,0.20716881262070255,0.7056625278250859,FDR correction BH,False,0.6836756230879242,One-way ancova,0.7056625278250855
8437724078837329891,CTR,CVD,10.503372571595344,0.2807736058907907,11.066650305616681,0.3795713668451374,1.601019844972934,0.20768663026290143,0.45483002575398324,0.28408768772111775,-0.4492637864108374,1.358923837918804,-0.5632777340213373,0.676762842995183,2.5632645439971578,0.20768663026290154,0.7056625278250859,FDR correction BH,False,0.6825914600847118,One-way ancova,0.7056625278250855
11723621376171379104,CTR,CVD,14.640350678292608,0.1695336772987181,15.08305599899405,0.33221921530570825,1.5606351970144616,0.21652303206390883,0.3970085754886057,0.2543890950608407,-0.4125710601923739,1.2065882111695854,-0.4427053207014424,0.7357536397682729,2.4355822181603672,0.21652303206390897,0.7077692125548697,FDR correction BH,False,0.6644958999284526,One-way ancova,0.7077692125548692
3201132187882828250,CTR,CVD,14.032488594223343,0.34503742930286574,14.360838089065082,0.1781934327850567,1.560047527764272,0.2166546694927717,0.39513365707803194,0.25328308916607434,-0.4109261742295258,1.2011934883855897,-0.3283494948417385,0.7964471325093166,2.433748288883417,0.2166546694927719,0.7077692125548697,FDR correction BH,False,0.6642319463107043,One-way ancova,0.7077692125548692
10347283339540160024,CTR,CVD,12.71034734166325,0.1260885599449359,12.994335324950578,0.20712332477677284,1.5635326728889027,0.21587529722114182,0.26546171310811306,0.16978328480825775,-0.27486447432895256,0.8057879005451787,-0.28398798328732866,0.8213175417652587,2.4446344191911167,0.21587529722114204,0.7077692125548697,FDR correction BH,False,0.6657970514793178,One-way ancova,0.7077692125548692
12184253166982299872,CTR,CVD,13.842805901979895,0.15027939382585842,13.628318488930928,0.25395049017107046,-1.5600743349634245,0.2166486627681307,-0.28023673359352846,0.17963037229254755,-0.8519007482127829,0.29142728102572607,0.21448741304896757,1.1602915916254273,2.433831930611571,0.21664866276813083,0.7077692125548697,FDR correction BH,False,0.6642439872398725,One-way ancova,0.7077692125548692
15368899166365099757,CTR,CVD,11.99164520246749,0.13472503268930652,12.157501720978422,0.13096002089523942,1.5646939915646862,0.21561628734933386,0.19505613520526607,0.12466088337836007,-0.20167043251566827,0.5917827029262004,-0.16585651851093175,0.8913991445116548,2.448267287238631,0.21561628734933405,0.7077692125548697,FDR correction BH,False,0.6663184362553709,One-way ancova,0.7077692125548692
2204405202130659869,CTR,CVD,11.394545333701283,0.20490538542682374,11.743622934047147,0.2176668161319822,1.5669071114104818,0.2151236490775967,0.32930950034387757,0.2101652982144189,-0.3395302764575651,0.9981492771453202,-0.3490776003458649,0.7850858889761684,2.4551978957887393,0.2151236490775969,0.7077692125548697,FDR correction BH,False,0.6673118439159226,One-way ancova,0.7077692125548692
9872798661492188811,CTR,CVD,12.826874572860442,0.30678763473106835,13.118403606301719,0.110391047731582,1.5550613875050987,0.21777514232457515,0.3392448531434622,0.21815528047271376,-0.3550226131751778,1.033512319462102,-0.291529033441277,0.8170356681725226,2.4182159189092824,0.2177751423245753,0.7077692125548697,FDR correction BH,False,0.661991693760083,One-way ancova,0.7077692125548692
226938795249151623,CTR,CVD,14.316222372818737,0.34575751463559523,14.619137532599893,0.21522185198013985,1.562648570352789,0.21607271112036028,0.391196429803683,0.2503419113072654,-0.40550326089392436,1.1878961205012903,-0.3029151597811559,0.8106127879941443,2.441870554425616,0.2160727111203604,0.7077692125548697,FDR correction BH,False,0.6654000788280017,One-way ancova,0.7077692125548692
9279714185984802961,CTR,CVD,11.462167712279838,0.44675854572136514,11.631166923547466,0.2056243851709765,1.5875554216226595,0.21058724178802035,0.33722476132631507,0.21241763073797673,-0.3387829427929958,1.013232465445626,-0.16899921126762862,0.8894594798120395,2.5203322167235007,0.2105872417880205,0.7077692125548697,FDR correction BH,False,0.6765679436391401,One-way ancova,0.7077692125548692
16082818017573517909,CTR,CVD,12.555170238925555,0.14981892280129577,12.65170471035808,0.04596157322259118,1.556330777458634,0.21748927927385334,0.13762164278258948,0.08842698787163666,-0.14379249805691696,0.4190357836220959,-0.09653447143252514,0.9352769440554772,2.4221654888649953,0.21748927927385353,0.7077692125548697,FDR correction BH,False,0.6625621459137523,One-way ancova,0.7077692125548692
17531309734764268797,CTR,CVD,13.194112971467392,0.11394717015338246,13.313649499792197,0.08901062500540646,1.560909049681678,0.2164617196317574,0.14570024725964068,0.0933432010592506,-0.15135947807477748,0.44275997259405886,-0.11953652832480444,0.9204833121552359,2.4364370613781596,0.21646171963175762,0.7077692125548697,FDR correction BH,False,0.6646188957200094,One-way ancova,0.7077692125548692
15434643044558525769,CTR,CVD,15.047501926667545,0.12530341788597862,14.806030213436062,0.20315807423185903,-1.5641977738328303,0.21572691692727325,-0.26086521426532405,0.16677252622992375,-0.7916098241886678,0.26987939565801966,0.24147171323148342,1.1821980231306555,2.4467146756635825,0.21572691692727344,0.7077692125548697,FDR correction BH,False,0.6660956632253962,One-way ancova,0.7077692125548692
8138157409573454040,CTR,CVD,10.856192995003411,1.2378457934281881,11.055202950571248,0.6664706802165808,1.538917153638174,0.22144734042289738,0.7314658960713001,0.4753120688414136,-0.7811892412700758,2.244121033412676,-0.19900995556783663,0.8711481806121087,2.3682660057618197,0.22144734042289763,0.7095833407664925,FDR correction BH,False,0.6547295312139293,One-way ancova,0.7095833407664918
7931781444659318287,CTR,CVD,10.875682536505908,1.2904387761780065,11.234104664547843,0.7883310012389408,1.5419144486352847,0.2207604186670147,0.904159419501906,0.586387539400878,-0.961987438729148,2.77030627773296,-0.3584221280419353,0.7800172161908259,2.3775001669102545,0.22076041866701496,0.7095833407664925,FDR correction BH,False,0.6560787909765792,One-way ancova,0.7095833407664918
4506973480183028366,CTR,CVD,12.52041706287067,0.3263511203691112,12.705802268155947,0.025446883106514395,1.5388401705038381,0.22146501457968834,0.2755040542015032,0.17903357313014467,-0.29426067912836557,0.845268787531372,-0.1853852052852769,0.8794142374908083,2.3680290703562816,0.22146501457968865,0.7095833407664925,FDR correction BH,False,0.6546948706826347,One-way ancova,0.7095833407664918
17612302267498249880,CTR,CVD,12.463222510893784,0.7669716465869987,11.605330811122137,0.5564080667968413,-1.538698313567368,0.22149758686133522,-0.9853630451277995,0.6403874212634326,-3.0233616278781277,1.0526355376225285,0.8578916997716473,1.8123878191028882,2.3675925001750624,0.22149758686133544,0.7095833407664925,FDR correction BH,False,0.6546310009014761,One-way ancova,0.7095833407664918
10774306587027310021,CTR,CVD,10.727923807341162,0.4627652197518095,9.587951169038199,0.8939887213061642,-1.5231799563934547,0.22509298341584785,-1.0806669966342712,0.7094808411167949,-3.338551678116386,1.1772176848478437,1.1399726383029627,2.203768435382978,2.3200771795587665,0.22509298341584805,0.7133815149624138,FDR correction BH,False,0.6476380425884323,One-way ancova,0.713381514962413
14434401451823016106,CTR,CVD,12.098283240265177,0.27556829261805094,12.347494517203948,0.07282016719137337,1.522728931174431,0.22519843888968066,0.1398198606920228,0.09182189806046721,-0.1523983995346993,0.4320381209187449,-0.24921127693877132,0.8413562599919051,2.3187033978356246,0.22519843888968089,0.7133815149624138,FDR correction BH,False,0.6474346244066028,One-way ancova,0.713381514962413
16940319102626001937,CTR,CVD,11.57451733951667,0.11886428479362247,11.494419854082404,0.06004777653599289,-1.519886111529657,0.2258643815488576,-0.11473791646085678,0.07549112765125622,-0.3549843767363398,0.12550854381462623,0.08009748543426554,1.057089467537488,2.3100537920207405,0.22586438154885785,0.7133815149624138,FDR correction BH,False,0.6461522512240863,One-way ancova,0.713381514962413
3398112227638598775,CTR,CVD,11.035480483772306,0.33435880053436434,11.459297522377723,0.2265825483790933,1.5293583374626385,0.22365387005258772,0.43801904985617673,0.2864070761747669,-0.4734560915234786,1.349494191235832,-0.4238170386054172,0.7454497247240904,2.338936924366485,0.22365387005258802,0.7133815149624138,FDR correction BH,False,0.6504235824994089,One-way ancova,0.713381514962413
5906121507712154661,CTR,CVD,11.80653978579901,0.10171886248431533,11.881717714193002,0.06157402128482472,1.5049170530284737,0.22940691416480213,0.10444455986619425,0.06940220370020493,-0.11642422687810874,0.32531334661049727,-0.07517792839399107,0.9492250452703624,2.2647753364959065,0.22940691416480227,0.7157126080371584,FDR correction BH,False,0.6393934969039352,One-way ancova,0.7157126080371575
15951153697626275122,CTR,CVD,10.789444245500631,0.19833687158393512,10.225660320969192,0.6628758737948278,-1.4921105192466124,0.232486172693447,-0.6781871865020628,0.454515384587255,-2.124657992876628,0.7682836198725027,0.5637839245314389,1.478141030405507,2.2263938016463958,0.2324861726934472,0.7157126080371584,FDR correction BH,False,0.6336028720278416,One-way ancova,0.7157126080371575
1275614563399716439,CTR,CVD,12.883790998401997,0.12382548269653747,12.60590674868053,0.2829961089730336,-1.4900509701334899,0.2329855981570234,-0.31468569608476415,0.21119122928833253,-0.9867904434418596,0.3574190512723313,0.27788424972146686,1.2124155406609127,2.2202518935957536,0.23298559815702372,0.7157126080371584,FDR correction BH,False,0.6326709237561404,One-way ancova,0.7157126080371575
3184787414155904083,CTR,CVD,13.201374110080422,0.26310708760377366,12.499978347773828,0.5812778474818534,-1.4957469345821484,0.23160723179306425,-0.676132671588024,0.45203680913904615,-2.114715544685069,0.7624502015090209,0.7013957623065945,1.626077210774669,2.237258892311895,0.23160723179306433,0.7157126080371584,FDR correction BH,False,0.6352478841553617,One-way ancova,0.7157126080371575
17145051918070873813,CTR,CVD,13.999565745903395,0.11466607956812486,14.082578561678593,0.03473872601810358,1.5113466292360707,0.2278778737258551,0.10991584471150771,0.07272709157863148,-0.12153421917697828,0.3413659085999937,-0.08301281577519859,0.9440840326083076,2.284168633703233,0.22787787372585533,0.7157126080371584,FDR correction BH,False,0.6422978414947866,One-way ancova,0.7157126080371575
18389662701675279414,CTR,CVD,10.784385344100437,0.3300777343070789,9.906978054170246,1.013022003978143,-1.4954726044856312,0.23167341158915203,-1.0501444472809298,0.7022157705403956,-3.284908431749554,1.1846195371876942,0.8774072899301917,1.837070878310539,2.236438310767037,0.23167341158915217,0.7157126080371584,FDR correction BH,False,0.6351238059282203,One-way ancova,0.7157126080371575
10663912964327996302,CTR,CVD,13.10180293619122,0.07281430855797384,13.199692755312311,0.09265501761212054,1.496339336526586,0.23146439060928273,0.1166054466867332,0.07792714115062056,-0.13139349574942447,0.36460438912289084,-0.09788981912109129,0.9343987056502698,2.2390314100368243,0.23146439060928295,0.7157126080371584,FDR correction BH,False,0.635515813075517,One-way ancova,0.7157126080371575
13333397963699936605,CTR,CVD,10.935137214466428,0.4485699059706421,11.20432911183313,0.07893055080035102,1.492678508562075,0.23234864598055388,0.38687237397080054,0.259179971944181,-0.4379539701466373,1.2116987180882384,-0.2691918973667029,0.829784206064097,2.2280891299231005,0.2323486459805541,0.7157126080371584,FDR correction BH,False,0.633859854043246,One-way ancova,0.7157126080371575
8298213753195477471,CTR,CVD,12.80467533798261,0.3628414278268775,12.631108278916239,0.21495213794385026,-1.48061764453121,0.23528817448011183,-0.3054044170797108,0.2062682544732251,-0.9618420614254601,0.3510332272660386,0.1735670590663716,1.1278436300564496,2.192228609297149,0.23528817448011213,0.7161198187433763,FDR correction BH,False,0.6283998997984446,One-way ancova,0.7161198187433754
14517629847035933133,CTR,CVD,11.332304861942,0.2700629779531569,10.350029298244964,1.0643291497785425,-1.479701142242281,0.23551320683310561,-1.111776162387083,0.7513518308854862,-3.5029130205571644,1.2793606957829986,0.9822755636970353,1.9755790346987057,2.1895154703531112,0.23551320683310592,0.7161198187433763,FDR correction BH,False,0.6279847339961486,One-way ancova,0.7161198187433754
13301166200271947275,CTR,CVD,10.817497069994909,0.6060909716009896,11.623881435868142,0.374151535456094,1.4798777397258867,0.23546982787133264,0.7184521119139289,0.4854807208918526,-0.826564214575088,2.2634684384029455,-0.8063843658732335,0.5718131226410988,2.190038124536199,0.23546982787133294,0.7161198187433763,FDR correction BH,False,0.6280647336665987,One-way ancova,0.7161198187433754
3955270496162959037,CTR,CVD,14.101220855938495,0.11487469318089077,14.268749603373836,0.15267586071994646,1.4684495682184293,0.23829509789996142,0.1911846939431247,0.1301949335414196,-0.22315369127249624,0.6055230791587456,-0.16752874743534107,0.8903665216546229,2.1563441344008916,0.23829509789996164,0.7196993360817023,FDR correction BH,False,0.622884891673243,One-way ancova,0.7196993360817017
2862454525728833947,CTR,CVD,13.611475045299036,0.09010196010422113,13.696440249251888,0.04860858611196662,1.4713446815630997,0.23757588450947312,0.1003913994728876,0.06823105471536123,-0.11675026851166213,0.3175330674574373,-0.08496520395285145,0.9428072750071298,2.1648551719640188,0.23757588450947334,0.7196993360817023,FDR correction BH,False,0.6241976451554748,One-way ancova,0.7196993360817017
189015485035878995,CTR,CVD,10.644636327481694,0.10480322564951892,10.850345080509067,0.15578173299392536,1.4450690434047793,0.24419104452178828,0.1613302182869719,0.11164187553755629,-0.19396405603252967,0.5166244926064735,-0.20570875302737335,0.867112595951653,2.0882245402068036,0.2441910445217886,0.7222583478180385,FDR correction BH,False,0.6122702674430929,One-way ancova,0.7222583478180375
16065942280880014760,CTR,CVD,12.140661503761173,0.11604596392340324,12.24650806366553,0.09414969736351386,1.4427721926313883,0.24477874887032713,0.13577743099040782,0.09410871077489459,-0.16371848791022078,0.4352733498910364,-0.10584655990435721,0.9292595018482969,2.0815915998303836,0.24477874887032744,0.7222583478180385,FDR correction BH,False,0.611226289340899,One-way ancova,0.7222583478180375
4662834862865437035,CTR,CVD,10.866358038875731,0.38892967043091764,11.274496364489622,0.31683833186646665,1.4533374952247304,0.2420880172852291,0.4848660734609426,0.3336224896516328,-0.5768695860906334,1.5466017330125188,-0.40813832561389063,0.7535951966007544,2.1121898750260937,0.2420880172852293,0.7222583478180385,FDR correction BH,False,0.6160267064512612,One-way ancova,0.7222583478180375
561116941907249647,CTR,CVD,12.282010607964374,0.08164393476260125,12.463782720262074,0.1533135086290722,1.4573168752407373,0.2410829131700872,0.18005097066272663,0.12354963681662139,-0.21313911454354262,0.5732410558689959,-0.18177211229770052,0.8816194072622343,2.1237724748614264,0.24108291317008737,0.7222583478180385,FDR correction BH,False,0.6178335692945122,One-way ancova,0.7222583478180375
2397141386969870645,CTR,CVD,14.429096335895428,0.1135693578069174,14.340776750463926,0.10973449041993803,-1.460883210426948,0.24018599336889548,-0.129884190973674,0.08890799075972332,-0.4128290976772029,0.15306071572985483,0.08831958543150265,1.0631311528134284,2.1341797545073455,0.24018599336889593,0.7222583478180385,FDR correction BH,False,0.6194523224117255,One-way ancova,0.7222583478180375
9136796781233134608,CTR,CVD,11.739645521406878,0.46676539146655105,11.467078505120567,0.13553251058677956,-1.447059450473714,0.24368298987805206,-0.3988923906181915,0.27565722368048445,-1.276156703645067,0.47837192240868387,0.2725670162863114,1.2079552557112474,2.0939810532052867,0.24368298987805234,0.7222583478180385,FDR correction BH,False,0.6131747853820739,One-way ancova,0.7222583478180375
3765483309672791326,CTR,CVD,12.829648795216542,0.21725185113379364,13.190747054989671,0.38768176715029534,1.4457519704317325,0.24401659679873036,0.42813604679848655,0.2961338151734533,-0.5142939191700027,1.3705660127669756,-0.36109825977312937,0.778571661919686,2.090198760007237,0.2440165967987306,0.7222583478180385,FDR correction BH,False,0.6125806340998872,One-way ancova,0.7222583478180375
17295471645399597575,CTR,CVD,12.41480642903455,0.6432343216940344,11.76677140189775,0.12576680917437627,-1.4361771800242882,0.24647478492055414,-0.668027064284806,0.46514251415240315,-2.148318139879754,0.8122640113101424,0.6480350271368014,1.5670324193560061,2.0626048924225167,0.24647478492055436,0.7248783018811058,FDR correction BH,False,0.6082275036889525,One-way ancova,0.7248783018811051
15348504802110784848,CTR,CVD,13.201921569077001,0.10383976284066426,13.487585047838254,0.24003275817060718,1.4306270785426618,0.24791197037750873,0.2581006923009879,0.18041088147437245,-0.31604725088020574,0.8322486354821816,-0.2856634787612524,0.8203642460173942,2.0466938378595114,0.24791197037750898,0.726722344537992,FDR correction BH,False,0.6057025029079026,One-way ancova,0.7267223445379912
13922238524316478464,CTR,CVD,13.872166296656403,0.3257232700742157,14.119107637611622,0.4868535619080584,1.415352283626638,0.2519143416319559,0.42277217900658015,0.29870455850276856,-0.5278390395721226,1.373383397585283,-0.24694134095521925,0.8426810916733204,2.003222086767139,0.2519143416319562,0.7299888531058177,FDR correction BH,False,0.5987471071572235,One-way ancova,0.7299888531058167
4466705544484355961,CTR,CVD,13.374721859346849,0.3003911656998018,13.112642555744946,0.36949519313749873,-1.395580949992258,0.25719868370455407,-0.38254790892344437,0.2741137365951911,-1.254900157178474,0.4898043393315852,0.2620793036019027,1.1992058312063487,1.9476461879812934,0.25719868370455434,0.7299888531058177,FDR correction BH,False,0.5897312583812196,One-way ancova,0.7299888531058167
535349152681639185,CTR,CVD,12.191076100244018,1.0553417230779878,12.189649422129174,0.1472879870077623,1.3927510637572658,0.2579647337118454,0.4194918462013545,0.3011965721064889,-0.5390500718632263,1.3780337642659353,0.0014266781148446483,1.000989387033629,1.9397555255969952,0.2579647337118457,0.7299888531058177,FDR correction BH,False,0.5884396622585334,One-way ancova,0.7299888531058167
3473321372625047074,CTR,CVD,13.3726891803009,0.6024103378344372,13.56665766485832,0.6265027919117487,1.3927013117917741,0.25797822344988175,0.4989130547412818,0.3582340667859408,-0.6411476275285913,1.6389737370111548,-0.19396848455741988,0.874197716911194,1.9396169438665285,0.2579782234498821,0.7299888531058177,FDR correction BH,False,0.5884169523108095,One-way ancova,0.7299888531058167
13545669920828149981,CTR,CVD,10.252508108257759,0.10221743812592571,10.355139172982222,0.06403684819304845,1.3932639146706125,0.2578257235240573,0.11571140395902921,0.08305059991910078,-0.14859267090515457,0.38001547882321296,-0.10263106472446282,0.9313329558469785,1.9411843359232799,0.2578257235240576,0.7299888531058177,FDR correction BH,False,0.5886737548366316,One-way ancova,0.7299888531058167
2843968656372096063,CTR,CVD,10.554056800268155,0.12312184901280172,10.710762467736187,0.15494744232926777,1.4107302172733078,0.2531391399063526,0.18628407547722117,0.13204797997258141,-0.2339515305067709,0.6065196814612133,-0.1567056674680316,0.8970711576523442,1.990159745927994,0.25313913990635284,0.7299888531058177,FDR correction BH,False,0.5966406998391193,One-way ancova,0.7299888531058167
16350392817230700824,CTR,CVD,13.349156722698238,0.22327003012247182,13.55583122328769,0.1873712859112189,1.4041100483244557,0.2549046014777655,0.2616925204866019,0.18637607557818084,-0.3314393326305602,0.854824373603764,-0.20667450058945214,0.8665323405057959,1.971525027805705,0.2549046014777659,0.7299888531058177,FDR correction BH,False,0.5936223246783796,One-way ancova,0.7299888531058167
11186780649715226495,CTR,CVD,11.728193698147399,0.13921865055922758,11.869739447986433,0.13895925607582346,1.393721960101598,0.25770163653009237,0.17706147996959032,0.12704218275837678,-0.22724344516505396,0.5813664051042347,-0.14154574983903423,0.9065473308389278,1.9424609020694406,0.25770163653009265,0.7299888531058177,FDR correction BH,False,0.5888828234602251,One-way ancova,0.7299888531058167
9074205235300014723,CTR,CVD,11.125808462559746,1.1683809950055422,11.449046546542002,0.5847148769078622,1.3951846979466198,0.2573058019208008,0.7743721199920502,0.5550319761474892,-0.9919873418131498,2.5407315817972504,-0.32323808398225573,0.7992739174987268,1.9465403413844007,0.2573058019208011,0.7299888531058177,FDR correction BH,False,0.5895504208872845,One-way ancova,0.7299888531058167
977317621155559980,CTR,CVD,13.635632502040444,0.5142434634559846,12.775192773331227,1.3192864481778144,-1.4165878761206638,0.25158800628572375,-1.1941714172687934,0.8429914143688992,-3.8769463293134514,1.4886034947758648,0.8604397287092169,1.8155916126670486,2.0067212107720533,0.25158800628572403,0.7299888531058177,FDR correction BH,False,0.5993100664385449,One-way ancova,0.7299888531058167
16149690114838624254,CTR,CVD,11.768975950417603,0.20787363979673365,11.892785626941967,0.06539775093402196,1.3977660339929519,0.2566088527415776,0.17757829482873,0.12704436258294816,-0.2267335674805676,0.5818901571380276,-0.12380967652436325,0.9177609473509891,1.9537498857843858,0.25660885274157785,0.7299888531058177,FDR correction BH,False,0.5907283649895507,One-way ancova,0.7299888531058167
4847545631132089560,CTR,CVD,10.289359630981556,0.30428229462876955,10.405943024683902,0.15310076832958833,1.3893406441004832,0.2588911885044373,0.2254760374831188,0.16228995994650494,-0.2910030459333668,0.7419551208996045,-0.11658339370234572,0.9223694316008534,1.9302674253495455,0.2588911885044377,0.7302685411587442,FDR correction BH,False,0.5868827307510018,One-way ancova,0.7302685411587431
14263668558351541760,CTR,CVD,13.435959247244762,0.33889118504905585,13.821383788927113,0.15848124188778775,1.3827856094190505,0.2606819218972278,0.28186531774810253,0.20383876996414693,-0.36684062259798567,0.9305712580941907,-0.38542454168235096,0.7655536860136949,1.912096041616414,0.2606819218972281,0.7306167442734032,FDR correction BH,False,0.5838890857956496,One-way ancova,0.7306167442734025
11872048905895506999,CTR,CVD,13.259782595513814,0.18093228949992485,13.371951438013973,0.10942653119596965,1.3799591105021964,0.2614581660108832,0.16652174032142933,0.12067150327434595,-0.21750883942711077,0.5505523200699695,-0.11216884250015902,0.9251961434961329,1.9042871466580134,0.2614581660108834,0.7306167442734032,FDR correction BH,False,0.5825977894890102,One-way ancova,0.7306167442734025
10666848769951758026,CTR,CVD,11.524970503344322,0.17723075137358027,10.591260388918123,0.9613881096127948,-1.384602624239373,0.26018421630579247,-0.9610110195598489,0.6940699105548621,-3.1698512420141487,1.2478292028944509,0.9337101144261997,1.9101820148951782,1.9171244270505583,0.2601842163057928,0.7306167442734032,FDR correction BH,False,0.5847190528136774,One-way ancova,0.7306167442734025
17709464339328039509,CTR,CVD,14.325656018340595,0.1022172381212288,14.284474076342207,0.05301483322469603,-1.373926919728247,0.26312307277621155,-0.07723659150529082,0.056215938705508194,-0.25614079793672195,0.10166761492614033,0.04118194199838854,1.0289564640691533,1.8876751807539491,0.2631230727762119,0.7329857027337331,FDR correction BH,False,0.5798410677636177,One-way ancova,0.7329857027337322
6553591018217363712,CTR,CVD,13.473087725814148,0.27894859578453735,13.768495216498835,0.49806814437706526,1.3570241526819373,0.2678488661745969,0.4421289649948881,0.3258077346089177,-0.5947366562442977,1.4789945862340739,-0.29540749068468664,0.8148421469012157,1.8415145509621302,0.26784886617459724,0.7347413851945375,FDR correction BH,False,0.5721101876900698,One-way ancova,0.7347413851945366
1893602800126807679,CTR,CVD,10.968430685615076,0.24175693892536343,11.231026871107412,0.28860094570844425,1.3590902162870762,0.26726640062246027,0.3305211441151652,0.24319293903691105,-0.4434273261940733,1.1044696144244037,-0.26259618549233643,0.8335864977760087,1.847126216007252,0.26726640062246043,0.7347413851945375,FDR correction BH,False,0.5730556351134221,One-way ancova,0.7347413851945366
11807809617084524398,CTR,CVD,13.621023799884695,0.318835725405249,13.860939192820055,0.4754671531042853,1.363428789798362,0.2660476528619557,0.4073809222583168,0.2987914919403782,-0.5435069573177124,1.3582688018343458,-0.23991539293536057,0.846794971323066,1.8589380648510256,0.26604765286195603,0.7347413851945375,FDR correction BH,False,0.5750405681754451,One-way ancova,0.7347413851945366
7541071912758096278,CTR,CVD,10.268252327331247,0.1557766134354669,10.475675958440421,0.1492789918124104,1.3642712777232098,0.2658116769748322,0.20937773774804735,0.15347221712200187,-0.2790393525956517,0.6977948280917464,-0.20742363110917417,0.8660825037098082,1.8612361192205193,0.2658116769748325,0.7347413851945375,FDR correction BH,False,0.575425944633525,One-way ancova,0.7347413851945366
4203437722586251810,CTR,CVD,10.189823841949716,2.0085670494446863,12.178366026105946,0.5535941098131899,1.3622495086019053,0.26637833754852897,1.3036610697915862,0.9569914039679492,-1.741912687955013,4.349234827538186,-1.9885421841562305,0.2519933934273757,1.8557237236861324,0.2663783375485293,0.7347413851945375,FDR correction BH,False,0.5745010958142834,One-way ancova,0.7347413851945366
356441345885270616,CTR,CVD,11.148623257045676,0.7367438639916012,11.244982317381043,0.4145041807434343,1.353552308193679,0.2688306935216348,0.4105684443196852,0.30332661828754176,-0.554752231343872,1.3758891199832424,-0.09635906033536656,0.9353906672777864,1.8321038510164365,0.26883069352163513,0.7351863783198376,FDR correction BH,False,0.5705211475747792,One-way ancova,0.7351863783198367
4691013793466488717,CTR,CVD,10.575205469651479,0.2111711709864033,10.275835644408703,0.4742887724167349,-1.34096849684094,0.2724215220803272,-0.41874336999723055,0.312269356799737,-1.4125238307980468,0.5750370908035856,0.2993698252427759,1.2306067621501975,1.7981965095198507,0.2724215220803274,0.7382540945802225,FDR correction BH,False,0.5647585848961881,One-way ancova,0.7382540945802221
4812096527567587300,CTR,CVD,13.653629629027172,0.9730618823292121,13.729970626214197,0.26982964362950734,1.3428294129627607,0.2718873132882893,0.4587182592210409,0.34160575780727415,-0.6284237225765493,1.545860241018631,-0.07634099718702458,0.948460109438343,1.8031908323179124,0.27188731328828963,0.7382540945802225,FDR correction BH,False,0.5656110568385202,One-way ancova,0.7382540945802221
5977398444394930269,CTR,CVD,12.968268371093785,0.10778836975446279,13.057471308593533,0.09035058338023434,1.3460305782721953,0.2709709595550043,0.11821757036727218,0.08782680889688238,-0.16128653311151817,0.3977216738460625,-0.08920293749974739,0.940041961683483,1.8117983176437804,0.27097095955500455,0.7382540945802225,FDR correction BH,False,0.5670772507522381,One-way ancova,0.7382540945802221
8247170966708753500,CTR,CVD,16.75576053588264,0.14373138044297706,16.903032482712725,0.04942513643933925,1.333869608150363,0.27446961622546623,0.14407114972289095,0.10800992004208726,-0.1996646212490983,0.4878069206948802,-0.1472719468300845,0.9029562875904559,1.7792081315472026,0.2744696162254667,0.739337074337068,FDR correction BH,False,0.561505724933246,One-way ancova,0.7393370743370667
12510884256120844933,CTR,CVD,12.889232819975286,0.39598119832200085,12.893174698367616,0.15408327225788304,-1.3338999842193298,0.2744608178129796,-0.16328989868911584,0.12241539892114317,-0.552870332695607,0.2262905353173754,-0.003941878392330622,0.9972714274457315,1.7792891679003282,0.2744608178129799,0.739337074337068,FDR correction BH,False,0.5615196469231953,One-way ancova,0.7393370743370667
6914550508003274460,CTR,CVD,10.483878258054574,0.3738856592237168,9.687704518653737,0.7118742668873808,-1.3220752352357732,0.2779084813091,-0.7494158823049496,0.5668481356670311,-2.553379637315765,1.0545478727058661,0.796173739400837,1.7364895627973649,1.7478829276237253,0.2779084813091003,0.7413855428761358,FDR correction BH,False,0.5560981990681285,One-way ancova,0.7413855428761351
8416930710128103743,CTR,CVD,16.876357416804982,0.15498677705069572,17.0025974857959,0.04227733273862885,1.3242577529315473,0.277268714168966,0.14542173450435944,0.1098137686431778,-0.20405468778346256,0.4948981567921814,-0.1262400689909171,0.9162161707380596,1.7536585961993112,0.2772687141689663,0.7413855428761358,FDR correction BH,False,0.5570991316133238,One-way ancova,0.7413855428761351
5477795193004298916,CTR,CVD,13.545142428129028,0.11972683356504833,13.658196521085634,0.11686432079665197,1.3199391288779183,0.27853615155993033,0.14294628179836513,0.10829763181570647,-0.20170511644456532,0.48759768004129556,-0.11305409295660596,0.9246286090869963,1.742239303942998,0.2785361515599306,0.7413855428761358,FDR correction BH,False,0.5551184292009993,One-way ancova,0.7413855428761351
18119119843917771109,CTR,CVD,13.60661370418831,0.1369999786316628,13.737206125807319,0.09069384800691288,1.324458619504814,0.27720991176347426,0.14930569874229938,0.11272960630368467,-0.20945022033501143,0.5080616178196102,-0.1305924216190082,0.913456275744453,1.7541906347805978,0.27720991176347465,0.7413855428761358,FDR correction BH,False,0.557191245390588,One-way ancova,0.7413855428761351
9303679837492606733,CTR,CVD,12.08245236017354,0.3124078030682239,12.362031492771607,0.499763993039192,1.3053322187812104,0.28286842709843524,0.43410642704914526,0.33256394104366066,-0.6242604583960261,1.4924733124943166,-0.2795791325980659,0.8238313128017563,1.703892201388278,0.28286842709843557,0.7440849827193452,FDR correction BH,False,0.548415524448774,One-way ancova,0.7440849827193443
5064783140322624585,CTR,CVD,12.127701129169386,0.1981418528811264,12.363833389575014,0.11899903354534525,1.3057120801173214,0.28275487090850376,0.18845062518192102,0.1443278560806363,-0.27086502715149885,0.6477662775153409,-0.2361322604056273,0.8490184083291088,1.704884036164302,0.2827548709085043,0.7440849827193452,FDR correction BH,False,0.548589904915454,One-way ancova,0.7440849827193443
15393291979954931548,CTR,CVD,13.648280017854146,0.07063425130881584,13.322810181184137,0.501967279494279,-1.3091769852556843,0.2817212760474666,-0.4226986239919799,0.3228735524321994,-1.4502263680038376,0.6048291200198779,0.3254698366700097,1.2530724552299792,1.7139443787231616,0.28172127604746694,0.7440849827193452,FDR correction BH,False,0.5501803531523518,One-way ancova,0.7440849827193443
13899907730349196787,CTR,CVD,13.52157141403584,0.21113863216445267,13.455730111683607,0.06072538977489802,-1.3116032442260253,0.28099987794124553,-0.13643026218217588,0.10401793589850651,-0.46746175796567324,0.19460123360132145,0.06584130235223284,1.0466951383107952,1.7203030702642348,0.2809998779412459,0.7440849827193452,FDR correction BH,False,0.5512938687406675,One-way ancova,0.7440849827193443
4698532952140190153,CTR,CVD,12.593223409554197,0.1942834227458978,12.799150152193924,0.08161247003752418,1.2753766359620744,0.2919755177903173,0.14918570968360959,0.11697384558959875,-0.22307727302790084,0.52144869239512,-0.20592674263972732,0.8669815861030369,1.6265855635579376,0.29197551779031766,0.7442669791041514,FDR correction BH,False,0.5346535627102316,One-way ancova,0.744266979104151
12274300048680191732,CTR,CVD,13.082116888125961,0.7383949505093731,12.18092004612677,0.6589669440990494,-1.286912897005451,0.2884324933367907,-0.9061041408819508,0.7040912737687116,-3.1468368136700775,1.3346285319061757,0.9011968419991909,1.8676146906864477,1.6561448044789628,0.28843249333679105,0.7442669791041514,FDR correction BH,False,0.5399558157904653,One-way ancova,0.744266979104151
16244040142093300111,CTR,CVD,12.71812919187885,0.2605084722701885,12.88995755930673,0.19873401453015216,1.2751186078817789,0.292055280437145,0.24892133023370266,0.1952142559092676,-0.37233755722356265,0.870180217690968,-0.17182836742787977,0.8877169396835687,1.6259274641663661,0.2920552804371453,0.7442669791041514,FDR correction BH,False,0.5345349371935644,One-way ancova,0.744266979104151
15572909708356855309,CTR,CVD,15.63380333044715,0.19280256406653556,15.76107872166503,0.10382958695642315,1.2799767569372849,0.2905573138429523,0.173635564376876,0.13565524798461917,-0.2580799783641957,0.6053511071179477,-0.12727539121787856,0.9155589017684506,1.6383404982996894,0.2905573138429527,0.7442669791041514,FDR correction BH,False,0.5367681881251976,One-way ancova,0.744266979104151
5942766289881939599,CTR,CVD,13.630337087130926,0.1924351564338869,13.749911532146944,0.05655267882025781,1.2820103331352695,0.2899326594759976,0.1607737073401447,0.12540749726014955,-0.23832891897036454,0.5598763336506539,-0.11957444501601877,0.9204591204709995,1.6435504942656045,0.28993265947599794,0.7442669791041514,FDR correction BH,False,0.5377028607701886,One-way ancova,0.744266979104151
15983569539215913276,CTR,CVD,10.961677568350089,0.2004514974046358,10.264909735627713,0.956704889507759,-1.2753140645148704,0.29199485803595737,-0.836550731740309,0.655956642380897,-2.9240975247120655,1.2509960612314472,0.6967678327223759,1.6208693786036705,1.626425963149439,0.29199485803595787,0.7442669791041514,FDR correction BH,False,0.5346247963127878,One-way ancova,0.744266979104151
6694735056749222180,CTR,CVD,14.100480171124703,0.8004393082708149,13.64908433053859,0.26225290338243007,-1.273294512706574,0.2926197994843293,-0.6450726609975324,0.5066170116655383,-2.257354097966679,0.9672087759716144,0.4513958405861125,1.3673625716582123,1.621278916088672,0.2926197994843296,0.7442669791041514,FDR correction BH,False,0.5336962916219439,One-way ancova,0.744266979104151
8909149417903301898,CTR,CVD,12.57367581747616,0.2118228162243117,12.067822112247951,0.7779460488301999,-1.2725094358829017,0.29286311381171765,-0.6570521882218796,0.516343666847546,-2.3002881830377806,0.9861838065940214,0.5058537052282084,1.419963361549698,1.6192802644110205,0.2928631138117179,0.7442669791041514,FDR correction BH,False,0.5333353243812736,One-way ancova,0.744266979104151
12424749584664471656,CTR,CVD,13.76929582873668,0.7645604490621699,14.035591898440662,0.6630163660405897,1.29707058452759,0.28535004510526357,0.6000819125578414,0.4626439915576368,-0.8722577490367236,2.0724215741524064,-0.2662960697039818,0.8314514504979706,1.6823921012467442,0.2853500451052639,0.7442669791041514,FDR correction BH,False,0.5446220544661163,One-way ancova,0.744266979104151
11175641999362426862,CTR,CVD,16.466484551556302,0.20697337720277137,16.13789274642043,0.4557398300799034,-1.2724086565569357,0.2928943630142311,-0.4150493733007615,0.32619188117114917,-1.4531375203476085,0.6230387737460855,0.32859180513587205,1.255787019599842,1.6190237892810262,0.2928943630142313,0.7442669791041514,FDR correction BH,False,0.5332889865818762,One-way ancova,0.744266979104151
7653176170287298952,CTR,CVD,13.24263930619305,0.44519002495410526,13.886346119796775,0.4593535513571544,1.2989490622792474,0.28478379207422383,0.4888922954373521,0.3763752633836925,-0.7089017709184715,1.6866863617931755,-0.6437068136037247,0.6400662688206005,1.687268666396136,0.28478379207422416,0.7442669791041514,FDR correction BH,False,0.5454847313730671,One-way ancova,0.744266979104151
8921250430649116154,CTR,CVD,11.502225031853046,0.38324524054914616,11.730936631767923,0.3492821825938786,1.2747419157940285,0.29217176571792747,0.36780297430433956,0.28853132524102926,-0.5504324756677459,1.2860384242764251,-0.22871159991487744,0.8533966782202599,1.6249669518822298,0.29217176571792797,0.7442669791041514,FDR correction BH,False,0.5343617548129468,One-way ancova,0.744266979104151
9228177389895580713,CTR,CVD,14.752086542751877,0.32616409727303364,14.324207464769984,0.27776237076088295,-1.2680268805148265,0.2942564043036982,-0.34170682108665584,0.26947916194640986,-1.1993097843741074,0.5158961422007957,0.42787907798189373,1.3452544489325269,1.607892169708162,0.29425640430369865,0.7456158041254737,FDR correction BH,False,0.5312740762381755,One-way ancova,0.7456158041254726
820689870707563035,CTR,CVD,10.390833633429088,0.1679006964824548,9.86141426402199,0.8041559763066503,-1.239144847184987,0.30340007594848994,-0.6671008572159952,0.538355833647272,-2.3803893909349854,1.0461876765029947,0.5294193694070977,1.443348185153959,1.5354799523051048,0.3034000759484904,0.7476644728730656,FDR correction BH,False,0.5179843148347004,One-way ancova,0.7476644728730645
4883470883954543059,CTR,CVD,16.87600776451769,0.11662100942820244,16.961225294769097,0.026139991501098823,1.255627408618061,0.29814645045949884,0.10136986520390491,0.08073244061745372,-0.15555679215569185,0.35829652256350164,-0.08521753025140555,0.9426423931294028,1.5766001892729076,0.2981464504594992,0.7476644728730656,FDR correction BH,False,0.525570356719145,One-way ancova,0.7476644728730645
13658521569503518217,CTR,CVD,11.939718021031757,0.532842843178967,11.217719339959379,0.7722299637573397,-1.2393352314169341,0.30333885059601806,-0.8082172163613502,0.6521376911372996,-2.883610402057859,1.2671759693351587,0.7219986810723782,1.6494655892599497,1.5359518158312655,0.30333885059601856,0.7476644728730656,FDR correction BH,False,0.5180719631844538,One-way ancova,0.7476644728730645
18308119683985001309,CTR,CVD,10.873769950772163,0.260914983149715,10.500866012582662,0.2828620937134437,-1.2490334499233926,0.30023682318720046,-0.3306798802199451,0.2647486184138838,-1.1732281427203228,0.5118683822804326,0.3729039381895003,1.2949567713219343,1.5600845590275318,0.30023682318720096,0.7476644728730656,FDR correction BH,False,0.5225360438506629,One-way ancova,0.7476644728730645
431037203492052171,CTR,CVD,12.91695240938356,0.424351391249269,13.071280905069997,0.09483348212017619,1.2479787162537737,0.3005725916897337,0.2821074863742966,0.22605152051081187,-0.43728933987922636,1.0015043126278196,-0.15432849568643725,0.8985505070869464,1.5574508762224173,0.30057259168973405,0.7476644728730656,FDR correction BH,False,0.5220506239507158,One-way ancova,0.7476644728730645
8693324060560743559,CTR,CVD,12.972070855145168,0.32445495538911967,13.134123083582926,0.11088586508535135,1.2403484822882924,0.3030132151610952,0.24718095359494532,0.1992834732533606,-0.38702799956442735,0.8813899067543179,-0.16205222843775857,0.893752806137048,1.5384643575148702,0.30301321516109564,0.7476644728730656,FDR correction BH,False,0.5185384304205091,One-way ancova,0.7476644728730645
13744278319642789584,CTR,CVD,13.328374756621917,0.3133861440249593,13.58527047500016,0.1953312992137279,1.2439054578077418,0.3018729373620494,0.30885889840273195,0.24829772750339457,-0.48133528710092477,1.0990530839063886,-0.2568957183782423,0.8368867327725699,1.5473007879638878,0.3018729373620498,0.7476644728730656,FDR correction BH,False,0.5201758193423935,One-way ancova,0.7476644728730645
6794821328786805217,CTR,CVD,10.840349885331676,0.31833115829221564,10.542351069414645,0.774836614001121,-1.2579759831504378,0.2974055655729333,-0.5454080917737576,0.43356001949087586,-1.9251895739214684,0.8343733903739532,0.2979988159170315,1.2294378582007024,1.582503574183311,0.29740556557293363,0.7476644728730656,FDR correction BH,False,0.5266509084603426,One-way ancova,0.7476644728730645
17482406678633794482,CTR,CVD,10.576279251923927,0.16802759592984218,10.610430219321893,0.12739361729385226,1.2424893270347566,0.30232638221128155,0.1080953080383419,0.08699898315932827,-0.1687742844805502,0.384964900557234,-0.034150967397966525,0.9766063289640006,1.5437797277952825,0.302326382211282,0.7476644728730656,FDR correction BH,False,0.5195239528921621,One-way ancova,0.7476644728730645
17788935269045359157,CTR,CVD,15.436971954811682,1.175564817856696,16.490201956920746,0.40083598206081866,1.2604567389537553,0.29662505482398743,1.1079797054749516,0.8790303318102233,-1.6894871262272932,3.9054465371771965,-1.0532300021090641,0.4818880725890526,1.5887511907739358,0.29662505482398765,0.7476644728730656,FDR correction BH,False,0.5277921685057364,One-way ancova,0.7476644728730645
14403600719316384417,CTR,CVD,11.78572750288687,0.4383505633478034,11.455459921327007,0.21356991028496808,-1.2232656232726489,0.30855168876384753,-0.40016080710414575,0.3271250327738144,-1.4412186590211649,0.6408970448128732,0.3302675815598626,1.2572465386932166,1.4963787850806223,0.30855168876384775,0.7562045486917253,FDR correction BH,False,0.5106720722642986,One-way ancova,0.7562045486917247
10055755363513207869,CTR,CVD,12.201423700996726,0.6765255252444932,11.897184459597433,0.06049081892463418,-1.2252796721787442,0.30789333351345277,-0.4772785682227516,0.3895262274073915,-1.7169248714467222,0.762367735001219,0.3042392413992925,1.234767350770896,1.5013102750544507,0.30789333351345316,0.7562045486917253,FDR correction BH,False,0.5115997143110418,One-way ancova,0.7562045486917247
16956673372407556991,CTR,CVD,10.548629132459126,0.4746808553925849,10.314716551550688,0.0707509934103458,-1.2206110029043176,0.3094216420658105,-0.3477696021136303,0.2849143595184285,-1.2544942528854852,0.5589550486582245,0.23391258090843792,1.176019988027695,1.489891220411084,0.30942164206581085,0.7562703349673905,FDR correction BH,False,0.5094493134516164,One-way ancova,0.7562703349673897
12914760889465323549,CTR,CVD,11.413855529002014,0.16360933268338726,11.700004970247045,0.2534925203871525,1.1946809685870083,0.31805233808081707,0.2387799432968773,0.19986921159319282,-0.39729309067795776,0.8748529772717124,-0.2861494412450316,0.8200879581680792,1.4272626167039921,0.3180523380808176,0.7607811926893158,FDR correction BH,False,0.4975014074703609,One-way ancova,0.7607811926893144
6893284296588650560,CTR,CVD,10.916700744242819,0.23271297364502053,11.150818999359272,0.10892055063406465,1.1957303340176064,0.3176983389246773,0.1573431988304427,0.13158752801877646,-0.2614270435344018,0.5761134411952873,-0.2341182551164529,0.850204467477643,1.4297710316898564,0.31769833892467786,0.7607811926893158,FDR correction BH,False,0.49798505586134034,One-way ancova,0.7607811926893144
6096840032550102536,CTR,CVD,14.55325260616724,0.3247200571294083,14.913983572440516,0.2676301146085048,1.2016421790298153,0.315711483201104,0.3597522377701615,0.29938382993564616,-0.5930207256703877,1.3125252012107107,-0.3607309662732767,0.7787699025091258,1.4439439264235225,0.31571148320110437,0.7607811926893158,FDR correction BH,False,0.5007096214648413,One-way ancova,0.7607811926893144
1821494463898254515,CTR,CVD,13.785619304930405,0.11346137173257784,13.119661013440634,0.7128546853904413,-1.195188411949528,0.31788110405377856,-0.5996826461455392,0.5017473731755554,-2.1964667200941697,0.9971014278030913,0.6659582914897708,1.5866218162663148,1.4284753400584345,0.317881104053779,0.7607811926893158,FDR correction BH,False,0.49773528727578376,One-way ancova,0.7607811926893144
5414292047128760711,CTR,CVD,13.129715816763516,0.08110732645813336,13.208457044128501,0.06034446311653121,1.2080799792997448,0.31356226617103494,0.08575591226909571,0.07098529380381217,-0.14015097372636423,0.3116627982645557,-0.07874122736498457,0.9468834561452212,1.459457236384872,0.3135622661710352,0.7607811926893158,FDR correction BH,False,0.5036762054891806,One-way ancova,0.7607811926893144
3181181695221569393,CTR,CVD,12.479864692882183,1.279581371077838,11.273230786767195,0.15488500109769582,-1.2023949266095686,0.31545940956168694,-1.0673198298931303,0.8876616212134945,-3.8922552766666545,1.757615616880394,1.2066339061149876,2.3079850934742083,1.4457535595364297,0.3154594095616873,0.7607811926893158,FDR correction BH,False,0.5010565138760971,One-way ancova,0.7607811926893144
2735186594213692824,CTR,CVD,11.134573389257,0.18688161815739612,10.813285337601096,0.2959463599336579,-1.1955545575329922,0.31775760844741385,-0.21949785885486267,0.18359501661537972,-0.8037791411510806,0.36478342344135534,0.3212880516559036,1.2494455677927467,1.4293507000379093,0.31775760844741424,0.7607811926893158,FDR correction BH,False,0.4979040418214195,One-way ancova,0.7607811926893144
12461806057649921553,CTR,CVD,10.935435515304013,0.12461681893692106,11.053035636301841,0.08843868888902931,1.1990830488015052,0.3165699989951395,0.12854740790917596,0.1072047578669887,-0.21262597767351626,0.4697207934918682,-0.11760012099782813,0.9217196284366709,1.4378001579231128,0.31656999899513993,0.7607811926893158,FDR correction BH,False,0.49953024515347366,One-way ancova,0.7607811926893144
10769133496918641798,CTR,CVD,12.244526631445462,0.39109685830747254,11.860813841083774,0.3383787719651592,-1.18932912581709,0.3198640081456707,-0.42861881146186,0.3603870469138569,-1.5755312373851704,0.7182936144614503,0.38371279036168815,1.3046951850062654,1.4145037695168432,0.31986400814567106,0.7619281110088856,FDR correction BH,False,0.4950346250084776,One-way ancova,0.7619281110088845
13623769990122333087,CTR,CVD,11.257142126601112,1.0989180666331906,11.4405585528486,0.33871956721094326,1.1879825026901378,0.320321506360905,0.5804431457655406,0.4885957027575329,-0.9744864432529379,2.135372734784019,-0.18341642624748822,0.8806151525605447,1.4113024266979233,0.3203215063609054,0.7619281110088856,FDR correction BH,False,0.49441390185970846,One-way ancova,0.7619281110088845
5744573979712194482,CTR,CVD,12.008030801508598,0.3591543055711709,11.85515178729387,0.06569798851720154,-1.1841530347384874,0.32162615180886334,-0.2467338929134744,0.20836318083495345,-0.9098385279189487,0.416370742092,0.1528790142147276,1.1117859181776821,1.4022184096803696,0.3216261518088638,0.7619281110088856,FDR correction BH,False,0.49264864548167364,One-way ancova,0.7619281110088845
5846005584030459925,CTR,CVD,9.566230549030744,1.3653087508603303,9.607132961707038,0.05819542096677287,1.1832649115189366,0.32192949171947294,0.5558991414178811,0.46980108681181376,-0.9392175915249068,2.051015874360669,-0.04090241267629402,0.972046737310723,1.4001158508319171,0.3219294917194734,0.7619281110088856,FDR correction BH,False,0.49223923609990616,One-way ancova,0.7619281110088845
14781740205182166668,CTR,CVD,13.54073547935697,0.06907239854589313,13.680855591510229,0.15714523931191504,1.1766465818373304,0.32419913672846185,0.14354868316730204,0.12199813043535226,-0.24470381628827234,0.5318011826228765,-0.1401201121532587,0.9074436025916602,1.3844971785494735,0.32419913672846234,0.7632719833213405,FDR correction BH,False,0.489188145917376,One-way ancova,0.7632719833213393
17451123247133417463,CTR,CVD,10.89715710618457,0.1559207383218201,11.036167352151246,0.07657380290765885,1.178080678265188,0.3237059669316786,0.14511390558184112,0.1231782408956339,-0.24689423204788385,0.5371220432115661,-0.13901024596667533,0.9081419681080297,1.3878740845017654,0.323705966931679,0.7632719833213405,FDR correction BH,False,0.4898492950935102,One-way ancova,0.7632719833213393
7545422250087548694,CTR,CVD,10.679504924287679,0.14219875696113454,10.837034496114981,0.2135558886777399,1.1684631156989798,0.32702790266642967,0.19825898182008356,0.1696750022797974,-0.3417226022843565,0.7382405659245237,-0.1575295718273022,0.896558998248479,1.3653060527489673,0.32702790266643006,0.7650834700259286,FDR correction BH,False,0.48541519089604007,One-way ancova,0.7650834700259268
8480360908141253920,CTR,CVD,11.421572198808079,0.15176134803660102,11.192816902155853,0.2539702821992947,-1.1645758837519138,0.3283803076476943,-0.24349365481338767,0.20908354552983208,-0.9088908117805358,0.4219035021537604,0.22875529665222594,1.1718235074625887,1.3562369890165504,0.3283803076476951,0.7650834700259286,FDR correction BH,False,0.48362289459878754,One-way ancova,0.7650834700259268
13931014245310499845,CTR,CVD,12.447681094836442,0.995480353309117,12.416042343046664,0.35901567144844326,1.1658565343857628,0.3279341356675084,0.37918376671432036,0.32524050389621495,-0.6558766732389809,1.4142442066676215,0.03163875178977804,1.0221725484183906,1.3592214587699816,0.3279341356675088,0.7650834700259286,FDR correction BH,False,0.4842133739362403,One-way ancova,0.7650834700259268
15042219681194870154,CTR,CVD,11.09856415821693,0.19142467147969067,11.377242697625329,0.2596821282842483,1.1651488750170824,0.3281806049401495,0.2663897860488887,0.2286315437973393,-0.4612178257803909,0.9939973978781682,-0.27867853940839815,0.8243457447999166,1.3575719009535727,0.32818060494015006,0.7650834700259286,FDR correction BH,False,0.483887088780682,One-way ancova,0.7650834700259268
1747965644941981794,CTR,CVD,13.902284332858812,0.07555159677126048,13.5303282413562,0.619365927340448,-1.157869985820842,0.3307266040705443,-0.4748223675850977,0.41008262879228585,-1.7798883144463657,0.8302435792761702,0.37195609150261255,1.2941062676930146,1.3406629040647573,0.33072660407054477,0.7685537923608255,FDR correction BH,False,0.48053086847815746,One-way ancova,0.7685537923608246
6267019669147656032,CTR,CVD,12.479953296539462,0.9933910431007776,13.333394254643887,0.37437047138885443,1.1505575301467883,0.33330433226475903,0.8685449611765951,0.7548905103995852,-1.533853554538716,3.2709434768919063,-0.8534409581044251,0.5534631010172499,1.3237826301774773,0.33330433226475953,0.7710520713625941,FDR correction BH,False,0.4771590413756197,One-way ancova,0.7710520713625931
8282268869730900377,CTR,CVD,13.209434240880604,0.09432847358646332,13.340695641856163,0.1446442237450074,1.1494966670026827,0.33367996968550856,0.14020327633731805,0.121969276085766,-0.24795739570002417,0.5283639483746603,-0.13126140097555883,0.9130328032044299,1.3213425874502764,0.333679969685509,0.7710520713625941,FDR correction BH,False,0.4766698626174425,One-way ancova,0.7710520713625931
10447647199806930881,CTR,CVD,10.561752109823338,0.6333629683677218,11.172664486288829,0.21246082711628342,1.1454050295216687,0.3351327402320635,0.509275278720509,0.44462462237762906,-0.9057187080035871,1.9242692654446052,-0.6109123764654907,0.6547824792066234,1.3119526816535347,0.335132740232064,0.7710520713625941,FDR correction BH,False,0.4747831424197184,One-way ancova,0.7710520713625931
6937234703272191824,CTR,CVD,12.183458670249626,0.13873600901995267,12.062845403090668,0.07774418830338797,-1.1426916981887414,0.3360996208503611,-0.128446101619503,0.11240661135728951,-0.48617410662303306,0.229281903384027,0.12061326715895859,1.087196914764046,1.3057443171094696,0.33609962085036155,0.7710520713625941,FDR correction BH,False,0.4735319774522389,One-way ancova,0.7710520713625931
7418563988080268432,CTR,CVD,13.763274820550743,0.15338655066376403,14.056500734459513,0.28059066269902666,1.1429956430997703,0.33599117315200505,0.21899540274797472,0.19159775811049085,-0.39075417465150486,0.8287449801474542,-0.2932259139087705,0.8160752456255336,1.3064390401450572,0.33599117315200566,0.7710520713625941,FDR correction BH,False,0.47367213184149765,One-way ancova,0.7710520713625931
10029152507250625847,CTR,CVD,12.360953624577013,0.1397249992676,12.505401116305224,0.12016080118956733,1.1274216356607123,0.34159319246873066,0.14769955481507646,0.1310064931728216,-0.2692215753510176,0.5646206849811706,-0.14444749172821147,0.9047257936542631,1.2710795445558758,0.3415931924687307,0.7816558511338046,FDR correction BH,False,0.4664907928504942,One-way ancova,0.7816558511338045
14297776423598649893,CTR,CVD,11.618696694410259,1.4402093507113278,11.66172432337305,0.503912823297207,1.120742667585789,0.34402403630864853,0.61098866843564,0.5451641006510274,-1.12396680945484,2.3459441463261204,-0.04302762896279155,0.9706158813873177,1.2560641269473103,0.3440240363086486,0.7832222349463396,FDR correction BH,False,0.46341121303448146,One-way ancova,0.7832222349463394
8098747853188075942,CTR,CVD,11.729499154427641,0.11536736403867816,11.692634990610365,0.08353681757392718,-1.1221767526611521,0.3435006497500717,-0.08028614677007725,0.07154500980321069,-0.30797429887983147,0.14740200533967696,0.03686416381727575,1.0258815494591755,1.2592806642131282,0.34350064975007183,0.7832222349463396,FDR correction BH,False,0.46407243711213414,One-way ancova,0.7832222349463394
17229242012144244772,CTR,CVD,9.784138127775877,0.2522801501588754,10.076282786510442,0.2120484519322167,1.1085567988845664,0.34850341903585047,0.20476452455735564,0.18471270462946995,-0.38307373982976445,0.7926027889444757,-0.2921446587345642,0.8166870979573067,1.228898176353197,0.3485034190358506,0.7911812119622533,FDR correction BH,False,0.4577929568453993,One-way ancova,0.7911812119622533
15636682488576866355,CTR,CVD,10.95902530202307,0.272315548999523,11.258324478480938,0.3487162181738287,1.101703001972296,0.3510480739810221,0.3391357753130874,0.30782867497497796,-0.6405124540215814,1.3187840046477561,-0.2992991764578683,0.8126470631916303,1.2137495045547688,0.3510480739810221,0.7911812119622533,FDR correction BH,False,0.45463340537167557,One-way ancova,0.7911812119622533
10903307418825882781,CTR,CVD,10.753684992529571,0.5344592922852349,9.876323713476232,0.9097189621350764,-1.1025218938649166,0.35074307726049825,-0.8213199099508309,0.7449465761370728,-3.19207238881242,1.549432568910758,0.8773612790533392,1.8370122908116444,1.2155545264514827,0.3507430772604982,0.7911812119622533,FDR correction BH,False,0.4550108920379783,One-way ancova,0.7911812119622533
14677283383020148433,CTR,CVD,13.90382618749088,0.14431497317617764,13.9822363030127,0.05864606200291313,1.1035946143895103,0.35034393706063305,0.1089190875647121,0.0986948342666245,-0.20517192309774973,0.4230100982271739,-0.07841011552181953,0.947100799588331,1.2179210729095322,0.35034393706063305,0.7911812119622533,FDR correction BH,False,0.45550539386583844,One-way ancova,0.7911812119622533
984793186199627279,CTR,CVD,11.766635036723535,0.5932883076641012,12.186208837386475,0.472358197444367,1.0883724402393986,0.3560499005297017,0.5433728974913912,0.49925271662692117,-1.0454720659410852,2.1322178609238676,-0.41957380066294014,0.7476454602724758,1.1845545686726633,0.3560499005297018,0.7990449862374652,FDR correction BH,False,0.44848913122379247,One-way ancova,0.7990449862374651
7391230915848366727,CTR,CVD,9.639096010882012,0.6885525744771965,10.262936118749357,0.19478367340140154,1.087660913373454,0.35631883444257084,0.4292568558367496,0.3946605514262532,-0.82672915789118,1.685242869564679,-0.6238401078673448,0.6489413008575379,1.1830062624803765,0.3563188344425709,0.7990449862374652,FDR correction BH,False,0.4481612209319155,One-way ancova,0.7990449862374651
8396671137903216416,CTR,CVD,12.199615088348096,0.6586909065424986,12.237995345386317,0.25248052501932394,1.0779094710155315,0.36002466167078284,0.29346776651600104,0.2722564133697759,-0.5729736503025873,1.1599091833345894,-0.03838025703822012,0.973747580080376,1.1618888277049833,0.3600246616707827,0.8013452146865808,FDR correction BH,False,0.44366774906411477,One-way ancova,0.8013452146865812
13848164088191345487,CTR,CVD,12.045510962568086,0.6559811150615159,12.152086407018468,0.23541453564693404,1.0810460648322993,0.3588285723509895,0.33897556756619196,0.3135625562993716,-0.6589204312042318,1.3368715663366157,-0.1065754444503817,0.928790135974164,1.1686605942894,0.35882857235098936,0.8013452146865808,FDR correction BH,False,0.44511298279539285,One-way ancova,0.8013452146865812
528169933416181873,CTR,CVD,10.592769069821495,0.1942927277004693,10.792486556704128,0.3224490081062794,1.0795805454017229,0.35938694043964925,0.2648076231230582,0.2452875093488468,-0.5158067047365584,1.0454219509826748,-0.19971748688263347,0.8707210539602142,1.1654941540098815,0.35938694043964925,0.8013452146865808,FDR correction BH,False,0.44443770852377684,One-way ancova,0.8013452146865812
13886332365131787511,CTR,CVD,14.84578815235223,0.37445923263482117,14.633344260383227,0.5200087918482088,-1.0750281574258975,0.36112683440980425,-0.38391384496599407,0.3571198040851851,-1.5204284460207311,0.7526007560887431,0.21244389196900215,1.1586492474150598,1.1556855392585201,0.3611268344098041,0.8018088377861244,FDR correction BH,False,0.4423402390638917,One-way ancova,0.8018088377861248
15239421310847892283,CTR,CVD,10.440169093494886,0.17010016220869242,10.729560169427641,0.28524136826728524,1.0660723116934356,0.36457370224559293,0.2137527743579753,0.20050494887953058,-0.42434345939489676,0.8518490081108474,-0.28939107593275537,0.8182473466149901,1.1365101737593857,0.3645737022455929,0.8074632368254243,FDR correction BH,False,0.4382146614669155,One-way ancova,0.8074632368254244
1021746935378395658,CTR,CVD,11.756848845015009,0.17693706199817028,12.014269711088174,0.35803590699568094,1.0391312709119622,0.3751360299418771,0.289934138313222,0.2790158918601016,-0.5980189558525518,1.1778872324789957,-0.25742086607316494,0.8365821575520044,1.07979379818711,0.3751360299418769,0.8089383553222859,FDR correction BH,False,0.42581122203035077,One-way ancova,0.808938355322286
13373348784299833041,CTR,CVD,11.216522227405646,0.21383529453440184,11.029994726927812,0.16571800585674804,-1.0303403769636776,0.378645910097616,-0.19744532492551636,0.19163116319615695,-0.8073012122164517,0.41241056236541895,0.18652750047783329,1.1380212527455726,1.0616012924016534,0.3786459100976161,0.8089383553222859,FDR correction BH,False,0.42176672979837987,One-way ancova,0.808938355322286
11697002715155482798,CTR,CVD,11.969185253596805,0.4134544448128861,11.230150416717722,0.9861011448235143,-1.025018179805404,0.3807861410824891,-0.7771242184768432,0.7581565222817583,-3.1899166416395905,1.6356682046859043,0.7390348368790836,1.6690588647296924,1.0506622689315837,0.380786141082489,0.8089383553222859,FDR correction BH,False,0.4193188663824385,One-way ancova,0.808938355322286
1733442633035970924,CTR,CVD,10.945152100693628,0.34600571332686403,11.07384196081932,0.5868898338051878,1.0302558086527713,0.3786798275882587,0.34225005584344115,0.33219910333821784,-0.7149557531940152,1.3994558648808975,-0.12868986012569295,0.9146616955507108,1.0614270312627758,0.3786798275882586,0.8089383553222859,FDR correction BH,False,0.421727829287535,One-way ancova,0.808938355322286
15235242470755121298,CTR,CVD,11.693228308509058,0.08532115573757748,11.169217173086572,0.8038925379412438,-1.0490890220608493,0.3711980594931957,-0.5918302744813778,0.5641373248942932,-2.3871670197641692,1.2035064708014134,0.5240111354224855,1.4379476315837945,1.1005877762085896,0.37119805949319534,0.8089383553222859,FDR correction BH,False,0.43039430280231356,One-way ancova,0.808938355322286
8126578214536132445,CTR,CVD,13.091990835397764,0.9897648827222358,12.559235957399283,1.3990996072373294,-1.023317187784207,0.3814726023426165,-0.9853427199133683,0.9628908139879239,-4.049691033281393,2.0790055934546565,0.5327548779984816,1.4466890643793175,1.0471780668145783,0.38147260234261643,0.8089383553222859,FDR correction BH,False,0.4185366479546936,One-way ancova,0.808938355322286
12021884740683109690,CTR,CVD,11.413677445723351,0.270702754388144,11.718791271627262,0.25069363111456283,1.0370166346740195,0.37597746189887044,0.2619963490412492,0.2526443070256113,-0.5420305924035105,1.0660232904860087,-0.305113825903911,0.8093783556102119,1.075403500590629,0.3759774618988704,0.8089383553222859,FDR correction BH,False,0.42483818822745867,One-way ancova,0.808938355322286
7172381236789698110,CTR,CVD,12.055931976064656,0.10341537421879657,11.939891921387094,0.12687676434304127,-1.0278065994791155,0.3796633859128829,-0.11954794757976767,0.11631366021618625,-0.48970992578885875,0.2506140306293234,0.11604005467756195,1.083756055599182,1.0563864059328227,0.3796633859128829,0.8089383553222859,FDR correction BH,False,0.4206012834572982,One-way ancova,0.808938355322286
1572842960041186271,CTR,CVD,11.870742484392784,0.513816822000947,11.759260108947421,0.07678100607687248,-1.0295288818807338,0.3789714933916018,-0.26941562510791767,0.2616882632916055,-1.102224471756543,0.5633932215407076,0.11148237544536244,1.0803377181243818,1.059929718626594,0.3789714933916018,0.8089383553222859,FDR correction BH,False,0.421393456861324,One-way ancova,0.808938355322286
10175261362583580062,CTR,CVD,9.791451252471843,0.6232959470885933,10.347386042816467,0.23154990880343498,1.0427564296535987,0.37369775997094407,0.47117293278136274,0.45185329898937693,-0.9668259291178851,1.9091717946806106,-0.5559347903446241,0.6802161712034143,1.0873409715839206,0.37369775997094407,0.8089383553222859,FDR correction BH,False,0.42747950540209906,One-way ancova,0.808938355322286
15068489738637459873,CTR,CVD,7.916418982464813,0.6807574763286242,9.22095532632538,1.471417661945003,1.0415133036714883,0.3741903672818255,1.1830375408015097,1.1358832735320112,-2.4318499862846332,4.797925067887652,-1.3045363438605664,0.40485119923430996,1.0847499617246976,0.37419036728182536,0.8089383553222859,FDR correction BH,False,0.42690739666015426,One-way ancova,0.808938355322286
4238238108278476666,CTR,CVD,12.74080613196351,0.10263228997205735,12.79442866987325,0.05010273885545428,1.0277957683082568,0.379667740942913,0.07511328910699715,0.07308192096434975,-0.1574660002490742,0.3076925784630685,-0.053622537909740586,0.9635139517362414,1.05636414135236,0.379667740942913,0.8089383553222859,FDR correction BH,False,0.42059630179529667,One-way ancova,0.808938355322286
14787991841910537944,CTR,CVD,11.745084279647168,0.2232697764236383,11.399933492047674,0.5517478559414023,-1.0533344445368085,0.36953128428540283,-0.4242665453821066,0.4027842700697715,-1.7061058574922696,0.8575727667280564,0.34515078759949347,1.270283743116301,1.1095134520476668,0.36953128428540294,0.8089383553222859,FDR correction BH,False,0.4323487886158718,One-way ancova,0.808938355322286
6886693558537559659,CTR,CVD,13.992307770972644,0.15099743352778636,14.030929784826663,0.11438522261298678,1.051998456388386,0.3700550188117055,0.09770862622290505,0.09287905854762217,-0.19787399049025584,0.39329124293606593,-0.03862201385401853,0.9735844198943451,1.1067007522435468,0.3700550188117055,0.8089383553222859,FDR correction BH,False,0.4317337013655439,One-way ancova,0.808938355322286
7556345673894883689,CTR,CVD,13.383205122338206,1.36518860199179,13.776769713718144,1.5948772863119647,1.046529015044422,0.37220663802947246,1.0585135634265208,1.0114517115243002,-2.1603771988874323,4.277404325740474,-0.3935645913799384,0.7612464016366953,1.095222979329848,0.3722066380294725,0.8089383553222859,FDR correction BH,False,0.4292158858160427,One-way ancova,0.808938355322286
7609491870916640537,CTR,CVD,10.387116146908307,0.9262030864411464,10.55724947354063,0.31972911907196533,1.0266979561084784,0.3801094006431763,0.48195255559635847,0.4694200010128749,-1.0119513922536003,1.9758565034463171,-0.17013332663232283,0.888760542584076,1.054108693077327,0.3801094006431762,0.8089383553222859,FDR correction BH,False,0.42009138954719205,One-way ancova,0.808938355322286
9181753940392060228,CTR,CVD,10.046132640620351,0.6864185532832965,10.742524229211455,0.49661863618157415,1.0252823014198227,0.3806796567235555,0.5923384490374194,0.5777320531302865,-1.2462627888913524,2.430939686966191,-0.6963915885911032,0.6171137784278606,1.051203797604728,0.38067965672355547,0.8089383553222859,FDR correction BH,False,0.4194403309838127,One-way ancova,0.808938355322286
16181159098196202486,CTR,CVD,9.900607111492697,0.754028697843071,9.9655036700773,0.44175003519261885,1.0517729560469062,0.370143490285692,0.3736239335485532,0.3552324970902661,-0.7568844143332669,1.5041322814303733,-0.06489655858460353,0.956013861450195,1.1062263510716475,0.37014349028569193,0.8089383553222859,FDR correction BH,False,0.4316298841525425,One-way ancova,0.808938355322286
7766026122521983466,CTR,CVD,15.134111673460815,0.2440095397502292,15.434123543783835,0.2583676166247369,1.0209795483160542,0.3824179209604222,0.2194610295195468,0.21495144528753132,-0.4646104033512696,0.9035324623903632,-0.30001187032302035,0.8122457132677239,1.0423992380796543,0.38241792096042226,0.8090303658054216,FDR correction BH,False,0.41746176390677664,One-way ancova,0.8090303658054215
719857075506289549,CTR,CVD,15.220365446689259,0.12579968105973274,15.28897380440541,0.07722296226732203,1.0137828317471584,0.3853422480080972,0.09603771986083774,0.09473204403681394,-0.2054419236761469,0.3975173633978224,-0.06860835771615115,0.9535573683170122,1.027755629945287,0.38534224800809747,0.8101352188915885,FDR correction BH,False,0.4141533733619498,One-way ancova,0.8101352188915889
13867979927135913983,CTR,CVD,11.194263124366811,0.5961383843822753,11.69540391951965,1.2519904863810176,1.0130774139058925,0.38563003186303374,0.8319479757489462,0.8212086898091957,-1.781504585001659,3.4454005364995512,-0.501140795152839,0.7065478653246394,1.0263258465662508,0.3856300318630338,0.8101352188915885,FDR correction BH,False,0.4138291517284419,One-way ancova,0.8101352188915889
3227565735895799258,CTR,CVD,10.30623752054583,0.9244731325777439,10.388879095958574,0.2713612187347569,1.0130293374182824,0.3856496526942123,0.4151109431633737,0.40977188698334144,-0.8889660845761218,1.7191879709028692,-0.08264157541274386,0.9443269995459842,1.0262284384701246,0.3856496526942121,0.8101352188915885,FDR correction BH,False,0.41380705541530505,One-way ancova,0.8101352188915889
14066263424407701466,CTR,CVD,17.843200283124727,0.1365063565060501,17.929677744699106,0.03680301851266055,1.0091212240620218,0.38724779762436984,0.09924722555205527,0.09835015178112579,-0.21374685160793494,0.4122413027120455,-0.08647746157437908,0.9418195260713079,1.018325644852433,0.38724779762437034,0.811591762778178,FDR correction BH,False,0.4120110435036902,One-way ancova,0.811591762778177
14866421592142355544,CTR,CVD,12.140211023161852,0.1380869677684019,12.23671989998004,0.10549007701077849,1.0045566634749838,0.3891223432575397,0.11863800429242695,0.11809986296047437,-0.2572084682407125,0.49448447682556634,-0.09650887681818787,0.9352935367963857,1.0091340901319918,0.38912234325753975,0.8117273067488678,FDR correction BH,False,0.4099138314556645,One-way ancova,0.8117273067488677
3813630901821674565,CTR,CVD,13.85356183607817,0.22553372961087872,14.004433968981829,0.027324123183539783,1.0059823118434124,0.3885359446308086,0.16161850745055772,0.16065740475535784,-0.34966505672968917,0.6729020716308046,-0.1508721329036593,0.9007058065120507,1.0120004117418169,0.38853594463080837,0.8117273067488678,FDR correction BH,False,0.41056879711351163,One-way ancova,0.8117273067488677
13353666105712376314,CTR,CVD,13.07407853482298,0.11899806509127972,13.046231986631952,0.05186262098072031,-0.996584927641461,0.3924167526258791,-0.06648591651215238,0.06671374879158504,-0.2787988398655946,0.14582700684128988,0.02784654819102883,1.0194892395753758,0.9931815180021362,0.39241675262587916,0.8156454693831215,FDR correction BH,False,0.40625246047232844,One-way ancova,0.8156454693831217
1682214327012033744,CTR,CVD,11.421329018783512,0.5348618071324046,11.369054630194775,0.24801373190813955,-0.9956153791054151,0.39281922271294156,-0.2538072536637079,0.25492500315911143,-1.0650923880920011,0.5574778807645853,0.0522743885887369,1.0368982916917378,0.9912499831112195,0.3928192227129415,0.8156454693831215,FDR correction BH,False,0.40580726804931705,One-way ancova,0.8156454693831217
12734398500373004479,CTR,CVD,12.593090861486402,0.40522215573144504,12.671774208142052,0.11118342121026023,0.9823233621462246,0.3983762389500784,0.20699130342493904,0.21071605481589592,-0.46360122668798515,0.8775838335378632,-0.0786833466556498,0.9469214457299708,0.9649591878182628,0.3983762389500786,0.8233720883369137,FDR correction BH,False,0.39970657286029887,One-way ancova,0.8233720883369132
3641357826265122562,CTR,CVD,13.829003287767904,0.21231569296374875,13.969822212148912,0.017821050754787245,0.9844438188345002,0.39748480829198213,0.14868213981170186,0.15103161497598633,-0.33196786524974115,0.6293321448731448,-0.14081892438100851,0.9070041617453259,0.969129632441454,0.3974848082919822,0.8233720883369137,FDR correction BH,False,0.4006794652491247,One-way ancova,0.8233720883369132
8961418585662054635,CTR,CVD,13.479857627389302,0.7080889767270531,13.50250885852553,0.1817513126085421,0.9786559636387708,0.39992242445437637,0.28385493651829996,0.2900456821035353,-0.6391998728557499,1.2069097458923497,-0.022651231136228134,0.9844219754661471,0.9577674951657312,0.3999224244543764,0.8238891495513512,FDR correction BH,False,0.3980242434189847,One-way ancova,0.8238891495513515
546497136210917753,CTR,CVD,11.550717922871739,0.4689296345450192,11.218978612107776,0.5274273087043757,-0.9682800371195394,0.4043274120228749,-0.448709604934076,0.463408918631543,-1.9234836058688056,1.0260643960006537,0.3317393107639628,1.2585297416559862,0.9375662302842163,0.40432741202287503,0.8238891495513512,FDR correction BH,False,0.39326681397993507,One-way ancova,0.8238891495513515
11929114688705936568,CTR,CVD,15.249282063684312,0.11312892730863199,15.304769644413076,0.02766243902795547,0.9744795499668732,0.4016900554719836,0.07462828793525389,0.07658271324194625,-0.16909208487022215,0.3183486607407299,-0.05548758072876403,0.9622691746389175,0.9496103933036399,0.4016900554719833,0.8238891495513512,FDR correction BH,False,0.3961089198418973,One-way ancova,0.8238891495513515
5040638102784010196,CTR,CVD,11.943242127768592,0.20793568320349823,11.542049432338791,0.6243093898520896,-0.9752593411053051,0.4013594617085728,-0.4498135894515334,0.461224589699125,-1.9176360808457638,1.018008901942697,0.40119269542980085,1.3205992167788865,0.951130782413154,0.4013594617085726,0.8238891495513512,FDR correction BH,False,0.3964664944428155,One-way ancova,0.8238891495513515
16428772482778842939,CTR,CVD,14.329121534773753,0.3095758891391516,14.308951845957075,0.14208843794918194,-0.9727840770401592,0.4024097324926123,-0.13872127862506362,0.14260233272644,-0.5925455455352397,0.31510298828511246,0.020169688816677578,1.0140787480334577,0.9463088605428744,0.4024097324926123,0.8238891495513512,FDR correction BH,False,0.39533152418293677,One-way ancova,0.8238891495513515
8294684472757483793,CTR,CVD,10.788888461973945,0.15591462171157375,10.784314628383546,0.05370361370564872,-0.968815257876603,0.4040990862797993,-0.06346265826104697,0.06550542814544538,-0.2719301660385834,0.14500484951648945,0.00457383359039909,1.0031753707000302,0.938603003894509,0.4040990862797994,0.8238891495513512,FDR correction BH,False,0.39351213155213,One-way ancova,0.8238891495513515
17521430048776930685,CTR,CVD,13.618862359936022,0.1983767450316206,13.559046897790424,0.06881513404709061,-0.9665743330339294,0.40505586951186845,-0.11471181855248522,0.11867873440464981,-0.4924005183743754,0.2629768812694049,0.05981546214559863,1.0423324255995225,0.9342659412799852,0.4050558695118683,0.8238891495513512,FDR correction BH,False,0.3924850702488497,One-way ancova,0.8238891495513515
8679042463315853704,CTR,CVD,12.203796600263365,0.5033117363748626,11.997693321316222,0.16063668013779742,-0.9597486464946093,0.40798316451959193,-0.3159161503593183,0.32916550756614454,-1.363467703740214,0.7316354030215774,0.2061032789471433,1.153568183179236,0.9211174644482347,0.407983164519592,0.8279658338779955,FDR correction BH,False,0.38935775776084436,One-way ancova,0.8279658338779954
16993952381424984923,CTR,CVD,16.6416246566699,0.19328489329349452,16.770626277610546,0.014469880685401037,0.955347564696333,0.40988103678125126,0.13167786654585423,0.13783241975155858,-0.306966408440883,0.5703221415325914,-0.12900162094064527,0.9144640620528267,0.9126889693712141,0.4098810367812512,0.8299397065299827,FDR correction BH,False,0.3873421739298266,One-way ancova,0.8299397065299828
16963500797543178177,CTR,CVD,10.040822357281122,0.9147785200061377,10.43593279638194,0.699843928212246,0.9443743268426634,0.41464864584953065,0.6570531356855701,0.695754974494386,-1.5571497122772349,2.8712559836483753,-0.3951104391008169,0.7604311629675969,0.8918428691995335,0.41464864584953093,0.8326644998926053,FDR correction BH,False,0.38231974858875467,One-way ancova,0.832664499892605
13779992981996340317,CTR,CVD,11.334553960199415,0.026970306208507825,11.27080903091894,0.10133167981527884,-0.9394690049659569,0.4167963884635225,-0.0695145984095366,0.07399349849977814,-0.3049949343252122,0.16596573750613902,0.0637449292804746,1.0451752952564364,0.8826020112917251,0.4167963884635226,0.8326644998926053,FDR correction BH,False,0.3800760528495078,One-way ancova,0.832664499892605
17141341016127091533,CTR,CVD,11.983476897299715,0.12006091443070215,12.261757464705376,0.5258461975008984,0.9431664332903246,0.4151765615995237,0.3461413074435135,0.3669991798117402,-0.8218138763907139,1.514096491277741,-0.27828056740566076,0.8245731745553144,0.8895629208855925,0.4151765615995237,0.8326644998926053,FDR correction BH,False,0.3817671721521654,One-way ancova,0.832664499892605
11149137674689345531,CTR,CVD,11.387341648026615,0.2666112874436509,11.633631011653918,0.1585663138452501,0.9399188074247669,0.41659902192016623,0.1806204051140055,0.19216596549320858,-0.4309374617712393,0.7921782719992503,-0.24628936362730336,0.8430619990120035,0.883447364550796,0.4165990219201662,0.8326644998926053,FDR correction BH,False,0.3802817540118286,One-way ancova,0.832664499892605
2516550507454714425,CTR,CVD,11.734544043918566,0.6897086585921742,11.496977870566885,0.3937329120288762,-0.9435125648193209,0.41502521988373275,-0.43510637953521625,0.4611558931581769,-1.9027102478765205,1.0324974888060883,0.23756617335168073,1.1790020063058877,0.8902159599719333,0.41502521988373264,0.8326644998926053,FDR correction BH,False,0.38192551166490507,One-way ancova,0.832664499892605
6236659720444761579,CTR,CVD,10.948030013451103,0.19446982848199668,11.181956386742712,0.25882564280847525,0.9406287960744454,0.41628766444996673,0.21455860078763478,0.22810124640353208,-0.5113613680600211,0.9404785696352906,-0.23392637329160948,0.8503175541865365,0.8847825320044604,0.4162876644499666,0.8326644998926053,FDR correction BH,False,0.380606458055533,One-way ancova,0.832664499892605
12763839880019758240,CTR,CVD,11.42830065301149,1.3776827831174192,10.182249837984417,1.1518005463631793,-0.9319111564813203,0.42012552424848465,-1.1871789747513184,1.2739186203477058,-5.2413565813097,2.8669986318070633,1.2460508150270737,2.371912541548511,0.8684584035743518,0.42012552424848465,0.8346162904619718,FDR correction BH,False,0.37662093259308327,One-way ancova,0.8346162904619724
12084757150229455421,CTR,CVD,12.724271841525017,0.1855837428953293,12.194468588111837,1.361886388771782,-0.9341068632571098,0.4191558386931213,-0.8070044759160568,0.8639316417204523,-3.5564205371274777,1.942411585295364,0.5298032534131796,1.443732294055109,0.8725556319840365,0.4191558386931212,0.8346162904619718,FDR correction BH,False,0.37762447989404385,One-way ancova,0.8346162904619724
2372049847419479990,CTR,CVD,15.85513388941087,0.20957130948372357,16.06007322733176,0.27907684234597663,0.9306054303876683,0.42070314314616364,0.22827399315595226,0.2452962186786925,-0.5523680516782532,1.0089160379901578,-0.20493933792088903,0.8675751659680428,0.8660264670670176,0.42070314314616347,0.8346162904619718,FDR correction BH,False,0.37602424328146955,One-way ancova,0.8346162904619724
6179770977123768880,CTR,CVD,10.670511369207288,0.23793132390201296,10.21025998103495,0.7024478924369658,-0.9288176620899501,0.42149518347745096,-0.4882239881241268,0.52564029308569,-2.1610459967632183,1.1845980205149644,0.46025138817233824,1.3757815258137827,0.8627022494102409,0.42149518347745063,0.8346162904619718,FDR correction BH,False,0.375207383793964,One-way ancova,0.8346162904619724
8105720129113483888,CTR,CVD,12.753380852408883,0.06605739693959957,12.715276353974943,0.06415354982773341,-0.9237951922194937,0.42372760004611615,-0.05485361888672649,0.059378549865513136,-0.24382266551936613,0.13411542774591315,0.03810449843394004,1.0267639144065808,0.8533975571678512,0.4237276000461161,0.8353486972337717,FDR correction BH,False,0.3729132467440177,One-way ancova,0.8353486972337718
3077012745205683186,CTR,CVD,9.866249748050992,0.8389729157538903,10.616858600705598,0.6668671419896253,0.9255958018871618,0.4229260162714158,0.7018172229075227,0.7582329365330033,-1.7112183845067706,3.114852830321816,-0.7506088526546062,0.5943526731751526,0.8567275884711384,0.4229260162714159,0.8353486972337717,FDR correction BH,False,0.37373559842938653,One-way ancova,0.8353486972337718
9809904004131103792,CTR,CVD,16.304852762409393,0.21621489425562926,16.428269297816218,0.02434945185300162,0.9193364302689135,0.4257184870055079,0.14005443259750586,0.15234295953717267,-0.3447688561176393,0.624877721312651,-0.12341653540682529,0.918011075562327,0.8451794720195889,0.42571848700550796,0.8374330764121506,FDR correction BH,False,0.3708774899916459,One-way ancova,0.8374330764121505
3224346628616738792,CTR,CVD,14.536072296257098,0.44308504066299376,14.609433822954967,0.19410125042184367,0.9160525713665483,0.4271902061450927,0.2215226369938424,0.2418230611627229,-0.5480662705359953,0.9911115445236802,-0.07336152669786955,0.9504209042603635,0.8391523135072652,0.42719020614509257,0.8384893105298644,FDR correction BH,False,0.36937871259443406,One-way ancova,0.8384893105298646
11404858653900933672,CTR,CVD,11.35946757789837,0.907793461142069,11.703181948738454,1.2296951420687796,0.9108111720656488,0.42954880528946815,0.7631337970357647,0.8378617000327705,-1.9033160745727171,3.4295836686442467,-0.34371437084008427,0.7880098832040899,0.8295769911596006,0.42954880528946837,0.8399534587708585,FDR correction BH,False,0.3669874845365294,One-way ancova,0.8399534587708587
7650466973504002538,CTR,CVD,17.320347502638683,0.6273338891541899,17.392158390118755,0.8276879783168846,0.9101577510456146,0.429843667057426,0.4206280508731459,0.46214851259566453,-1.0501347755295443,1.891390877275836,-0.0718108874800727,0.9514429859781284,0.828387131788411,0.4298436670574259,0.8399534587708585,FDR correction BH,False,0.36668946739559816,One-way ancova,0.8399534587708587
2593963656910342397,CTR,CVD,14.865800340370292,0.13428552829505555,14.932612389073848,0.07353133556501289,0.9081620841964807,0.4307453634722352,0.09163670793546647,0.10090347255197771,-0.22948317547792701,0.41275659134885995,-0.0668120487035555,0.9547453882728644,0.8247583711720959,0.4307453634722351,0.8399534587708585,FDR correction BH,False,0.3657793885851241,One-way ancova,0.8399534587708587
14506713866158633160,CTR,CVD,10.72886374796839,0.20883236679292777,10.629286530504153,0.15152624937178766,-0.9043346401859083,0.4324794941437944,-0.14880872181643348,0.16455050509382477,-0.6724818687849353,0.3748644251520684,0.09957721746423687,1.0714594247796418,0.817821141440176,0.43247949414379455,0.8415056534641728,FDR correction BH,False,0.36403447962418634,One-way ancova,0.8415056534641725
6380249013566210779,CTR,CVD,12.830553807699852,0.16422218037671474,12.562225485026326,0.48644270927609085,-0.9016804820732705,0.4336857335747148,-0.3201775073326805,0.35508976150452254,-1.4502316068770182,0.8098765922116573,0.2683283226735256,1.20441144510637,0.8130276917518856,0.43368573357471446,0.8420261970054521,FDR correction BH,False,0.3628248640667904,One-way ancova,0.8420261970054528
7846333789440508780,CTR,CVD,11.21612846177152,0.14829468656902958,10.669022648548408,0.8858453295061389,-0.8965395023014252,0.43603078947098806,-0.5717525898041551,0.6377327360773963,-2.601302779492489,1.4577975998841788,0.5471058132231121,1.4611515415149674,0.8037830791868873,0.4360307894709881,0.8441481219878052,FDR correction BH,False,0.3604828427836354,One-way ancova,0.8441481219878049
10313523783758963188,CTR,CVD,10.836133337938834,0.469690568583464,11.121434450129014,0.37625953098256476,0.89310917322609,0.43760186925789213,0.36422882760156783,0.4078211695955379,-0.9336401467944585,1.6620978019975943,-0.2853011121901794,0.8205703255470502,0.7976439953005898,0.4376018692578923,0.8441481219878052,FDR correction BH,False,0.3589208315405901,One-way ancova,0.8441481219878049
9202084778909943101,CTR,CVD,12.278803635006724,0.21202442421688814,12.52596040978038,0.25445331359945095,0.8945549286175968,0.43693909911152073,0.1977265752612869,0.22103346472736365,-0.505700557904491,0.9011537084270648,-0.24715677477365539,0.8425552657390514,0.8002285203140337,0.43693909911152057,0.8441481219878052,FDR correction BH,False,0.3595790910912686,One-way ancova,0.8441481219878049
6743054579820549990,CTR,CVD,9.688379132344219,0.7266486056243703,10.258662232230472,0.20513206860959288,0.8900664408415172,0.43899968051790744,0.43424385701506346,0.48787802470622943,-1.1184017601406606,1.9868894741707877,-0.5702830998862538,0.6734846176542664,0.7922182691122861,0.4389996805179075,0.8450272820269593,FDR correction BH,False,0.3575357958156471,One-way ancova,0.8450272820269592
3613759234156658400,CTR,CVD,13.604544185759627,1.3300859196742398,12.599106778214823,0.11840031434488237,-0.8823646262538604,0.4425557221489093,-0.753478964885944,0.8539315181807442,-3.4710701698860347,1.9641122401141469,1.0054374075448038,2.0075520700668106,0.7785673336641149,0.4425557221489092,0.8482318007854094,FDR correction BH,False,0.35403203954643025,One-way ancova,0.8482318007854095
1354769685481694873,CTR,CVD,12.193765375102068,0.3667647498278129,12.197586467727135,0.14986835421322453,-0.8830375719981923,0.44224399027333106,-0.13807872267779733,0.15636789085355024,-0.6357111391897712,0.35955369383417646,-0.003821092625067024,0.9973549248126014,0.7797553535604623,0.44224399027333133,0.8482318007854094,FDR correction BH,False,0.354338060077626,One-way ancova,0.8482318007854095
7072738939354294961,CTR,CVD,9.99322196753742,0.44665077815570636,9.445892180713436,0.7978981714010046,-0.8797320248025836,0.443777118326833,-0.5712780564526686,0.6493773562248871,-2.6378866245058235,1.495330511600486,0.5473297868239833,1.461378398035004,0.7739284354632537,0.4437771183268328,0.8487592220451367,FDR correction BH,False,0.35283509426394827,One-way ancova,0.8487592220451369
10847116472279825745,CTR,CVD,14.021813352247998,0.6614035702884127,14.104105915373259,0.18917916730429066,0.8699756281647829,0.44832979401876427,0.2954967725755289,0.33966097785851834,-0.7854560514595526,1.3764495966106103,-0.0822925631252609,0.9445554758253143,0.7568575936007086,0.448329794018764,0.852084167869687,FDR correction BH,False,0.3484023988812825,One-way ancova,0.8520841678696865
11791274299599013104,CTR,CVD,12.370823851001044,0.10916554482392936,12.207565997680916,0.21775870866558147,-0.8698997585867891,0.44836535923577703,-0.1494486996940478,0.17179990937902698,-0.6961926865455034,0.3972952871574077,0.1632578533201272,1.1198130152875914,0.7567255899893539,0.44836535923577725,0.852084167869687,FDR correction BH,False,0.34836794842741675,One-way ancova,0.8520841678696865
174592009768419892,CTR,CVD,14.302195634983642,0.17200167620836604,14.374558026491682,0.1863861973319161,0.8701886451106917,0.448229951888015,0.13175373993396292,0.15140825000905783,-0.3500948858969192,0.613602365764845,-0.07236239150804025,0.9510793440836837,0.7572282780795814,0.44822995188801484,0.852084167869687,FDR correction BH,False,0.34849912614753126,One-way ancova,0.8520841678696865
10900385802348265995,CTR,CVD,11.831975362069025,0.349002207163532,11.617301952647109,0.2581071312973432,-0.8661491893239357,0.45012662203019094,-0.25963757670778015,0.299760803228873,-1.21361023741255,0.6943350839969897,0.21467340942191626,1.1604411893806763,0.7502144181665111,0.450126622030191,0.8536227906153939,FDR correction BH,False,0.3466653006387262,One-way ancova,0.8536227906153938
17291972446985128984,CTR,CVD,11.394166500738772,0.05623560695058193,10.76593022745427,1.042404097260164,-0.8535965746510634,0.4560658123981438,-0.6339401625616223,0.7426695249108362,-2.997446048161332,1.7295657230380872,0.6282362732845019,1.5456742169753013,0.7286271122560284,0.4560658123981437,0.8559757032969031,FDR correction BH,False,0.3409724821184573,One-way ancova,0.855975703296903
914885797029813953,CTR,CVD,10.843618635327255,0.28634536300691793,10.628954144872315,0.8686052796331409,-0.8567974482313727,0.45454482433579013,-0.4485108108020906,0.5234735604405921,-2.1144373091402513,1.2174156875360702,0.21466449045493974,1.1604340153734465,0.7341018672957917,0.4545448243357902,0.8559757032969031,FDR correction BH,False,0.342423282955099,One-way ancova,0.855975703296903
8999158466985245546,CTR,CVD,10.121580205325843,0.18548345483355796,10.125159225254528,0.21978164706496414,-0.853443485319302,0.4561386690924411,-0.09859443241088853,0.11552543795445462,-0.466247935595389,0.2690590707736119,-0.0035790199286847013,0.9975222870377441,0.7283657826339577,0.45613866909244116,0.8559757032969031,FDR correction BH,False,0.3409031089438844,One-way ancova,0.855975703296903
16554730363770948250,CTR,CVD,12.500821463236667,1.6013325185673402,11.764255939725885,1.691533075918512,-0.8568333445726987,0.45452779245103747,-1.2333879234051224,1.4394723678969459,-5.814431442177547,3.3476555953673017,0.736565523510782,1.6662045509990584,0.7341633803716371,0.4545277924510374,0.8559757032969031,FDR correction BH,False,0.34243955636038864,One-way ancova,0.855975703296903
10485631876435716444,CTR,CVD,11.359737778294791,0.6333031960572049,10.573863653210788,1.0692857793799646,-0.8563612292850256,0.4547518437781563,-0.7560123992618596,0.8828195081800386,-3.565538081302294,2.0535132827785745,0.7858741250840033,1.7241366528199888,0.7333545550225602,0.45475184377815625,0.8559757032969031,FDR correction BH,False,0.34222553142653306,One-way ancova,0.855975703296903
10081236272997946842,CTR,CVD,13.425125836332027,0.2610087755217239,12.77052135518259,0.8733921648943919,-0.8477240306752661,0.45886793409443455,-0.5124429056365544,0.6044926026555612,-2.436208155529413,1.411322344256304,0.6546044811494376,1.5741843269719815,0.7186360321843195,0.4588679340944347,0.8567473078184115,FDR correction BH,False,0.33831228994624774,One-way ancova,0.8567473078184114
17385961571360007051,CTR,CVD,10.577692565215937,0.047076939736520246,10.520501615671227,0.16538679195656752,-0.8485382345506851,0.45847853352864865,-0.09178052551429672,0.10816309952479161,-0.4360037819650638,0.25244273093647035,0.057190949544709824,1.0404379657606586,0.7200171354943936,0.4584785335286484,0.8567473078184115,FDR correction BH,False,0.33868099366528315,One-way ancova,0.8567473078184114
11042266099265717282,CTR,CVD,13.614695009510433,0.7715527424226388,13.143303118701887,0.2577101047309789,-0.8465807162782092,0.4594152230330612,-0.4893221448315354,0.5779982173261917,-2.3287704360221646,1.350126146359094,0.4713918908085457,1.3864464460562742,0.7166989091741256,0.45941522303306126,0.8567473078184115,FDR correction BH,False,0.3377946182621932,One-way ancova,0.8567473078184114
8325434325410869522,CTR,CVD,10.124928316995339,0.2803355517219159,10.447018652135064,0.39927078695837454,0.8411444858248113,0.4620252780129413,0.2881163496592409,0.3425289644224668,-0.8019636876198832,1.378196386938365,-0.32209033513972507,0.7999100399595859,0.707524046033486,0.4620252780129415,0.8587486038889104,FDR correction BH,False,0.33533426296938273,One-way ancova,0.8587486038889109
14217937060346210255,CTR,CVD,11.324241361207205,1.420285456961616,10.86406680762372,0.8514981529083272,-0.8403597885721866,0.4624030944017212,-0.8388437515958863,0.9981959667788529,-4.0155488180209,2.337861314829127,0.46017455358348514,1.375708256834497,0.7062045742490903,0.46240309440172095,0.8587486038889104,FDR correction BH,False,0.33497926827892943,One-way ancova,0.8587486038889109
16167512280337796459,CTR,CVD,15.022692978272255,0.42213503331500807,14.708231025821709,0.26760976157795857,-0.83393798898029,0.4655051768881056,-0.2953866588523392,0.35420698272005524,-1.422631362315666,0.8318580446109873,0.31446195245054653,1.2435477904551844,0.6954525694644905,0.46550517688810544,0.8591731351206391,FDR correction BH,False,0.33207548486215305,One-way ancova,0.8591731351206394
15319747174824263438,CTR,CVD,12.025573811684035,0.11121492082520841,11.495633098990163,1.1218653787875859,-0.837329608165099,0.4638645922790809,-0.6505472996374677,0.7769309639761325,-3.1230883754042513,1.821993776129316,0.5299407126938718,1.4438698587182204,0.7011208727099184,0.46386459227908067,0.8591731351206391,FDR correction BH,False,0.33360877679076867,One-way ancova,0.8591731351206394
15060574682490291164,CTR,CVD,11.04901523716218,0.9146764557007504,10.794745333508386,0.40793005734100735,-0.8354075266647191,0.46479371876227427,-0.4943894558824174,0.5917943519807846,-2.3777432048317597,1.388964293066925,0.2542699036537943,1.1927319912865253,0.6979057356080635,0.46479371876227427,0.8591731351206391,FDR correction BH,False,0.3327397496480962,One-way ancova,0.8591731351206394
2797317524778313796,CTR,CVD,12.253404662101467,1.8745478244955378,10.888293202692454,0.8286626410892455,-0.8312008669970338,0.4668328377048661,-1.187146983145751,1.428231165632299,-5.732415979304097,3.3581220130125953,1.3651114594090128,2.575962264445497,0.6908948812966206,0.4668328377048661,0.8598543232469504,FDR correction BH,False,0.3308386026428801,One-way ancova,0.8598543232469504
13469070659505763241,CTR,CVD,14.0074872620118,0.3057107253044089,14.08990129805972,0.1315303274135951,0.8284889503826212,0.4681515048965525,0.16258026372368783,0.19623709362521174,-0.46193374984358926,0.7870942772909649,-0.08241403604792019,0.944475948911615,0.6863939409060973,0.4681515048965523,0.8605161883037037,FDR correction BH,False,0.3296135762152926,One-way ancova,0.860516188303704
52702917544458280,CTR,CVD,10.145710099907049,1.039513986212031,9.531202262186474,1.3020651790123108,-0.8249459904637865,0.46987911578670477,-0.8981631076590035,1.0887538312102762,-4.363063715158233,2.566737499840226,0.6145078377205753,1.5310356091354393,0.6805358871822776,0.46987911578670455,0.8613782775458847,FDR correction BH,False,0.3280138571693232,One-way ancova,0.8613782775458843
17947586748932121400,CTR,CVD,11.930388297762319,0.29066086012386666,12.150629057509017,0.18755704027397804,0.8235914054489202,0.4705410880685433,0.20099983990350265,0.24405286234615622,-0.575685290164071,0.9776849699710763,-0.220240759746698,0.8584221693271129,0.6783028031293277,0.4705410880685435,0.8613782775458847,FDR correction BH,False,0.3274024475984104,One-way ancova,0.8613782775458843
18227799141694083801,CTR,CVD,10.824846269265871,1.0262607318882373,10.736759667600149,0.3683597044014645,-0.8203312123664105,0.4721376068757462,-0.4324309089910352,0.5271418452354156,-2.1100315267212126,1.245169708739142,0.08808660166572224,1.0629594794566966,0.6729432979825448,0.47213760687574613,0.8625405974899069,FDR correction BH,False,0.3259314056095384,One-way ancova,0.862540597489907
9561652904530748150,CTR,CVD,12.912560466042029,0.1621244968209419,13.110014346170646,0.21955229211430558,0.8175873190582841,0.473484902209609,0.12557226938598173,0.1535888173150958,-0.36321589481142447,0.614360433583388,-0.19745388012861653,0.8720882986309015,0.6684490242849124,0.47348490220960904,0.8632438156138604,FDR correction BH,False,0.32469386458381827,One-way ancova,0.8632438156138603
18372014702759946972,CTR,CVD,12.467648274284,0.1102827918558589,12.522457796415631,0.11780996708481081,0.8155190688650109,0.47450262692308215,0.08459092990064865,0.10372648921425845,-0.2455130524593761,0.4146949122606734,-0.05480952213163093,0.9627215420637165,0.6650713516824545,0.474502626923082,0.8633445362069057,FDR correction BH,False,0.3237613789057276,One-way ancova,0.863344536206906
15113687548648317934,CTR,CVD,11.677542708559926,0.19047689148655483,11.756909094242511,0.011330709372007983,0.8059143462378126,0.479253406969609,0.1042634694978603,0.12937289177762548,-0.3074588119437847,0.5159857509395054,-0.0793663856825848,0.946473235124263,0.6494979334719206,0.47925340696960905,0.864676613439238,FDR correction BH,False,0.3194347910782943,One-way ancova,0.864676613439238
10297961365485709649,CTR,CVD,12.734566276392265,0.25718533527920334,12.098136426037989,1.1235519624535704,-0.7840055929994897,0.4902416346063747,-0.6428784216632808,0.819992137050608,-3.252459368582135,1.9667025252555734,0.6364298503542756,1.554477624502404,0.6146647698544815,0.49024163460637454,0.864676613439238,FDR correction BH,False,0.30958980831859145,One-way ancova,0.864676613439238
1561493349398709217,CTR,CVD,12.46320789661163,0.17797187109785123,12.083822784841388,0.85627881463726,-0.7895591530333848,0.4874363304131995,-0.4751410275689819,0.6017801525617823,-2.390274050682626,1.4399919955446623,0.37938511177024203,1.3007873312564189,0.6234036561387959,0.48743633041319945,0.864676613439238,FDR correction BH,False,0.3120821043881359,One-way ancova,0.864676613439238
4348943835338045022,CTR,CVD,12.602072503357322,0.1332716473645145,12.761649895725531,0.19043575279036118,0.7833801786250311,0.49055840283458435,0.11759365368034105,0.15011058090177676,-0.36012520989459285,0.5953125172552749,-0.15957739236820956,0.8952872883888641,0.6136845042625856,0.4905584028345845,0.864676613439238,FDR correction BH,False,0.30930928080414327,One-way ancova,0.864676613439238
9255631476468638232,CTR,CVD,11.263108969907426,0.06196347641039348,11.502488083779019,0.5516386708389607,0.7966820184272889,0.48385814199922833,0.30321272424263973,0.38059441185983434,-0.9080085555925272,1.5144340040778066,-0.2393791138715926,0.8471098007322841,0.6347022384853792,0.4838581419992281,0.864676613439238,FDR correction BH,False,0.31528194657301467,One-way ancova,0.864676613439238
9583163336570567081,CTR,CVD,14.669400407253725,0.0917487623300321,14.696510382240007,0.0670106092412661,0.8083707179417816,0.47803456201346767,0.05430738226212668,0.06718128336018954,-0.15949344475176364,0.26810820927601703,-0.027109974986281316,0.9813842512075549,0.6534632176257112,0.4780345620134677,0.864676613439238,FDR correction BH,False,0.3205407026575406,One-way ancova,0.864676613439238
12724394138224195315,CTR,CVD,13.42895003110411,0.3967263937391823,13.04700905759538,0.40195668391100803,-0.7831832335381465,0.49065818978882064,-0.29275733400344267,0.3738043939996876,-1.4823697465867713,0.8968550785798861,0.3819409735087298,1.30309383343157,0.6133759772952669,0.49065818978882064,0.864676613439238,FDR correction BH,False,0.30922094776113124,One-way ancova,0.864676613439238
6183934459583157102,CTR,CVD,11.261384081112368,0.2687370028149943,11.25434087523299,0.07141390650743497,0.7999059419090087,0.4822459198896535,0.0909214063271229,0.1136651218143663,-0.2708117406306928,0.45265455328493864,0.007043205879378789,1.0048939145697453,0.6398495159013384,0.48224591988965326,0.864676613439238,FDR correction BH,False,0.31673143807890425,One-way ancova,0.864676613439238
1806163101937097551,CTR,CVD,11.807972697330818,0.28858372901150464,11.83095080319842,0.12895509397143184,0.7870362263441488,0.48870907267022407,0.12174029204812879,0.15468194216881598,-0.37052668330121363,0.6140072673974712,-0.022978105867601073,0.9841989579822695,0.6194260215780383,0.48870907267022395,0.864676613439238,FDR correction BH,False,0.31094959840984726,One-way ancova,0.864676613439238
15635268394212511616,CTR,CVD,11.941613652619814,0.7610219977977443,11.483504928148747,1.22414579370454,-0.7951612601602754,0.4846202279406872,-0.7318272393105554,0.9203507212650749,-3.6607939917662993,2.1971395131451885,0.4581087244710673,1.373739757387499,0.6322814296596773,0.48462022794068715,0.864676613439238,FDR correction BH,False,0.314598462464962,One-way ancova,0.864676613439238
1761488893109941026,CTR,CVD,15.680221226780526,0.17919309770749636,15.859882852118837,0.18033491945198213,0.7892263815071687,0.4876040437896271,0.11734741679840217,0.1486866373806541,-0.35583982297880146,0.5905346565756058,-0.17966162533831032,0.8829100527712276,0.6228782812668991,0.48760404378962696,0.864676613439238,FDR correction BH,False,0.3119327013550528,One-way ancova,0.864676613439238
16963488458327601710,CTR,CVD,10.62239244007412,1.047313051663651,11.232104231449087,0.21035995879222882,0.8051148572239462,0.47965068228654,0.611901087276601,0.760017135178016,-1.8068126365234058,3.030614811076608,-0.6097117913749663,0.6553276043016203,0.6482099333227355,0.47965068228653973,0.864676613439238,FDR correction BH,False,0.3190749334246578,One-way ancova,0.864676613439238
652642095549639899,CTR,CVD,11.60601265736853,0.10162628653794098,11.662682296516273,0.0637869504330838,0.7833965649403437,0.4905501010825768,0.0658191424179935,0.0840176551233738,-0.20156253370803487,0.33320081854402184,-0.05666963914774392,0.9614810714768589,0.6137101779603301,0.49055010108257663,0.864676613439238,FDR correction BH,False,0.3093166304603183,One-way ancova,0.864676613439238
9967458521574740023,CTR,CVD,10.105734961681703,0.2853487867131353,10.471411079190919,0.4875904588973053,0.7874298506635439,0.4885103167087593,0.3072315692927324,0.39017008186041896,-0.9344637661564164,1.548926904741881,-0.36567611750921536,0.7761050689370815,0.6200457697160109,0.48851031670875933,0.864676613439238,FDR correction BH,False,0.3111262601082089,One-way ancova,0.864676613439238
3977251055940624455,CTR,CVD,12.219851785843177,0.9592849079090124,12.423420516471651,0.46319539583171293,0.8046807401358929,0.479866517572214,0.483271609128281,0.6005755885827055,-1.428027953800672,2.394571172057234,-0.20356873062847392,0.8683997822858137,0.6475110935456484,0.47986651757221416,0.864676613439238,FDR correction BH,False,0.3188795516739961,One-way ancova,0.864676613439238
647114781956659266,CTR,CVD,14.508626478697208,0.10692507588891981,14.733708515663428,0.39061964543703387,0.7834981690711164,0.4904986283060353,0.22575748269005055,0.28814040874875235,-0.6912338965355136,1.1427488619156148,-0.22508203696622076,0.8555463747739722,0.6138693809377916,0.4904986283060353,0.864676613439238,FDR correction BH,False,0.3093622027997365,One-way ancova,0.864676613439238
864093627720941773,CTR,CVD,11.40856023828225,0.17693498446195702,11.07191263946327,0.7068563893027022,-0.7619794030821928,0.5015013014217404,-0.3894053317059393,0.5110444326064482,-2.015776798090423,1.236966134678544,0.3366475988189812,1.26281876062695,0.5806126107214948,0.5015013014217403,0.864712116468008,FDR correction BH,False,0.2997279356255229,One-way ancova,0.864712116468008
4943693564127430929,CTR,CVD,11.000975208947253,0.873347288349938,10.802183856587668,0.2728616283522279,-0.7508468091090017,0.5072733007934835,-0.4114317116607036,0.5479569289891932,-2.155275215777273,1.3324117924558656,0.198791352359585,1.1477364121672284,0.5637709307491697,0.5072733007934839,0.864712116468008,FDR correction BH,False,0.2947579952091144,One-way ancova,0.864712116468008
10302463618166890594,CTR,CVD,13.91870812683247,0.30142140850252686,14.041046272723262,0.03797827043428989,0.7702961567749276,0.49722477628620654,0.15959875534330573,0.20719142103929622,-0.4997768170297986,0.81897432771641,-0.12233814589079195,0.9186975294404106,0.5933561691422238,0.49722477628620665,0.864712116468008,FDR correction BH,False,0.30344723896786024,One-way ancova,0.864712116468008
8955460901784759811,CTR,CVD,10.403732589925337,0.6823204081972248,10.355754644180372,0.6778757050020742,-0.7766652122921835,0.49397031608156455,-0.3556380294056783,0.45790389961728617,-1.8128926029179666,1.1016165441066101,0.0479779457449645,1.0338149323588521,0.6032088519848626,0.49397031608156466,0.864712116468008,FDR correction BH,False,0.30629914813974013,One-way ancova,0.864712116468008
15733277325308751032,CTR,CVD,8.744157391581515,0.6286604872988666,9.160175107594396,0.10523697944310853,0.7753620670426195,0.49463474704789584,0.33656215548175916,0.4340709583143165,-1.0448453620368365,1.717969673000355,-0.41601771601288107,0.7494905972233463,0.6011863350086034,0.49463474704789573,0.864712116468008,FDR correction BH,False,0.30571537863158565,One-way ancova,0.864712116468008
9707103484390477442,CTR,CVD,13.30995691593724,0.17335163988531005,13.157484475654451,0.35991897531115813,-0.7770335308122831,0.49378265780516983,-0.20871085144194373,0.2685995432188941,-1.063514475359954,0.6460927724760666,0.15247244028278928,1.111472643735187,0.6037811080066032,0.49378265780516983,0.864712116468008,FDR correction BH,False,0.30646416704032936,One-way ancova,0.864712116468008
5754492636608157658,CTR,CVD,15.57724023620591,0.10682733733744927,15.560367942225469,0.09529715164933572,-0.7591496427068579,0.5029633092991799,-0.05780141169109669,0.07613968108447947,-0.30011185844392047,0.18450903506172706,0.0168722939804411,1.0117636366893648,0.5763081800219501,0.5029633092991799,0.864712116468008,FDR correction BH,False,0.29846369516294957,One-way ancova,0.864712116468008
8259891487574817913,CTR,CVD,12.238472605219172,1.3081844939355727,11.935489065435055,0.45489738337801516,-0.749394278716027,0.5080304184823191,-0.6230321982685935,0.8313810446165458,-3.2688577319918903,2.0227933354547036,0.3029835397841172,1.2336930940901445,0.5615917849723143,0.5080304184823191,0.864712116468008,FDR correction BH,False,0.2941102834178182,One-way ancova,0.864712116468008
5843062243632355434,CTR,CVD,14.38876886839495,0.08674993856991703,14.037980705029737,0.6086108643275076,-0.7590440667779095,0.5030179236159966,-0.33107738894398264,0.43617676948504935,-1.7191865374425035,1.0570317595545382,0.35078816336521257,1.275257126868674,0.5761478953107475,0.5030179236159966,0.864712116468008,FDR correction BH,False,0.2984165398171565,One-way ancova,0.864712116468008
8489513195524080536,CTR,CVD,12.916959764818174,0.15586691950405054,12.88941767434595,0.06762509480217041,-0.7505495425154352,0.5074281728059489,-0.07202107961791106,0.09595779563935972,-0.3774016118136137,0.23335945257779162,0.02754209047222389,1.0192741153736788,0.563324615770129,0.507428172805949,0.864712116468008,FDR correction BH,False,0.29462542407822084,One-way ancova,0.864712116468008
16039145101463007776,CTR,CVD,11.333158411217136,0.11053732671316042,11.12354952244582,0.4059361052486475,-0.7638920615520806,0.5005151103555033,-0.22753447006213542,0.29786206915127444,-1.1754645115169344,0.7203955713926635,0.20960888877131545,1.1563746509630546,0.5835310817022876,0.500515110355503,0.864712116468008,FDR correction BH,False,0.3005828068061283,One-way ancova,0.864712116468008
1708965091624582439,CTR,CVD,11.283836942333034,0.6362024371635298,11.097573351072683,0.6691349610643584,-0.7689096064478391,0.49793563812216246,-0.4139776827010342,0.5383957740019696,-2.127393324454263,1.299437959052195,0.1862635912603512,1.1378130959129171,0.5912219828877711,0.49793563812216257,0.864712116468008,FDR correction BH,False,0.302826789398544,One-way ancova,0.864712116468008
543877950247431711,CTR,CVD,12.571696343500014,0.15144003965766892,12.57049831845598,0.10982097017484092,0.7702249837931523,0.49726124495254104,0.06258014189199614,0.0812491716171107,-0.19599098412828486,0.3211512679122771,0.001198025044033102,1.0008307525654287,0.5932465256591616,0.497261244952541,0.864712116468008,FDR correction BH,False,0.30341538705597754,One-way ancova,0.864712116468008
16081404545292726403,CTR,CVD,11.5299542686217,0.3999863275025803,11.683512094951679,0.16057932591413432,0.7507067716541131,0.5073462536453631,0.21654038748686472,0.2884486935021752,-0.7014320914132055,1.134512866386935,-0.15355782632997972,0.8990306295749169,0.5635606570073406,0.5073462536453632,0.864712116468008,FDR correction BH,False,0.29469554220212,One-way ancova,0.864712116468008
15117048656762998287,CTR,CVD,12.089460797355917,0.34182381186124294,11.049276312063435,1.6806622008234307,-0.7498391579581459,0.507798431002719,-0.8978067027612107,1.197332378861073,-4.708252708064849,2.9126393025424284,1.0401844852924818,2.056490611182432,0.5622587628073811,0.5077984310027192,0.864712116468008,FDR correction BH,False,0.2943086453447581,One-way ancova,0.864712116468008
17985607765415447197,CTR,CVD,12.390629346862388,0.6917129889046303,12.502601483872182,1.4976158113454547,0.752539280259129,0.5063922846520614,0.6187193694116392,0.8221755138131656,-1.9978100568182602,3.2352487956415383,-0.11197213700979347,0.9253222987565078,0.566315368332928,0.5063922846520615,0.864712116468008,FDR correction BH,False,0.2955129198125048,One-way ancova,0.864712116468008
6331987318596836185,CTR,CVD,13.048442633552227,0.14671536345273853,13.189818768916881,0.16797640386907778,0.7549851752952569,0.5051212956875076,0.1152955682758172,0.15271236051850665,-0.37070331922754257,0.601294455779177,-0.14137613536465388,0.9066539178748833,0.5700026149156097,0.5051212956875075,0.864712116468008,FDR correction BH,False,0.29660432144090376,One-way ancova,0.864712116468008
8218613456253687867,CTR,CVD,12.110976074068745,0.2218194675388478,11.479416329015814,1.539729628043287,-0.7709094247239007,0.496910633180679,-0.8190952245072773,1.0625051377477117,-4.200460774478029,2.5622703254634747,0.6315597450529307,1.5492390217102647,0.5943013411281357,0.49691063318067885,0.864712116468008,FDR correction BH,False,0.3037217098709191,One-way ancova,0.864712116468008
8979793559621864119,CTR,CVD,12.058809491046054,0.2575198177925453,11.749968794477217,0.5939355660171572,-0.7471319303357218,0.5092114906855754,-0.34171464697101894,0.4573685491094864,-1.7972654962377277,1.11383620229569,0.3088406965688364,1.238711910765769,0.5582061213271818,0.5092114906855755,0.8650808847442446,FDR correction BH,False,0.2931018047728341,One-way ancova,0.8650808847442444
11777401978743651757,CTR,CVD,10.579016799998985,0.3698386486537893,10.399188203764604,0.3315726534798911,-0.7434627842509357,0.5111317655688389,-0.24872495262839656,0.33454929809162604,-1.3134101302755352,0.8159602250187421,0.17982859623438152,1.1327492975805877,0.5527369115661536,0.511131765568839,0.8667016894428139,FDR correction BH,False,0.29146712788340345,One-way ancova,0.8667016894428138
7785896584665229532,CTR,CVD,12.685280237237924,1.1271569626501663,12.367165940069624,0.5573762904120266,-0.7393045125299287,0.5133151682741312,-0.5793064255755461,0.7835829698822439,-3.073017152960963,1.9144043018098706,0.3181142971683002,1.2466999598677597,0.5465711622471154,0.5133151682741309,0.867173782439156,FDR correction BH,False,0.2896159023076668,One-way ancova,0.8671737824391558
16438367442239405415,CTR,CVD,11.27681630215996,0.885049491883971,11.392023857736808,0.520303325950727,0.7356020091739803,0.5152656410215827,0.4053213013523831,0.5510062456293793,-1.348226489239388,2.158869091944154,-0.11520755557684836,0.9232494764455408,0.5411103159007965,0.5152656410215831,0.867173782439156,FDR correction BH,False,0.2879688162275173,One-way ancova,0.8671737824391558
11621898726502810777,CTR,CVD,11.936543452626674,0.43708689658611943,11.733938603977675,0.20541417947824,-0.7373157467960622,0.5143620995880323,-0.24739747972350243,0.33553803889113376,-1.3152292718749183,0.8204343124279135,0.20260484864899908,1.1507742533401564,0.5436345104734347,0.5143620995880326,0.867173782439156,FDR correction BH,False,0.28873103959041313,One-way ancova,0.8671737824391558
128887380597108278,CTR,CVD,12.987131960463246,0.43799725946240176,12.909306643071298,0.5171005804172504,-0.7300957907807412,0.5181774218365524,-0.26746820639478264,0.3663467311717558,-1.433347007465304,0.8984105946757388,0.07782531739194809,1.055425918131689,0.5330398637157557,0.5181774218365525,0.867173782439156,FDR correction BH,False,0.28552151413178256,One-way ancova,0.8671737824391558
7524438192236887634,CTR,CVD,14.090818436309192,0.11763386224321407,14.140762834902672,0.055420994957279375,0.733599837100425,0.5163228858485399,0.06527548592194572,0.08897968977194572,-0.21789759903812284,0.34844857088201425,-0.04994439859347999,0.9659735567879274,0.5381687209937701,0.51632288584854,0.867173782439156,FDR correction BH,False,0.28707862456064986,One-way ancova,0.8671737824391558
10686804021084611671,CTR,CVD,11.0281613424419,1.5626140176025454,10.844297678380654,0.4548515571676703,-0.7318368492180456,0.5172552844475746,-0.6415455879168717,0.8766237838424663,-3.4313537099306393,2.1482625340968955,0.18386366406124566,1.1359219141034966,0.5355851738733965,0.5172552844475744,0.867173782439156,FDR correction BH,False,0.28629506374642644,One-way ancova,0.8671737824391558
10744458024023141084,CTR,CVD,11.207684664654757,0.11670995066756909,11.295615106307062,0.19084947121149243,0.7333631734719513,0.5164479719509972,0.11277306033783552,0.15377518863394182,-0.3766082205746432,0.6021543412503143,-0.0879304416523059,0.940871469759654,0.5378215442048514,0.516447971950997,0.867173782439156,FDR correction BH,False,0.28697342367525425,One-way ancova,0.8671737824391558
14862319826985970764,CTR,CVD,10.999929213016038,0.9124628541854137,11.616633352176018,0.1506965415479509,0.7279311617443276,0.5193257518837838,0.4075038306570167,0.55981094377183,-1.37406443900734,2.1890721003213733,-0.6167041391599799,0.6521590955130387,0.5298837762384464,0.5193257518837836,0.8674770939287781,FDR correction BH,False,0.28456014144551284,One-way ancova,0.8674770939287785
6471129201204873008,CTR,CVD,12.595952444328583,1.123131073461301,13.191999296257743,0.5272488343563142,0.7092823759908713,0.5293038146485975,0.625191112454778,0.8814417693395845,-2.179949989703206,3.430332214612762,-0.5960468519291595,0.6615642351197049,0.5030814888912556,0.5293038146485978,0.8715258471632753,FDR correction BH,False,0.2762949760732201,One-way ancova,0.8715258471632756
5389890668327291976,CTR,CVD,13.202116303916782,0.24934248390771388,13.189620296358315,0.3017030918804547,-0.6961906077592397,0.5363993325151182,-0.13413780133902603,0.1926739600391367,-0.7473123335900642,0.4790367309120122,0.01249600755846636,1.0086991923632376,0.48468136233217946,0.5363993325151181,0.8715258471632753,FDR correction BH,False,0.2705117712476969,One-way ancova,0.8715258471632756
2079702364612340503,CTR,CVD,10.480134924368501,0.6989342747043265,10.24980784622276,0.26180357757504535,-0.7009594266636411,0.5338060606632902,-0.3468687499160368,0.4948485414726914,-1.92169766240111,1.2279601625690364,0.23032707814574138,1.1731008766506763,0.4913441178286203,0.5338060606632904,0.8715258471632753,FDR correction BH,False,0.27261649967986845,One-way ancova,0.8715258471632756
9659507946590947645,CTR,CVD,11.57734061889704,0.8264347252834013,12.194810060305052,1.6233762537241399,0.6945474002755949,0.5372951989757987,0.8571049740948733,1.2340482071558772,-3.070187183311017,4.784397131500763,-0.6174694414080122,0.6518132383128806,0.4823960912295874,0.5372951989757985,0.8715258471632753,FDR correction BH,False,0.2697870400708624,One-way ancova,0.8715258471632756
16472511208811535629,CTR,CVD,13.267245196717717,0.7975709364015212,13.003487460716485,0.12571268948244757,-0.6972788453681877,0.5358066792448959,-0.37821541667712766,0.5424163076070616,-2.1044261907471533,1.3479953573928978,0.26375773600123154,1.200601799970311,0.48619778819799303,0.5358066792448959,0.8715258471632753,FDR correction BH,False,0.2709918768772661,One-way ancova,0.8715258471632756
9646763880479313515,CTR,CVD,11.829514504823905,1.3415777338767145,11.580320196528708,0.5155214304305429,-0.7085315892927646,0.5297087074932634,-0.5982057081322194,0.8442893967922176,-3.2851113795442917,2.0886999632798524,0.24919430829519662,1.1885431723195816,0.5020170130257308,0.5297087074932637,0.8715258471632753,FDR correction BH,False,0.27596288795699486,One-way ancova,0.8715258471632756
9626080969013482886,CTR,CVD,11.228642219553215,1.5491299880644065,10.711948182257863,0.36863419267594216,-0.7168030346471468,0.5252615744280605,-0.7594614124718061,1.0595119938989352,-4.131301442859835,2.6123786179162227,0.5166940372953519,1.4306730747272443,0.5138065904793588,0.5252615744280602,0.8715258471632753,FDR correction BH,False,0.279624368898489,One-way ancova,0.8715258471632756
17983355011712413261,CTR,CVD,13.217875750383934,0.19383688544095623,13.186008720953863,0.04700685093975749,-0.7186135269689751,0.524292154302664,-0.08242249182635124,0.11469654930376741,-0.44743810138698015,0.28259311773427764,0.031867029430070914,1.0223342995801477,0.5164054011427899,0.5242921543026638,0.8715258471632753,FDR correction BH,False,0.2804266411772818,One-way ancova,0.8715258471632756
439080651463783540,CTR,CVD,13.474465094487906,0.22245936231811586,13.108973595332484,0.5914276708940903,-0.7084536537516177,0.5297507515630671,-0.31236664839958417,0.4409133141532208,-1.7155495959771412,1.0908162991779728,0.36549149915542145,1.2883204613848012,0.5019065795140171,0.5297507515630671,0.8715258471632753,FDR correction BH,False,0.2759284184784962,One-way ancova,0.8715258471632756
4219662053660333174,CTR,CVD,10.948534211041194,0.18692175579415587,10.638712053873627,0.7794600952385884,-0.6994188085647053,0.5346427615587404,-0.3883943046603458,0.5553100658779528,-2.1556387721007977,1.378850162780106,0.30982215716756656,1.2395548890301966,0.48918666977407194,0.53464276155874,0.8715258471632753,FDR correction BH,False,0.27193630864288293,One-way ancova,0.8715258471632756
10877440390282997916,CTR,CVD,11.960229759138096,0.07355183772457399,11.604261727209424,0.7028246427861864,-0.7178217751122836,0.5247159179767846,-0.3608578630876171,0.5027123383533061,-1.9607128869009083,1.238997160725674,0.355968031928672,1.2798440540051523,0.5152681008253499,0.5247159179767846,0.8715258471632753,FDR correction BH,False,0.28007576068326856,One-way ancova,0.8715258471632756
3284369666476094800,CTR,CVD,12.608360439795563,0.7261311848165877,12.01871740299132,1.0735905858633388,-0.7137376413814159,0.5269061930801594,-0.6538043151963252,0.9160289121516811,-3.5690171422070054,2.261408511814355,0.589643036804242,1.5048743532419004,0.5094214207247068,0.5269061930801594,0.8715258471632753,FDR correction BH,False,0.27826669684430666,One-way ancova,0.8715258471632756
8540817157111863623,CTR,CVD,11.028474728371586,1.6388454651806426,10.740170803628436,0.5784745556977481,-0.7048282772658779,0.5317094718979039,-0.7154738579926389,1.015103793463078,-3.945987174979251,2.5150394589939733,0.2883039247431505,1.221203749946424,0.4967829004335853,0.5317094718979035,0.8715258471632753,FDR correction BH,False,0.27432560307428727,One-way ancova,0.8715258471632756
16809076060873643195,CTR,CVD,11.948480380415566,0.5631127700928512,12.012089439689547,0.1688976616231047,0.7063409211592718,0.5308915225283491,0.22629839579405642,0.3203812621002439,-0.7932977680591738,1.2458945596472866,-0.06360905927398086,0.9568674143808832,0.4989174969041286,0.5308915225283493,0.8715258471632753,FDR correction BH,False,0.2749942095779499,One-way ancova,0.8715258471632756
8597719645038110763,CTR,CVD,13.489923585825323,0.532807169768407,13.513103386303847,0.19623894997081495,-0.7047603999002617,0.5317461994110915,-0.17174749837161438,0.2436962950754898,-0.9472978722460704,0.6038028755028416,-0.023179800478523305,0.9840613725987781,0.496687221267577,0.5317461994110914,0.8715258471632753,FDR correction BH,False,0.2742956054791865,One-way ancova,0.8715258471632756
5477437207054349838,CTR,CVD,17.2254046389848,0.6975894718791729,17.71043381842711,0.24802224184524768,0.6980957998810279,0.5353621054385784,0.29636683188029944,0.42453604781866244,-1.054696344960186,1.647430008720785,-0.4850291794423107,0.7144826188503354,0.48733774581153205,0.5353621054385784,0.8715258471632753,FDR correction BH,False,0.2713523727481863,One-way ancova,0.8715258471632756
14121375062443159903,CTR,CVD,16.831869185178043,0.2001286661089263,16.947252653274777,0.08179662510755048,0.6882120187759215,0.5407602050222851,0.10523004591152457,0.15290352833228704,-0.38137722289448994,0.5918373147175391,-0.11538346809673428,0.923136908483481,0.4736357827876293,0.5407602050222846,0.8755630034386089,FDR correction BH,False,0.26699527597015343,One-way ancova,0.8755630034386096
8415969939928891122,CTR,CVD,12.064606778509775,1.1129859486912332,12.002763716361107,0.5650541811573623,-0.6831616844101497,0.5435348755299226,-0.4357183418449093,0.6377968082637918,-2.465472437826109,1.5940357541362902,0.06184306214866808,1.0437983757841311,0.466709887046113,0.5435348755299226,0.8773851589218051,FDR correction BH,False,0.26477258448612406,One-way ancova,0.8773851589218051
743207903041705346,CTR,CVD,10.923683132753164,0.1289639377212624,10.591222040652722,0.7428806983553096,-0.6826041599896682,0.5438418599336942,-0.36440554410248727,0.5338460640321953,-2.0633419781722933,1.3345308899673185,0.3324610921004414,1.2591595424964082,0.46594843923520046,0.5438418599336942,0.8773851589218051,FDR correction BH,False,0.2645273674757132,One-way ancova,0.8773851589218051
16445017524291414776,CTR,CVD,11.660956314421925,0.5462419436697875,12.112974933776224,0.5914661866895973,0.6790991503427651,0.5457748783587968,0.3806722986208217,0.5605548150497361,-1.4032633014435143,2.1646078986851576,-0.4520186193542983,0.7310192896385885,0.46117565599626553,0.5457748783587968,0.8789229190086908,FDR correction BH,False,0.2629864584815149,One-way ancova,0.8789229190086908
14568390051812142800,CTR,CVD,15.89984712647472,0.22124202286866979,16.006974631716446,0.019366892564947905,0.677056860165581,0.5469036601845335,0.10698263428287819,0.15801129945971526,-0.39587984187585784,0.6098451104416143,-0.10712750524172598,0.9284347937074985,0.45840599189727516,0.5469036601845331,0.8791623354579321,FDR correction BH,False,0.26208917007457244,One-way ancova,0.8791623354579329
15602858761476653242,CTR,CVD,12.632808153689668,0.14009779763654368,12.654105669961654,0.0413868936458902,-0.6564523737085732,0.558392702812459,-0.033488019361916914,0.05101363130538949,-0.1958361618288873,0.12886012310505346,-0.021297516271985728,0.9853461153822325,0.43092971894762033,0.558392702812459,0.8818279127161545,FDR correction BH,False,0.2530602657949773,One-way ancova,0.8818279127161545
5604903475088037217,CTR,CVD,11.380133247876222,2.279559472647701,10.823948771459605,0.9946100004829057,-0.6690020674201359,0.551373179396527,-1.0502224985422854,1.5698344589460613,-6.046136372323098,3.9456913752385274,0.5561844764166164,1.4703753402461652,0.4475637662124161,0.5513731793965265,0.8818279127161545,FDR correction BH,False,0.25855436322731534,One-way ancova,0.8818279127161545
1138090438525564760,CTR,CVD,11.600602649765833,0.829413226216528,10.978034324952441,1.1130781320744967,-0.6591981551044619,0.5568510818854447,-0.6503335079076209,0.9865523786312234,-3.7899834802519585,2.489316464436717,0.6225683248133915,1.5396136049246916,0.4345422076931261,0.5568510818854444,0.8818279127161545,FDR correction BH,False,0.25426093222757984,One-way ancova,0.8818279127161545
11878796137078022385,CTR,CVD,11.920762706236289,0.5457028141192606,11.7822802982872,0.26130325773723784,-0.6567561351481634,0.5582219961338968,-0.2535985122366177,0.38613801784951146,-1.4824620204715844,0.9752649959983488,0.1384824079490894,1.1007466151696053,0.4313286210547529,0.5582219961338964,0.8818279127161545,FDR correction BH,False,0.2531930546059631,One-way ancova,0.8818279127161545
11156315450804646863,CTR,CVD,11.202767376410364,0.08095968760898913,11.154315371406996,0.3175629578321348,-0.6626258361783914,0.5549311640200093,-0.12776750174849022,0.19281998191524302,-0.7414067407796339,0.48587173728265337,0.04845200500336766,1.0341546923601306,0.43907299877111244,0.5549311640200091,0.8818279127161545,FDR correction BH,False,0.2557608852383065,One-way ancova,0.8818279127161545
13647381788832667381,CTR,CVD,16.319783141170372,0.1776370478078108,16.43037432481081,0.06881682573770949,0.6710025872061249,0.5502604928336265,0.08715159665215115,0.1298826536795142,-0.3261929746707343,0.5004961679750366,-0.11059118364043741,0.9262084449451644,0.4502444720373132,0.5502604928336261,0.8818279127161545,FDR correction BH,False,0.2594316672002481,One-way ancova,0.8818279127161545
457020667716106471,CTR,CVD,11.013359674998869,0.7375199903367979,10.575765410275066,1.1745958473377642,-0.6660109383764812,0.5530400666717684,-0.624258044426313,0.9373089966781204,-3.607193597814297,2.3586775089616707,0.4375942647238027,1.3543440359745091,0.4435705700371211,0.5530400666717681,0.8818279127161545,FDR correction BH,False,0.25724340376923044,One-way ancova,0.8818279127161545
4142138457660305795,CTR,CVD,11.728763687299846,0.11147645608843344,11.7050444410961,0.3054787043833723,-0.661795716629014,0.5553956672553478,-0.11555360375741477,0.17460615240305524,-0.6712283083524189,0.4401211008375894,0.02371924620374699,1.0165768244278095,0.43797357054851016,0.555395667255348,0.8818279127161545,FDR correction BH,False,0.2553975125843813,One-way ancova,0.8818279127161545
4405945056795754774,CTR,CVD,12.018732060513287,0.1595011403890003,11.696520085631178,0.8246749558164864,-0.668618827637325,0.5515865342655448,-0.39205089084380024,0.5863593345541536,-2.258107988664605,1.4740062069770048,0.3222119748821086,1.2502459874732295,0.44705113667111107,0.5515865342655447,0.8818279127161545,FDR correction BH,False,0.2583863446817427,One-way ancova,0.8818279127161545
13944626815819100599,CTR,CVD,13.256920851876423,0.22207965695064802,12.548235248510935,1.3336160809864568,-0.6573037781820827,0.557914334117058,-0.6258242929987257,0.9521081633359533,-3.655857399638216,2.404208813640764,0.7086856033654882,1.6343144632256819,0.43204825681244063,0.5579143341170579,0.8818279127161545,FDR correction BH,False,0.25343248041079897,One-way ancova,0.8818279127161545
2857138702977802412,CTR,CVD,10.369141482158243,0.11858206615267766,10.423146438584093,0.17014250978561418,0.6542871581463261,0.5596106517696914,0.08887319914183063,0.13583210068438306,-0.34340516782018427,0.5211515661038455,-0.05400495642584957,0.9632585847081901,0.4280916853151955,0.5596106517696914,0.8821981628074046,FDR correction BH,False,0.2521140276312948,One-way ancova,0.8821981628074046
16577905981854195603,CTR,CVD,12.400240329554578,1.9404398461179586,11.876737815427399,0.8592561172841074,-0.6502640664694319,0.5618790179351197,-0.8963285836854243,1.3784070655356744,-5.2830350565771536,3.490377889206305,0.5235025141271787,1.4374407733364092,0.4228433561413618,0.5618790179351195,0.8832185614049365,FDR correction BH,False,0.25035718531947093,One-way ancova,0.8832185614049369
1564515536114734846,CTR,CVD,16.020581873154047,0.3323483001065398,15.907886015188142,0.21008853921519194,-0.6496476319209764,0.5622272001808462,-0.17071950274299696,0.2627878473722558,-1.0070277166864372,0.6655887112004433,0.11269585796590498,1.0812467962024999,0.4220420456605324,0.5622272001808458,0.8832185614049365,FDR correction BH,False,0.25008814733993745,One-way ancova,0.8832185614049369
8079987234760054429,CTR,CVD,10.588463402629387,0.18812682923361376,10.237638801171023,0.7145514634060155,-0.6460123008727022,0.5642838673943805,-0.33939885564456757,0.5253752214719,-2.011377288105717,1.3325795768165818,0.35082460145836336,1.275289336395627,0.4173318928788427,0.5642838673943809,0.8848997011411882,FDR correction BH,False,0.24850236582379479,One-way ancova,0.8848997011411878
18337843746602644722,CTR,CVD,11.683019243018562,0.09089971686004877,11.709210457515612,0.06652325348508363,0.6430444444067918,0.5659671127200274,0.046698551362536644,0.07262103229212413,-0.18441398454146293,0.27781108726653625,-0.026191214497050197,0.9820094313143051,0.41350615748243946,0.5659671127200274,0.8859904015878963,FDR correction BH,False,0.2472088041106351,One-way ancova,0.8859904015878963
9120899724421101875,CTR,CVD,10.785525867475565,0.2523144203557844,10.563368193525877,1.0309719169434277,-0.6391891460137058,0.5681593049940199,-0.42990455265211086,0.6725779924975331,-2.570347899891392,1.7105387945871704,0.22215767394968822,1.1664768485393429,0.40856276438173056,0.5681593049940199,0.8868673310534347,FDR correction BH,False,0.24552987629676604,One-way ancova,0.8868673310534353
8336172389135576892,CTR,CVD,10.565465525955036,0.44386690821041885,10.53972557110376,0.2884438572371018,-0.6385827349339356,0.5685046993932278,-0.178475966470466,0.27948761641501346,-1.067930298703131,0.7109783657621989,0.025739954851275115,1.0180016888680539,0.407787909355705,0.5685046993932275,0.8868673310534347,FDR correction BH,False,0.24526594098132692,One-way ancova,0.8868673310534353
7403333029898315143,CTR,CVD,12.001261413664734,0.4073231733929155,11.491048934064457,1.1616547660976804,-0.625951339226656,0.575734817818265,-0.5469113197272162,0.873728172549177,-3.327504314279116,2.233681674824683,0.5102124796002769,1.4242599446368254,0.39181507907964425,0.5757348178182649,0.8873438686992845,FDR correction BH,False,0.23977750559939973,One-way ancova,0.8873438686992846
12299262097165092445,CTR,CVD,15.250886608423249,0.4233934478203863,15.231658387727267,0.23260957848904243,0.6334809282655975,0.5714167562630368,0.14001500631713948,0.22102481711720268,-0.5633846062936321,0.843414618927911,0.0192282206959824,1.0134172004858022,0.40129808647624315,0.5714167562630366,0.8873438686992845,FDR correction BH,False,0.24304702848622067,One-way ancova,0.8873438686992846
1540959550728926535,CTR,CVD,13.515777465325492,0.08726693524092338,13.145710616439908,0.816278469068976,-0.6261398005005194,0.5756264451969378,-0.36568526950717745,0.584031344461506,-2.2243336638588977,1.4929631248445427,0.3700668488855836,1.292412714636282,0.3920510497708302,0.5756264451969381,0.8873438686992845,FDR correction BH,False,0.2398592620959619,One-way ancova,0.8873438686992846
18364826862806491298,CTR,CVD,11.21536002740043,0.15381582367372434,11.226780552049789,0.10085683681914975,0.6273465036048889,0.5749329010423192,0.06262060944835288,0.09981821702762236,-0.25504550653126656,0.38028672542797237,-0.011420524649357944,0.9921151453803319,0.3935636355852789,0.574932901042319,0.8873438686992845,FDR correction BH,False,0.24038283775813474,One-way ancova,0.8873438686992846
5127775867763442606,CTR,CVD,12.698033297840757,0.2422539299656974,12.565161361345181,0.2991866729306917,-0.6319322181031981,0.5723029387541767,-0.16893547020131178,0.2673316304530048,-1.0197040298220947,0.6818330894194713,0.13287193649557594,1.0964742536945933,0.39933832827682797,0.5723029387541766,0.8873438686992845,FDR correction BH,False,0.2423740239999706,One-way ancova,0.8873438686992846
1257565256453162733,CTR,CVD,11.684115606448643,1.2661863198549639,12.433400090934825,0.038188235635855904,0.6346098373747613,0.5707714306646979,0.5179178668094123,0.8161201360381088,-2.079340644793157,3.1151763784119817,-0.7492844844861821,0.5948985287721001,0.40272964569282094,0.5707714306646976,0.8873438686992845,FDR correction BH,False,0.24353777314532013,One-way ancova,0.8873438686992846
14386561037964379522,CTR,CVD,12.491006246173498,0.7353314818128084,12.086717865465175,1.2341263469561254,-0.6298279582514704,0.5735086466831418,-0.6078643767919332,0.9651276492702664,-3.679331298339778,2.4636025447559122,0.40428838070832285,1.3234359554471469,0.39668325699521606,0.5735086466831418,0.8873438686992845,FDR correction BH,False,0.24146002993626742,One-way ancova,0.8873438686992846
14005781647269447977,CTR,CVD,11.506168905433947,0.10687608722304603,11.545898328429296,0.1158253860510024,0.5654140297210918,0.6113178657512843,0.060388500920575336,0.10680403694680844,-0.2795096118502391,0.4002866136913898,-0.03972942299534843,0.9728373856516884,0.3196930250054437,0.6113178657512841,0.8897999207511529,FDR correction BH,False,0.21373291177799586,One-way ancova,0.8897999207511534
6919302810360164768,CTR,CVD,12.562454902427412,0.13489263662660583,12.303771945364309,1.042311694908558,-0.5582368808050728,0.6156370992305564,-0.3973422224107121,0.7117806724587542,-2.6625459936498226,1.8678615488283983,0.25868295706310285,1.1963860196374705,0.311628415090977,0.6156370992305564,0.8897999207511529,FDR correction BH,False,0.21067521680411122,One-way ancova,0.8897999207511534
15722830336753169332,CTR,CVD,11.48191592061418,0.22877576198332816,11.669418866577837,0.29738366808859523,0.5591892739406735,0.6150627374235036,0.14367199909758377,0.2569291039599348,-0.673991078519707,0.9613350767148745,-0.1875029459636579,0.8781242870669642,0.3126926440902976,0.6150627374235031,0.8897999207511529,FDR correction BH,False,0.2110805832047554,One-way ancova,0.8897999207511534
625031655587410506,CTR,CVD,12.137338890543242,0.7463789844160519,11.483648914010216,1.1604437212092078,-0.5682787184533391,0.6095997624158123,-0.5491499795794895,0.9663391602523643,-3.6244724697761233,2.5261725106171444,0.6536899765330269,1.5731867892951232,0.3229407018469695,0.6095997624158122,0.8897999207511529,FDR correction BH,False,0.21495521092948253,One-way ancova,0.8897999207511534
3172676149769582470,CTR,CVD,13.020744375647917,0.18065300010065147,13.091367181576805,0.1516643339797824,0.57266114709446,0.6069779023548985,0.09360945081554306,0.16346394598357875,-0.4266057801270834,0.6138246817581695,-0.07062280592888825,0.9522268366201052,0.32794078939154286,0.6069779023548981,0.8897999207511529,FDR correction BH,False,0.21682711956728065,One-way ancova,0.8897999207511534
16947010448005894433,CTR,CVD,12.311360873071765,0.46667807392345495,12.41245625811199,0.5062398173848074,0.5496156168821186,0.6208530965003167,0.23853876726903578,0.43401016991152475,-1.1426752944216914,1.619752828959763,-0.10109538504022453,0.9323248429293507,0.30207732632071177,0.6208530965003165,0.8897999207511529,FDR correction BH,False,0.20701114849757798,One-way ancova,0.8897999207511534
7219048503677124510,CTR,CVD,14.77373027736723,0.6832247452459247,15.176093767025549,0.17409001008356362,0.5756619780187026,0.6051871592859027,0.24942219635661741,0.4332789134607636,-1.1294646809441695,1.6283090736574044,-0.4023634896583186,0.7566177412419312,0.3313867129364051,0.6051871592859025,0.8897999207511529,FDR correction BH,False,0.21811029530588616,One-way ancova,0.8897999207511534
164081154184538389,CTR,CVD,12.900072505317112,0.06487308833468582,12.937113113758675,0.10953829823396402,0.5725691882411452,0.6070328372260764,0.05031650690101197,0.0878784746618613,-0.22935202010064526,0.3299850339026692,-0.037040608441563094,0.9746521963591823,0.32783547532312396,0.6070328372260761,0.8897999207511529,FDR correction BH,False,0.21678781528329852,One-way ancova,0.8897999207511534
5083543172116027024,CTR,CVD,10.930984864167156,0.6549628531028356,10.541474894759554,1.183256940839562,-0.5714938700281021,0.6076754745387581,-0.5329534626261091,0.9325619933594425,-3.500781932841394,2.434875007589176,0.38950996940760163,1.309948386861959,0.3266052434796974,0.6076754745387577,0.8897999207511529,FDR correction BH,False,0.21632829119492558,One-way ancova,0.8897999207511534
9157666152513551742,CTR,CVD,12.10029440707617,0.5442645125810056,11.965611630688777,0.03607150830013535,-0.6142127745591315,0.5825146129609587,-0.2214798389398042,0.3605913913118749,-1.3690425799375925,0.926082902057984,0.13468277638739323,1.097851388769819,0.3772573324316265,0.5825146129609586,0.8897999207511529,FDR correction BH,False,0.23469317545437948,One-way ancova,0.8897999207511534
11697466619659449799,CTR,CVD,10.215280798100544,0.20206810989067983,10.197657868564157,0.3050860011600953,-0.5691175938109146,0.6090972814649125,-0.11584041719763125,0.2035439045592367,-0.7636079642253067,0.5319271298300442,0.017622929536386778,1.0122901952121424,0.3238948355851252,0.6090972814649123,0.8897999207511529,FDR correction BH,False,0.2153133388460128,One-way ancova,0.8897999207511534
8450320535181412084,CTR,CVD,12.173016240374812,1.1532914783412214,12.296796728601388,0.28875470246123414,-0.5851181517550981,0.5995685009247393,-0.29052737119509414,0.49652770183874717,-1.8707001213831012,1.2896453789929128,-0.12378048822657561,0.9177795154821985,0.34236325151330194,0.599568500924739,0.8897999207511529,FDR correction BH,False,0.22216119142400673,One-way ancova,0.8897999207511534
11180364424126750081,CTR,CVD,11.770043937676798,1.0012467408322536,11.434381805476015,0.14852866096631945,-0.5784947301217678,0.6035001214935336,-0.41043072947295794,0.7094804984421658,-2.6683143204114654,1.8474528614655497,0.3356621322007829,1.261956457254298,0.3346561527786569,0.6035001214935336,0.8897999207511529,FDR correction BH,False,0.21932263813669672,One-way ancova,0.8897999207511534
14756194149767814523,CTR,CVD,12.989534512285479,0.04411647250592572,12.817354700709473,0.43923716084547887,-0.5992041288165956,0.591267738114949,-0.18757973889962393,0.31304814149075794,-1.1838386401629917,0.8086791623637439,0.17217981157600626,1.1267596544349414,0.3590455879908552,0.5912677381149486,0.8897999207511529,FDR correction BH,False,0.2282158171634148,One-way ancova,0.8897999207511534
16578781581117891371,CTR,CVD,10.6654556982734,0.5747776270220228,10.690020054437985,1.471668799841968,0.5544972438325199,0.6178959363287587,0.47055538676435427,0.8486162771739234,-2.230120349131884,3.171231122660593,-0.024564356164585632,0.9831174210712428,0.30746719341786094,0.6178959363287588,0.8897999207511529,FDR correction BH,False,0.209084660968946,One-way ancova,0.8897999207511534
15335850797085980602,CTR,CVD,12.902474735702697,0.19256299643494956,13.089821704682356,0.2658690000451959,0.615357571723137,0.5818508525848809,0.13242505748562053,0.21520017559026886,-0.5524379462181552,0.8172880611893962,-0.18734696897965897,0.8782192306124547,0.3786649410769956,0.5818508525848811,0.8897999207511529,FDR correction BH,False,0.23518832497296754,One-way ancova,0.8897999207511534
12580402297802623495,CTR,CVD,13.837709549468372,0.48491259345238763,13.8392419240797,0.1779917639616103,-0.5494143994504092,0.6209751955297905,-0.14878409555618152,0.2708048709771957,-1.0106060566505395,0.7130378655381764,-0.0015323746113278247,0.9989384027520753,0.30185618232345385,0.6209751955297901,0.8897999207511529,FDR correction BH,False,0.20692574710149544,One-way ancova,0.8897999207511534
9989186613615366127,CTR,CVD,14.834878308555288,0.10240617638277592,14.98930619781464,0.3025929306598792,0.5652671864399855,0.6114060258263412,0.12562634660240476,0.2222424184810567,-0.5816482169700731,0.8329009101748827,-0.15442788925935247,0.8984886041439124,0.3195269920657774,0.6114060258263408,0.8897999207511529,FDR correction BH,False,0.21367028531841417,One-way ancova,0.8897999207511534
15680504365710801695,CTR,CVD,14.768701469325164,0.09826837473608686,14.758683690985896,0.07493429742608591,-0.560076055725993,0.6145282759444071,-0.040413191402923127,0.0721566133559092,-0.2700477389792615,0.1892213561734152,0.01001777833926809,1.0069679588521974,0.31368518819758545,0.6145282759444071,0.8897999207511529,FDR correction BH,False,0.21145812936970954,One-way ancova,0.8897999207511534
7463392328771841248,CTR,CVD,13.320413716261251,0.12642952277776587,13.288920638384504,0.08799860871347294,-0.5861895793506529,0.5989342157699084,-0.05862109197012043,0.10000364052028612,-0.3768773082588806,0.2596351243186397,0.03149307787674793,1.0220693413279915,0.34361822293929534,0.5989342157699081,0.8897999207511529,FDR correction BH,False,0.222620875936319,One-way ancova,0.8897999207511534
8219808396079971480,CTR,CVD,11.180544512267538,2.1412252800244747,10.493903548250207,1.2988358720556024,-0.5675171642795783,0.6100561782562316,-0.9744884939196652,1.717108407032424,-6.439093799652549,4.490116811813219,0.6866409640173305,1.6095316696525668,0.3220757317519338,0.6100561782562315,0.8897999207511529,FDR correction BH,False,0.21463017026253695,One-way ancova,0.8897999207511534
14171930067401872046,CTR,CVD,11.249587102243112,0.6884097067462835,11.086911698589647,0.24786515556419098,-0.5597966149620661,0.6146966597368837,-0.27296258159902453,0.4876102754167627,-1.8247561010177429,1.2788309378196936,0.16267540365346456,1.1193610118804107,0.3133722501229877,0.6146966597368833,0.8897999207511529,FDR correction BH,False,0.21133914682998192,One-way ancova,0.8897999207511534
3739900515531436334,CTR,CVD,11.030897641276317,0.05780820853678416,10.909804976173705,0.2804225161945522,-0.5661548699300691,0.6108732231592924,-0.115199832217806,0.20347759656652845,-0.7627563576190763,0.5323566931834642,0.12109266510261207,1.0875582430806612,0.32053133674553347,0.6108732231592923,0.8897999207511529,FDR correction BH,False,0.21404891118986027,One-way ancova,0.8897999207511534
12299457397786754888,CTR,CVD,11.192407158811259,2.0341130297241907,10.844237989136998,0.8803032937426531,-0.5861563088663218,0.5989539047320134,-0.8092314874447023,1.3805728526744474,-5.202830461614252,3.584367486724848,0.3481691696742608,1.2729441913023716,0.3435792184237908,0.5989539047320128,0.8897999207511529,FDR correction BH,False,0.22260659946516773,One-way ancova,0.8897999207511534
7392722656097169607,CTR,CVD,12.703733421677535,0.6277091937887194,13.149258882769535,0.5745799210160145,0.6102340677892946,0.5848257900886716,0.3590169423983995,0.5883266132600828,-1.5133009142715546,2.2313347990683536,-0.4455254610920001,0.7343168136806049,0.37238561749066934,0.5848257900886717,0.8897999207511529,FDR correction BH,False,0.23297348378236019,One-way ancova,0.8897999207511534
13842168789334078714,CTR,CVD,11.220689668631678,0.11695908462979765,10.800354425983535,0.8421787236186461,-0.5535732983647966,0.6184548976283819,-0.3227607975203655,0.5830497939004112,-2.17828545991548,1.5327638648747492,0.42033524264814304,1.3382384884767915,0.30644339666248016,0.6184548976283815,0.8897999207511529,FDR correction BH,False,0.2086919668923198,One-way ancova,0.8897999207511534
17799615237731355775,CTR,CVD,13.42266607717545,0.06880462441628155,12.648434398410808,1.5162058342315299,-0.5527571825876113,0.6189489127335844,-0.5656682966184,1.023357659452471,-3.822449098927267,2.691112505690467,0.7742316787646413,1.7102789831287832,0.3055405029021938,0.6189489127335843,0.8897999207511529,FDR correction BH,False,0.2083451956220707,One-way ancova,0.8897999207511534
5309195266184871449,CTR,CVD,12.593131334988724,0.12222437831692531,12.267677388415487,0.7575924124417942,-0.5728515136341109,0.6068641912237392,-0.31252729060435364,0.5455642224312418,-2.0487561345759406,1.4237015533672335,0.3254539465732371,1.2530586537457022,0.3281588566728919,0.6068641912237395,0.8897999207511529,FDR correction BH,False,0.2169084878394787,One-way ancova,0.8897999207511534
14767632897409350942,CTR,CVD,15.215862303745963,0.6167859452499234,15.350842075111032,1.0290808297460443,0.6098035988218641,0.5850762435505804,0.4283728819463717,0.7024768019965524,-1.807221821115461,2.663967585008204,-0.1349797713650691,0.9106826025668715,0.37186042913609696,0.5850762435505806,0.8897999207511529,FDR correction BH,False,0.23278753563454158,One-way ancova,0.8897999207511534
6599654967273301565,CTR,CVD,13.960891694965623,0.16430956859893034,13.79449469850689,0.4855204288375228,-0.5641348978162339,0.6120861122902173,-0.2028961810773795,0.35965897848686645,-1.3474915683252198,0.9416992061704608,0.16639699645873307,1.1222522560267758,0.3182481829341327,0.6120861122902168,0.8897999207511529,FDR correction BH,False,0.21318747415895267,One-way ancova,0.8897999207511534
14865932993057800084,CTR,CVD,12.118327701009145,0.3667220989560166,12.363369803081127,0.2387555768796387,0.5705786751820714,0.608222792302862,0.15708879579241852,0.2753148735225542,-0.7190860062392381,1.0332635978240752,-0.24504210207198263,0.8437911714699167,0.32556002457252775,0.6082227923028621,0.8897999207511529,FDR correction BH,False,0.2159373093055122,One-way ancova,0.8897999207511534
5950685572593767209,CTR,CVD,14.147423466099411,0.21587870483399949,14.268527561989963,0.27563135009935913,0.5692579242350677,0.6090132526152842,0.14060735028413465,0.24700112953732492,-0.6454604818129647,0.9266751823812339,-0.12110409589055138,0.9194836995399338,0.3240545843044181,0.6090132526152843,0.8897999207511529,FDR correction BH,False,0.2153732566691514,One-way ancova,0.8897999207511534
15341098413621955360,CTR,CVD,12.075181105188017,0.41035139621198113,11.521153737073789,1.610956610176347,-0.5638744224239133,0.6122426357470947,-0.6596287212035102,1.169814935687241,-4.3825019411477175,3.0632444987406973,0.5540273681142285,1.468178487308482,0.3179543642639017,0.6122426357470947,0.8897999207511529,FDR correction BH,False,0.21307643000665352,One-way ancova,0.8897999207511534
3262325014009490009,CTR,CVD,11.417798914397885,0.359244894000972,11.644850820342048,0.2309602047583276,0.5712480725177005,0.6078224360532879,0.1625419654801768,0.2845383175890547,-0.7429859520429105,1.068069883003264,-0.22705190594416358,0.8543790010970168,0.3263243603551879,0.6078224360532875,0.8897999207511529,FDR correction BH,False,0.21622327320259957,One-way ancova,0.8897999207511534
2336885910469637250,CTR,CVD,10.06374607111644,0.03159483552925411,9.93258036327894,0.30023278811068554,-0.6133123221296448,0.5830370893445888,-0.13173180511930438,0.21478747510221766,-0.8152814116796926,0.5518178014410838,0.1311657078375017,1.0951782556568426,0.37615200447605723,0.5830370893445883,0.8897999207511529,FDR correction BH,False,0.23430381713576537,One-way ancova,0.8897999207511534
13624780078892789530,CTR,CVD,12.962616714148751,0.14313558434416135,13.138955330730454,0.27570491648222006,0.58826425189299,0.5977073642381129,0.11605442347699316,0.19728280802979065,-0.5117875200335186,0.7438963669875048,-0.17633861658170247,0.8849460335195618,0.34605483005521925,0.5977073642381125,0.8897999207511529,FDR correction BH,False,0.2235113932741095,One-way ancova,0.8897999207511534
13440842461757493840,CTR,CVD,17.93660637939766,0.29154968796132263,18.10338577939979,0.19976777938866452,0.581445553048238,0.6017462899901117,0.144652222464329,0.2487803401470478,-0.6470778518640055,0.9363822967926634,-0.16677940000213098,0.8908291053272935,0.33807893115957144,0.6017462899901115,0.8897999207511529,FDR correction BH,False,0.22058657864626724,One-way ancova,0.8897999207511534
15052247549988949972,CTR,CVD,13.10827444103404,0.3860387851849202,13.47744062663791,0.6947602033298536,0.5978685011107471,0.5920512624080676,0.33654861347556575,0.5629141071160473,-1.4548953069082886,2.12799253385942,-0.36916618560386993,0.7742298383430077,0.3574467446204115,0.5920512624080679,0.8897999207511529,FDR correction BH,False,0.22764068851844593,One-way ancova,0.8897999207511534
14937005313376159651,CTR,CVD,10.625578196379413,0.8492328429246379,10.055190762967923,1.289639223392251,-0.5587444435203385,0.6153309563388203,-0.612611274494746,1.0964069201923914,-4.10186742674912,2.876644877759628,0.57038743341149,1.4849222905597048,0.31219535316485275,0.6153309563388202,0.8897999207511529,FDR correction BH,False,0.21089123568566479,One-way ancova,0.8897999207511534
7339452353561430219,CTR,CVD,12.723419958349536,0.8755389943354692,13.19698990696765,0.03661618224082666,0.6166745082628223,0.5810879691856399,0.3695811245439199,0.5993131215769455,-1.5377007049270084,2.2768629540148484,-0.4735699486181133,0.7201803050209717,0.3802874491411936,0.5810879691856399,0.8897999207511529,FDR correction BH,False,0.2357581160779661,One-way ancova,0.8897999207511534
13512046523533449390,CTR,CVD,13.805552467295579,0.24121653399398088,13.955135045866138,0.12972019248430233,0.5622407851415298,0.6132249440188645,0.09893431906807712,0.1759643229069071,-0.4610626902288564,0.6589313283650107,-0.14958257857055912,0.9015112631784981,0.31611470047656376,0.6132249440188642,0.8897999207511529,FDR correction BH,False,0.2123801877553344,One-way ancova,0.8897999207511534
4288500597214615523,CTR,CVD,11.377805336016253,0.5953134166498845,11.21911284169044,0.12914645788896306,-0.6054307556259111,0.5876248485608268,-0.2470508809593654,0.40805802920262507,-1.5456736483368374,1.0515718864181065,0.15869249432581256,1.1162750062998241,0.36654639985776166,0.5876248485608266,0.8897999207511529,FDR correction BH,False,0.23089984772746172,One-way ancova,0.8897999207511534
6372532123548114231,CTR,CVD,12.807972582225318,1.1088093730329176,12.778107027449186,0.2527537503081514,0.5520703453909069,0.6193648813568069,0.3160625993138724,0.5725042142773972,-1.5059013221729003,2.1380265208006453,0.02986555477613173,1.0209169816857655,0.3047816662600353,0.6193648813568066,0.8897999207511529,FDR correction BH,False,0.20805342323712683,One-way ancova,0.8897999207511534
6923785287724218134,CTR,CVD,11.8833185803016,0.2273753766070407,12.079719180355697,0.24350213077988841,0.59744245294024,0.5923013535600639,0.11958350260328336,0.20015903124186735,-0.5174118668416747,0.7565788720482414,-0.19640060005409765,0.8727252236854316,0.35693748457525093,0.5923013535600633,0.8897999207511529,FDR correction BH,False,0.22745727488396789,One-way ancova,0.8897999207511534
17848531224323072627,CTR,CVD,10.924276637724072,0.5732264276506179,10.855739935914135,0.37331998129289334,-0.5472870726360501,0.622267060380663,-0.22541543703136957,0.4118778759849723,-1.5361946616880746,1.0853637876253353,0.06853670180993632,1.0486525156938855,0.29952313987453716,0.6222670603806628,0.8902289524106134,FDR correction BH,False,0.2060231877244111,One-way ancova,0.8902289524106136
12663944376856807103,CTR,CVD,13.024852825490981,1.320401238890027,12.97410833461567,0.47059496438439574,-0.5402447209269107,0.6265566799684182,-0.42360850683101686,0.7841048517868378,-2.9189800953555034,2.0717630816934696,0.050744490875311854,1.035799301634374,0.29186435848939574,0.6265566799684177,0.8906835846777664,FDR correction BH,False,0.20303963546938433,One-way ancova,0.8906835846777672
16707205806919624601,CTR,CVD,13.440537672251963,0.4316647977881393,13.386111738503141,0.3651156858144672,-0.5406505954680355,0.6263089137568776,-0.18405626729184205,0.3404347814183141,-1.2674716796068115,0.8993591450231275,0.05442593374882243,1.0384458106076135,0.29230306637994136,0.6263089137568773,0.8906835846777664,FDR correction BH,False,0.20321140728659415,One-way ancova,0.8906835846777672
9153874560964528746,CTR,CVD,11.406403668148485,0.3062528757592449,11.385438585084065,0.3075397657362265,-0.541058113939179,0.6260602104566659,-0.13341845726915355,0.246588035244124,-0.9181716389591217,0.6513347244208145,0.020965083064419687,1.0146379894312134,0.29274388265942164,0.6260602104566656,0.8906835846777664,FDR correction BH,False,0.20338389712244942,One-way ancova,0.8906835846777672
5863148133164282182,CTR,CVD,12.093027893546191,0.10523931270799136,12.157220171728516,0.09495749900697972,0.5422104842579972,0.6253572941739991,0.05389826966746108,0.09940469841932259,-0.2624518455450085,0.37024838487993067,-0.06419227818232542,0.9564806726455286,0.293992209239292,0.6253572941739988,0.8906835846777664,FDR correction BH,False,0.20387178017311366,One-way ancova,0.8906835846777672
12179952611467585837,CTR,CVD,11.349869921911932,1.5406811941528717,11.336403210471614,0.5663616745459534,-0.5350711200842548,0.6297206824324529,-0.4739574606057711,0.8857840440559369,-3.2929176188913405,2.345002697679798,0.013466711440317525,1.0093781145700418,0.2863011035482191,0.6297206824324525,0.8916049421569878,FDR correction BH,False,0.20085204257410186,One-way ancova,0.8916049421569883
8506563567105994561,CTR,CVD,11.29755993775798,0.672152043524575,10.849576449354538,1.2705200456875376,-0.5325894956682948,0.6312421542247046,-0.5387614377444225,1.0115885538981257,-3.758087693565363,2.680564818076518,0.44798348840344104,1.3641322223422876,0.2836515708962087,0.6312421542247041,0.8916049421569878,FDR correction BH,False,0.1998040067316462,One-way ancova,0.8916049421569883
15673919335104187859,CTR,CVD,12.24062003771615,0.621702794913105,12.689209204599669,0.9234898990268043,0.5366116714352744,0.6287774136717483,0.42449286987405993,0.7910615673689495,-2.0930180924516315,2.942003832199751,-0.4485891668835187,0.7327590737991505,0.2879520859205589,0.6287774136717483,0.8916049421569878,FDR correction BH,False,0.20150306699075543,One-way ancova,0.8916049421569883
3985105362295623272,CTR,CVD,13.040407477059697,0.4092982873830079,13.155997482097307,0.07837155609587011,0.5300300644862442,0.6328138969774553,0.15358695834179628,0.2897702765043478,-0.7685913875006646,1.0757653041842572,-0.11559000503761041,0.9230047612030706,0.2809318692592922,0.6328138969774548,0.8916049421569878,FDR correction BH,False,0.1987239920351062,One-way ancova,0.8916049421569883
5035435745223920159,CTR,CVD,13.175349160972026,1.6935776201345494,13.072626341598829,0.7148603171681096,-0.5332818674165466,0.6308174176788439,-0.5656535183170404,1.0607027031639316,-3.9412829170061245,2.8099758803720443,0.10272281937319683,1.073798146216225,0.2843895501152792,0.6308174176788436,0.8916049421569878,FDR correction BH,False,0.20009632374932199,One-way ancova,0.8916049421569883
12257963260100781694,CTR,CVD,11.610746264980612,1.5528626465415152,11.527171821131597,0.5771352542341079,-0.5294528438401023,0.6331687270390207,-0.5040318546676783,0.951986301578727,-3.533677142808128,2.5256134334727713,0.08357444384901491,1.0596401720041422,0.28032031385037176,0.6331687270390204,0.8916049421569878,FDR correction BH,False,0.19848054360404072,One-way ancova,0.8916049421569883
17832455458274112009,CTR,CVD,11.430070802820524,0.6580264636149488,11.031793222130089,1.209764185947279,-0.5235893614127625,0.6367806200413427,-0.5046864319154292,0.963897414862806,-3.5722381985186185,2.56286533468776,0.3982775806904346,1.3179335033786654,0.2741458193846244,0.6367806200413424,0.8920714972198737,FDR correction BH,False,0.19601016250842096,One-way ancova,0.8920714972198747
5105655705617861455,CTR,CVD,16.54959689206846,0.34439853265599835,16.54985311904487,0.9228635054113314,0.5176362843698055,0.6404615877476023,0.2757583795403857,0.5327261396988558,-1.4196139554725862,1.9711307145533576,-0.000256226976407703,0.9998224127641999,0.2679473228961781,0.6404615877476016,0.8920714972198737,FDR correction BH,False,0.193506912335391,One-way ancova,0.8920714972198747
1822490852700619772,CTR,CVD,12.07363098568736,0.27098165172745625,12.259033545399243,0.18246540691526886,0.526360674731731,0.6350718007153575,0.08937567016151196,0.16979929248525993,-0.45100146084808546,0.6297528011711093,-0.18540255971188202,0.879403658929425,0.27705555990404307,0.6350718007153573,0.8920714972198737,FDR correction BH,False,0.19717717094161974,One-way ancova,0.8920714972198747
17054961603208705609,CTR,CVD,13.098911700702828,0.04605728596993423,12.91139012042286,0.4543541356427013,-0.5191743832341196,0.6395091987192256,-0.16784333595548642,0.32328893985471957,-1.1966930281354051,0.8610063562244322,0.18752158027996835,1.1388056692377637,0.2695420402065285,0.6395091987192254,0.8920714972198737,FDR correction BH,False,0.19415320423572857,One-way ancova,0.8920714972198747
17075621647048470881,CTR,CVD,12.442169167784257,0.6416185063573051,12.782621350563199,0.08521662213801093,0.5176980295994905,0.6404233372736196,0.2111934956217099,0.4079472656774387,-1.0870767727842725,1.5094637640276922,-0.3404521827789413,0.7897937286344944,0.26801124985119495,0.6404233372736197,0.8920714972198737,FDR correction BH,False,0.19353285060581846,One-way ancova,0.8920714972198747
16488405558398855207,CTR,CVD,11.74259351308167,0.33459616103525364,11.376778687307615,1.220518252720717,-0.5206124744247175,0.6386195755413542,-0.46148233540246636,0.8864219704155368,-3.2824726600741876,2.3595079892692548,0.36581482577405566,1.2886092230198714,0.27103734852662714,0.6386195755413536,0.8920714972198737,FDR correction BH,False,0.19475777320764426,One-way ancova,0.8920714972198747
8928180359520984023,CTR,CVD,12.81296341829119,0.19836543444447213,12.822178696072854,0.0385532145712504,-0.5249162223011988,0.6359620856359047,-0.052863561986243326,0.10070856974945998,-0.3733631776958747,0.26763605372338806,-0.009215277781663644,0.9936328131787548,0.27553704043496163,0.6359620856359047,0.8920714972198737,FDR correction BH,False,0.1965687750590251,One-way ancova,0.8920714972198747
4914104321631351469,CTR,CVD,11.486571894557912,1.5579519865138345,11.23156191252076,0.5376463413762507,-0.5030894571167811,0.6495146884204974,-0.5401682319267354,1.0737021503540418,-3.9571676732967243,2.876831209443253,0.2550099820371514,1.1933439997752422,0.25309900186205747,0.6495146884204971,0.8989767753248653,FDR correction BH,False,0.1874110231470127,One-way ancova,0.8989767753248661
7042237267426810440,CTR,CVD,13.487206896248422,0.08603085314042755,13.509547412050638,0.10812682768583523,0.5071120201358719,0.6470030399417108,0.045809064626047905,0.09033322581029367,-0.24167157609833023,0.333289705350426,-0.022340515802216743,0.9846340146948007,0.25716260096628496,0.6470030399417104,0.8989767753248653,FDR correction BH,False,0.1890936787952737,One-way ancova,0.8989767753248661
7902190271187407753,CTR,CVD,11.452142466824368,0.34795109072789154,11.673528785255597,0.24491066789046745,0.5016256296246496,0.6504302421246801,0.13301338782322628,0.2651646566040813,-0.7108588938784025,0.976885669524855,-0.2213863184312288,0.8577408176710763,0.2516282722963261,0.6504302421246796,0.8989767753248653,FDR correction BH,False,0.1867992741751679,One-way ancova,0.8989767753248661
7855789769577109369,CTR,CVD,13.219296878874431,0.5227785110089989,13.133262712537748,0.595926121211842,-0.5017157865149688,0.6503738294019649,-0.24873628201605283,0.4957712886489604,-1.8265017878429546,1.329029223810849,0.08603416633668282,1.0614483461902466,0.2517187304383338,0.6503738294019643,0.8989767753248653,FDR correction BH,False,0.18683694277528382,One-way ancova,0.8989767753248661
16638378807457854344,CTR,CVD,11.320858676159476,1.78755151884675,11.216346714461375,0.8171881317551197,-0.5045338127972223,0.6486121256074742,-0.5822769547918853,1.1540890620663098,-4.255103426333793,3.0905495167500225,0.10451196169810117,1.0751306311930047,0.2545543682557025,0.6486121256074737,0.8989767753248653,FDR correction BH,False,0.18801493658319476,One-way ancova,0.8989767753248661
6453868146046169388,CTR,CVD,16.85215728640196,0.34934286369028483,16.642334924605056,0.3377598304553134,-0.4933794826429106,0.6556032314034055,-0.1669529093497001,0.33838640483259474,-1.2438494731676162,0.9099436544682159,0.20982236179690616,1.156545770328336,0.24342331389298616,0.6556032314034054,0.9024529188203236,FDR correction BH,False,0.1833589145017685,One-way ancova,0.9024529188203241
11330578861429252412,CTR,CVD,13.356820813663973,0.1922069298962055,13.479346697472387,0.13717985655445664,0.49246660991983787,0.656177500598375,0.07160979302594982,0.1454104533860808,-0.39115116710229253,0.5343707531541921,-0.12252588380841445,0.9185779871014853,0.24252336188593768,0.6561775005983749,0.9024529188203236,FDR correction BH,False,0.18297866504032945,One-way ancova,0.9024529188203241
3980517386535148751,CTR,CVD,12.53900859784772,0.32317834763169,12.620343491540119,0.4469657259239406,-0.49120825493802295,0.6569696276362003,-0.11194496445498744,0.2278971563071794,-0.8372154275295607,0.6133254986195857,-0.08133489369239832,0.9451826854418355,0.24128554971925772,0.6569696276361999,0.9024529188203236,FDR correction BH,False,0.18245470784494078,One-way ancova,0.9024529188203241
5356452805337793576,CTR,CVD,10.468149204456504,0.07269264491215978,10.295976071943924,0.39771204509243796,-0.49586213224633785,0.6540430621683839,-0.14020943186922472,0.2827589016206031,-1.0400744536179494,0.7596555898794999,0.17217313251257949,1.126754438029835,0.24587925419588466,0.6540430621683835,0.9024529188203236,FDR correction BH,False,0.1843936568035063,One-way ancova,0.9024529188203241
1509872069932253468,CTR,CVD,11.736413957131527,1.119197416771294,12.33698075289187,0.2915610374414421,0.48890540413063033,0.658420823322167,0.3454750697288116,0.7066296809362007,-1.903335947570798,2.5942860870284212,-0.6005667957603436,0.6594948068573167,0.23902849418813502,0.6584208233221664,0.9030634228134302,FDR correction BH,False,0.181496442511908,One-way ancova,0.903063422813431
10657456775929949769,CTR,CVD,10.963814583402572,0.3738484894915411,10.861830331458982,0.5695007471594558,-0.48440041256217364,0.661265583531637,-0.2162325910662502,0.4463922520679034,-1.6368519643672708,1.2043867822347705,0.1019842519435894,1.0732485710476547,0.23464375969040405,0.6612655835316367,0.9034142154874308,FDR correction BH,False,0.17962408015592357,One-way ancova,0.9034142154874313
15086701009221125293,CTR,CVD,12.108828278865703,0.5964879967054202,11.976238243385405,0.21201877438476185,-0.48438171609602737,0.6612774058063,-0.20933501487871814,0.4321695223467478,-1.5846913145275903,1.166021284770154,0.13259003548029824,1.0962600247689205,0.23462564688813242,0.6612774058062996,0.9034142154874308,FDR correction BH,False,0.17961631579787815,One-way ancova,0.9034142154874313
4421251334774639154,CTR,CVD,11.294457146818766,0.7590259469210102,10.847700227682564,1.1571348057241837,-0.4821252701985246,0.662705188172497,-0.47419368064884876,0.9835486956607568,-3.60428459322158,2.6558972319238823,0.4467569191362024,1.362972939512664,0.2324447761640003,0.6627051881724967,0.9034142154874308,FDR correction BH,False,0.1786796294000499,One-way ancova,0.9034142154874313
7713865861993746603,CTR,CVD,14.463698228694716,0.11269865036563215,14.471223423493994,0.08363122271529656,-0.48311221960007256,0.6620804518866183,-0.03458554345349267,0.07158904712061122,-0.26241384196130285,0.19324275505431748,-0.0075251947992782675,0.9947975125003414,0.23339741672690872,0.6620804518866178,0.9034142154874308,FDR correction BH,False,0.17908923459731343,One-way ancova,0.9034142154874313
8611535986768236461,CTR,CVD,12.5753606065254,0.6262926470811571,12.314769828648442,1.2008305676165534,-0.4773500280357843,0.6657330929191145,-0.4381214444217878,0.9178200873362979,-3.359034590280869,2.482791701437293,0.26059077787695806,1.1979691677967121,0.22786304926576403,0.6657330929191145,0.9058427281017235,FDR correction BH,False,0.17669985417204112,One-way ancova,0.9058427281017241
3278129597395447159,CTR,CVD,13.081663484389944,0.4761859642289835,12.680315349365907,0.802621551316321,-0.4761326969231054,0.6665063551250143,-0.3073749686363084,0.6455657648018005,-2.3618533516478077,1.7471034143751911,0.4013481350240369,1.32074150912711,0.22670234507926978,0.6665063551250139,0.9058427281017235,FDR correction BH,False,0.17619570524101885,One-way ancova,0.9058427281017241
15824994874054802643,CTR,CVD,10.830105681805021,0.2694805409724429,10.983944380774888,0.18461266816446895,0.47293124628629774,0.668542602800048,0.10224576621726543,0.2161958361181512,-0.5857858736547868,0.7902774060893177,-0.15383869896986724,0.898855617863977,0.2236639637139108,0.6685426028000477,0.9072355744502917,FDR correction BH,False,0.17487091215452052,One-way ancova,0.907235574450292
17964903160215069915,CTR,CVD,10.011226959675922,0.8573650476230701,10.488984728076886,0.18754439187047792,0.46945269038815235,0.6707594403017842,0.16997951178633847,0.36208017392720915,-0.9823211999449915,1.3222802235176685,-0.4777577684009646,0.7180928145177549,0.22038582851267438,0.6707594403017841,0.9074980662906492,FDR correction BH,False,0.17343320633083312,One-way ancova,0.9074980662906493
6903915824295452067,CTR,CVD,10.362499111105594,0.5169847714491754,10.297061637626234,0.18006901544861675,-0.4701146657860048,0.6703372247883698,-0.1657055724040496,0.3524790534390144,-1.2874512337111352,0.9560400889030362,0.06543747347935991,1.046402195898223,0.22100779898708703,0.6703372247883693,0.9074980662906492,FDR correction BH,False,0.17370666294060816,One-way ancova,0.9074980662906493
10620251600724230590,CTR,CVD,9.645180825515995,1.2557775055716187,9.559902606679065,0.5320044091547597,-0.4630770229461208,0.6748342394866651,-0.38593540910365487,0.8334151555357101,-3.038234391606185,2.266363573398875,0.08527821883692965,1.0608923111200002,0.21444032918064207,0.6748342394866647,0.9102651320594559,FDR correction BH,False,0.1708028904532729,One-way ancova,0.9102651320594566
12638946641387022201,CTR,CVD,15.983722969564555,0.30408870058313153,15.970889541170921,0.18972760038939393,-0.46395366226752627,0.6742730720501496,-0.09843257796221011,0.21216036420777654,-0.7736215451630122,0.5767563892385918,0.012833428393633994,1.0089351368414623,0.2152530007314498,0.6742730720501491,0.9102651320594559,FDR correction BH,False,0.17116418407769243,One-way ancova,0.9102651320594566
8915674508163455461,CTR,CVD,12.815653762936387,0.7040941206739998,13.185747400231726,0.03616499913350124,0.45779987876216016,0.6782183033016798,0.1774129161888948,0.3875337771355456,-1.0558925210289771,1.4107183534067669,-0.37009363729533895,0.7737322764911955,0.20958072899464864,0.6782183033016792,0.9134561832756851,FDR correction BH,False,0.16863049395094679,One-way ancova,0.9134561832756859
7696317912369599909,CTR,CVD,11.352492436252254,0.49578856410380195,11.150349136167073,0.5055307428811555,-0.4524656733564413,0.6816493286216783,-0.22717353389266315,0.5020790465881407,-1.8250131406677368,1.3706660728824107,0.2021433000851811,1.1504061552759357,0.20472518556589778,0.681649328621678,0.9137903487093066,FDR correction BH,False,0.1664389887034804,One-way ancova,0.9137903487093075
4542056027031320625,CTR,CVD,15.926384972656072,0.3041140734659156,15.856502860288396,0.2643053036686284,-0.45338095116579635,0.681059873097547,-0.12358279591073988,0.27258047695424026,-0.9910555276863839,0.7438899358649043,0.06988211236767583,1.0496309111243,0.2055542868800022,0.6810598730975467,0.9137903487093066,FDR correction BH,False,0.1668147068641872,One-way ancova,0.9137903487093075
8638474325038936540,CTR,CVD,11.923047474409094,0.056028783251587895,11.767401975627442,0.47162330370578426,-0.44792404126535007,0.6845787227788792,-0.151324512000642,0.33783520878486945,-1.2264669239929873,0.9238178999917034,0.15564549878165224,1.1139199030961062,0.200635946743483,0.6845787227788785,0.9137903487093066,FDR correction BH,False,0.1645766031872209,One-way ancova,0.9137903487093075
12286865073652098408,CTR,CVD,10.54765218188925,1.1081447341982997,11.013895805669444,0.6534343246409046,0.45002076875526514,0.6832253849021401,0.4097489433930309,0.9105111849090342,-2.4879040129407213,3.307401899726783,-0.4662436237801941,0.7238468419251922,0.20251869231107983,0.6832253849021392,0.9137903487093066,FDR correction BH,False,0.1654360060220443,One-way ancova,0.9137903487093075
18196010525593467406,CTR,CVD,16.85545596583819,1.0069246870649802,16.732987983040662,1.3147924809212133,0.4496034964975368,0.6834945873986941,0.37756218317217066,0.8397670082938049,-2.2949512296720678,3.0500755960164088,0.12246798279752724,1.0885955040553683,0.2021433040628106,0.6834945873986935,0.9137903487093066,FDR correction BH,False,0.1652649202654162,One-way ancova,0.9137903487093075
10852404793590747525,CTR,CVD,13.880585198615242,0.33145543693943286,14.123150628443062,0.3975540551514429,0.4491264218303055,0.6838024486247298,0.1506744137501066,0.33548329919239595,-0.9169831722493087,1.2183319997495219,-0.24256542982782037,0.8452409504703328,0.2017145427860935,0.6838024486247295,0.9137903487093066,FDR correction BH,False,0.165069348373726,One-way ancova,0.9137903487093075
9813041907950224873,CTR,CVD,11.156925958092529,1.221306729700566,11.754000466210604,0.19766880811052998,0.4306658394618951,0.6957780215717264,0.3265271047544739,0.7581913280200269,-2.086376085801429,2.739430295310377,-0.5970745081180748,0.6610931594726099,0.18547306527941873,0.695778021571726,0.921880185154857,FDR correction BH,False,0.1575292939857787,One-way ancova,0.9218801851548576
6492922291729614430,CTR,CVD,13.80665350430145,0.08045365745379932,13.867815090089955,0.2527208464949105,0.4327511238820576,0.6944191943994649,0.08048130626403756,0.18597596129171928,-0.5113772046204835,0.6723398171485587,-0.061161585788505946,0.9584920787477261,0.18727353522118395,0.6944191943994645,0.921880185154857,FDR correction BH,False,0.15837828335782858,One-way ancova,0.9218801851548576
1354875106770258152,CTR,CVD,14.091612639280763,0.66288761614684,14.48166932324886,0.47997973980300335,0.43449239436292497,0.6932857140744696,0.2225799336520757,0.5122757878844665,-1.4077102547874294,1.8528701220915809,-0.3900566839680977,0.7630996214532747,0.1887836407592275,0.6932857140744692,0.921880185154857,FDR correction BH,False,0.15908774883130114,One-way ancova,0.9218801851548576
3687106544428533746,CTR,CVD,12.10393555909757,0.3598758851075851,12.031495767276994,0.44054803159795175,0.43142873470525167,0.6952807204916386,0.11356107441165347,0.2632209337869843,-0.7241254137922084,0.9512475626155152,0.07243979182057636,1.0514933979678491,0.1861307531293745,0.695280720491638,0.921880185154857,FDR correction BH,False,0.1578398130423747,One-way ancova,0.9218801851548576
1535637914481122918,CTR,CVD,15.119045010103655,0.37984568603727087,14.742053851316166,1.4501199374298044,-0.4323612035804329,0.6946731601475229,-0.45752525942784367,1.0582014659017145,-3.8251946048331456,2.9101440859774583,0.37699115878748835,1.298630644357285,0.18693621036152056,0.6946731601475222,0.921880185154857,FDR correction BH,False,0.1582194804908458,One-way ancova,0.9218801851548576
2921664253643758044,CTR,CVD,12.372914878998523,0.08080234535266878,12.061654493678171,0.9806890388916024,-0.4230267012051033,0.7007689480694175,-0.2959705789127393,0.6996498756924538,-2.522568740802783,1.9306275829773043,0.3112603853203524,1.240791222146068,0.17895158993247176,0.700768948069417,0.9257580948722637,FDR correction BH,False,0.15442515053415887,One-way ancova,0.9257580948722643
17213001834795606832,CTR,CVD,13.645305853771427,0.06535678477299556,13.480265204704608,0.4583845648575711,-0.4233681772800274,0.7005454133565052,-0.13819976552939794,0.3264292711305715,-1.17704339337552,0.9006438623167242,0.16504064906681926,1.121197668209096,0.17924061353341272,0.700545413356505,0.9257580948722637,FDR correction BH,False,0.1545637060158229,One-way ancova,0.9257580948722643
12965064019618390832,CTR,CVD,15.377284846313211,1.045539614312325,15.285068694534642,0.5539162032264264,-0.42133591966546236,0.7018763540901427,-0.31795093302841343,0.7546257467933524,-2.7195068527832955,2.0836049867264688,0.0922161517785689,1.0660064385142016,0.17752395720034092,0.7018763540901418,0.9258574847336136,FDR correction BH,False,0.15373938853400793,One-way ancova,0.9258574847336147
14489088198713858393,CTR,CVD,10.57118754084311,0.599722697558959,10.791605064312671,0.30759844879789827,-0.4135177748439758,0.7070098573399072,-0.057320203237214054,0.13861605648957054,-0.49845836006552247,0.3838179535910944,-0.22041752346956045,0.8583169990736601,0.17099695011191304,0.707009857339907,0.9298941965306401,FDR correction BH,False,0.15057453109916227,One-way ancova,0.9298941965306403
4339717375414276548,CTR,CVD,13.718577660603378,0.24017913714094355,13.725067513520813,0.3049808354411004,0.4138401119301973,0.7067977898436587,0.09636172789938666,0.23284772336336515,-0.6446636490122069,0.8373871048109802,-0.006489852917434646,0.995511679499414,0.17126363824239824,0.7067977898436579,0.9298941965306401,FDR correction BH,False,0.1507048172017816,One-way ancova,0.9298941965306403
11258876350333819904,CTR,CVD,16.164145732028526,0.10050812227062204,16.088623938514896,0.4230658751456204,-0.4091707049098418,0.7098732962404861,-0.12253205172441002,0.2994643806462371,-1.0755613634762673,0.8304972600274473,0.07552179351363009,1.0537420841658167,0.16742066575641687,0.709873296240485,0.932293333422716,FDR correction BH,False,0.14881916065290182,One-way ancova,0.9322933334227175
7117556564471900386,CTR,CVD,10.530929169991678,0.4711700355727058,10.781202816580809,0.3510401333643998,0.4073494726640702,0.7110748686193471,0.15874628821045142,0.3897053976092049,-1.0814702145602975,1.3989627909812001,-0.25027364658913065,0.8407369313659042,0.16593359287969608,0.7110748686193464,0.9325060777069498,FDR correction BH,False,0.14808467027382471,One-way ancova,0.9325060777069507
11914046214001759540,CTR,CVD,10.32712121065468,1.238574546954885,11.033412464190862,0.6270039094556578,0.4025282317990797,0.7142611508868495,0.2755989851828421,0.6846699520952015,-1.9033263742016855,2.4545243445673695,-0.7062912535361825,0.6128936855982206,0.16202897739529365,0.7142611508868489,0.9336221281566742,FDR correction BH,False,0.14614297078305663,One-way ancova,0.9336221281566756
6138456707673005857,CTR,CVD,14.000522531781074,0.17370634276325086,13.967080188490371,0.08617739505684882,-0.4007358669472282,0.7154476971188881,-0.05364280904007607,0.1338607633220416,-0.47964750069683854,0.3723618826166864,0.03344234329070339,1.023451220992814,0.1605892350579466,0.7154476971188876,0.9336221281566742,FDR correction BH,False,0.14542210988871943,One-way ancova,0.9336221281566756
18139244974131733026,CTR,CVD,10.687881913868665,0.7728970641571643,10.184831316836224,1.1689598770503558,-0.401954831633722,0.71464062442788,-0.39418779750652166,0.9806768484517735,-3.5151392105396835,2.72676361552664,0.5030505970324413,1.4172070987766234,0.16156768667369376,0.7146406244278799,0.9336221281566742,FDR correction BH,False,0.14591229954781945,One-way ancova,0.9336221281566756
8168403491478555881,CTR,CVD,12.410728051404368,0.5160169541781569,12.274203348350637,0.43181855512034545,-0.3997674886811659,0.7160892131235148,-0.18829721211331654,0.4710168221395631,-1.6872829574581039,1.3106885332314706,0.13652470305373043,1.0992539396307839,0.15981404500644614,0.7160892131235138,0.9336221281566742,FDR correction BH,False,0.14503286825964415,One-way ancova,0.9336221281566756
16169831674499859596,CTR,CVD,11.618080962616423,0.3496129808160225,11.311335332138304,1.3401282218042814,-0.395049798225908,0.7192190023340351,-0.3858363846885331,0.9766778426954005,-3.4940611766275147,2.722388407250449,0.30674563047811887,1.2369143722630425,0.15606434307833067,0.7192190023340349,0.9349847030342453,FDR correction BH,False,0.1431388467200535,One-way ancova,0.9349847030342456
7899074159946092313,CTR,CVD,12.566426624499641,0.47625008576205685,12.182977764352914,0.8405725561669205,-0.39614640509360216,0.7184908337383551,-0.26003209370400066,0.6564040222517223,-2.3490026490927236,1.8289384616847222,0.38344886014672674,1.304456522659188,0.15693197426858432,0.7184908337383551,0.9349847030342453,FDR correction BH,False,0.14357876807567782,One-way ancova,0.9349847030342456
1905836401068352200,CTR,CVD,11.228345992956784,0.5623065288881915,11.466605469369126,0.2693293325308558,0.38170966407509416,0.7281089030324642,0.16242329048662094,0.4255152692562356,-1.1917562059999243,1.5166027869731662,-0.2382594764123418,0.8477674754099443,0.14570226764832123,0.7281089030324641,0.940339323917383,FDR correction BH,False,0.13780365853193247,One-way ancova,0.940339323917383
16664037858474784555,CTR,CVD,14.501614226598265,0.16374002190801984,14.517554602551215,0.07938909518832855,-0.33644837260757643,0.7586925609231798,-0.03369666975733155,0.10015405780141598,-0.3524315809666743,0.28503824145201123,-0.01594037595294928,0.9890117896530267,0.11319750743028656,0.7586925609231797,0.940339323917383,FDR correction BH,False,0.11993417422755315,One-way ancova,0.940339323917383
5009880893163685891,CTR,CVD,13.6285691938007,0.09130499781311717,13.54390801729356,0.21870197030226196,-0.35871321046693505,0.7435685360495561,-0.05845591288904229,0.16296002261235526,-0.5770674347607722,0.4601556089826876,0.08466117650714011,1.0604386632770242,0.12867516736349566,0.7435685360495559,0.940339323917383,FDR correction BH,False,0.12867899559346932,One-way ancova,0.940339323917383
3150330025373301030,CTR,CVD,18.26314403708377,0.797898474619013,18.387300172090775,0.27106912825570667,0.33630919770580714,0.7587875672743364,0.19747409995589396,0.5871801940089613,-1.6711953390040215,2.0661435389158096,-0.12415613500700573,0.9175405765310729,0.11310387646152371,0.7587875672743367,0.940339323917383,FDR correction BH,False,0.1198797936352274,One-way ancova,0.940339323917383
14428558900265256457,CTR,CVD,10.526150208236096,0.465871973370924,10.432110450683512,0.46683732310853776,-0.32718832933600395,0.7650262068917321,-0.1504665341845747,0.45987744883789566,-1.6140018221222885,1.313068753753139,0.09403975755258465,1.0673547516213149,0.10705220285368537,0.7650262068917321,0.940339323917383,FDR correction BH,False,0.11632368731236772,One-way ancova,0.940339323917383
13053240309867037720,CTR,CVD,13.481668169506582,0.06569175465854113,13.39181859098778,0.24900135073883287,-0.379352157973205,0.7296859972142986,-0.06816216017173872,0.1796804334418819,-0.6399854917107306,0.5036611713672532,0.08984957851880182,1.0642592125057455,0.14390805975892745,0.7296859972142987,0.940339323917383,FDR correction BH,False,0.13686398784478612,One-way ancova,0.940339323917383
16567208137737788865,CTR,CVD,14.870627339135558,0.02025596556335481,14.871531093832592,0.03390522281757228,0.3325852279340193,0.7613318139001821,0.008390603250696,0.02522843032691936,-0.07189752163132997,0.08867872813272197,-0.0009037546970347421,0.9993737611492852,0.11061293383992359,0.7613318139001819,0.940339323917383,FDR correction BH,False,0.1184260218911563,One-way ancova,0.940339323917383
6186534630929559240,CTR,CVD,13.076498273469761,0.24410221418365532,13.061151921712336,0.2450641085014232,0.3551047632092385,0.7460094344797639,0.071136150875596,0.20032440633211224,-0.566385515914298,0.70865781766549,0.015346351757425936,1.0106940574593195,0.12609939285388932,0.7460094344797636,0.940339323917383,FDR correction BH,False,0.12725568014584024,One-way ancova,0.940339323917383
1306642372870697363,CTR,CVD,10.759971805584472,1.2905990874635265,10.876684176811208,0.39497773605047576,-0.3554505510713328,0.7457753556951822,-0.2598987559365402,0.7311811872374423,-2.5868436237536994,2.067046111880619,-0.11671237122673617,0.9222869750837851,0.12634509425691412,0.7457753556951823,0.940339323917383,FDR correction BH,False,0.12739197209086922,One-way ancova,0.940339323917383
16409994110428091879,CTR,CVD,14.144457050925723,0.2799627812097811,14.196871446306202,0.06450647192668274,0.3346888087906931,0.7598941295729845,0.06787600627385905,0.20280333399587072,-0.5775347147006301,0.7132867272483482,-0.052414395380479206,0.9643211560937286,0.11201659872973314,0.7598941295729846,0.940339323917383,FDR correction BH,False,0.1192469105416478,One-way ancova,0.940339323917383
14031827320713873942,CTR,CVD,12.312373127048552,0.29825981400330165,12.375770433091782,0.12660645225773773,0.35867214750365195,0.7435962900394849,0.08195095532679522,0.2284843021605429,-0.6451880678994777,0.8090899785530681,-0.06339730604323002,0.9570078700082022,0.12864570939488143,0.7435962900394848,0.940339323917383,FDR correction BH,False,0.12866278568254774,One-way ancova,0.940339323917383
1703954458503022984,CTR,CVD,13.084995261663112,0.08576078076896994,13.000239009304174,0.23368397677063998,-0.33432890997097536,0.7601400090170927,-0.057222944408493646,0.17115763160733374,-0.6019229167384579,0.48747702792147063,0.0847562523589378,1.0605085501405487,0.11177582004238054,0.7601400090170926,0.940339323917383,FDR correction BH,False,0.11910640832000687,One-way ancova,0.940339323917383
3120086233189233554,CTR,CVD,12.7773814128582,0.4816605130042168,12.701594380011946,0.8126751906155204,-0.3704751676577613,0.7356404541409027,-0.23032426586285207,0.6216996062624681,-2.2088498808095247,1.7482013490838204,0.07578703284625377,1.0539358323477064,0.13725184985104635,0.7356404541409025,0.940339323917383,FDR correction BH,False,0.1333343961725678,One-way ancova,0.940339323917383
13361678951400912930,CTR,CVD,16.275491083495222,0.09458758078704028,16.28707195794233,0.4406193772631098,-0.33683129573301873,0.7584311917942372,-0.09149220187284594,0.271626191009772,-0.9559279698703322,0.7729435661246404,-0.011580874447108869,0.9920048818680377,0.11345532178518435,0.7584311917942372,0.940339323917383,FDR correction BH,False,0.12008381419114783,One-way ancova,0.940339323917383
5791810160814840642,CTR,CVD,13.631162520322462,0.20540394316852942,13.652831124237146,0.2071286006336579,-0.32631388662485694,0.7656255923209254,-0.05403238042968076,0.16558406688894145,-0.5809947823143347,0.47293002145497315,-0.021668603914683615,0.9850926988701124,0.10648075260421998,0.7656255923209251,0.940339323917383,FDR correction BH,False,0.11598355796633199,One-way ancova,0.940339323917383
4015216898947398039,CTR,CVD,14.268719573569477,0.25217262135116103,14.305643434173676,0.08035026653686664,0.32530283359993645,0.7663188916205206,0.0599873126985803,0.18440451942805336,-0.5268701688329482,0.6468447942301088,-0.03692386060419928,0.9747310717535557,0.10582193354814799,0.7663188916205206,0.940339323917383,FDR correction BH,False,0.11559046789833823,One-way ancova,0.940339323917383
12974289084956563190,CTR,CVD,13.67468415070661,0.11426157945190642,13.58013045201785,0.2571703778448654,-0.32692788171976656,0.765204707254919,-0.06323083952248902,0.1934091371768919,-0.6787450335393058,0.5522833544943279,0.0945536986887614,1.0677350504495533,0.1068818398457737,0.7652047072549187,0.940339323917383,FDR correction BH,False,0.11622236701830656,One-way ancova,0.940339323917383
12363491925015915332,CTR,CVD,12.71972953714401,0.48094670590598,12.447670764233129,0.35133124278366384,-0.34854621384719753,0.7504561344340326,-0.11810385146729464,0.338847035988953,-1.196466349206862,0.9602586462722725,0.27205877291088143,1.2075297831678582,0.12148446318721635,0.7504561344340327,0.940339323917383,FDR correction BH,False,0.12467468800432865,One-way ancova,0.940339323917383
4576237476249830881,CTR,CVD,13.648758611523997,0.7512921772446922,13.785098887808056,0.09931515660128311,0.3555455203801517,0.7457110732972715,0.18917219457849038,0.5320618141278399,-1.504085959975496,1.8824303491324768,-0.13634027628405931,0.9098242062271503,0.12641261706239287,0.7457110732972714,0.940339323917383,FDR correction BH,False,0.12742940788669105,One-way ancova,0.940339323917383
10446948014733318377,CTR,CVD,10.346420404478549,1.1976545057677757,10.902626018558529,0.6228424795672305,0.3594311484453794,0.7430833744274796,0.3137195209069645,0.8728222978555754,-2.4639905760732317,3.0914296178871608,-0.55620561407998,0.6800884925261019,0.12919075047276435,0.7430833744274798,0.940339323917383,FDR correction BH,False,0.12896245538831996,One-way ancova,0.940339323917383
16262286786427698338,CTR,CVD,13.537048009397017,0.3075164482162635,13.614866521421575,0.12254549444538451,0.34900815172161936,0.7501425110781175,0.08216185786529495,0.23541529749376747,-0.6670346858511409,0.8313584015817308,-0.07781851202455847,0.9474892552407176,0.12180668996814087,0.7501425110781177,0.940339323917383,FDR correction BH,False,0.12485622208109252,One-way ancova,0.940339323917383
6975915069382095890,CTR,CVD,11.75887188117467,0.3731462200477604,11.520653505127882,0.6398018379206672,-0.3729344060375333,0.7339883358862304,-0.1946841115457695,0.5220331200178293,-1.8560264855825266,1.4666582624909874,0.2382183760467882,1.1795351211365466,0.13908007120656773,0.7339883358862305,0.940339323917383,FDR correction BH,False,0.1343108415832435,One-way ancova,0.940339323917383
2189893014087866907,CTR,CVD,11.628585237781797,0.6378236216240001,11.703357953466542,1.078276420898548,-0.38184435461109345,0.7280188538750286,-0.26453496815722816,0.6927821898182983,-2.4692770885112125,1.9402071521967563,-0.07477271568474464,0.949491693497099,0.1458051111483625,0.7280188538750285,0.940339323917383,FDR correction BH,False,0.1378573733959458,One-way ancova,0.940339323917383
7109418337718918364,CTR,CVD,11.719497216682543,0.3648970997039163,11.559646288147254,0.22776788838020212,-0.32991220298140134,0.7631605486337396,-0.09446120562626573,0.2863222541410235,-1.0056664054380278,0.8167439941854964,0.15985092853528826,1.1171716964710616,0.10884206167604134,0.7631605486337398,0.940339323917383,FDR correction BH,False,0.11738408845270182,One-way ancova,0.940339323917383
10052923643722462230,CTR,CVD,13.193509602952842,0.4755568179299014,13.220640769004566,0.4134521190799695,0.37495411104237103,0.7326329392227373,0.14990306875913478,0.3997904392684343,-1.1224085375786663,1.4222146750969358,-0.027131166051724165,0.9813698362240916,0.14059058538757468,0.7326329392227371,0.940339323917383,FDR correction BH,False,0.13511355932546779,One-way ancova,0.940339323917383
8355688723772467124,CTR,CVD,9.93692598941936,0.5653874931634011,9.848305611687056,0.293643746115109,-0.37037991216545263,0.7357044855454425,-0.16179849066621113,0.4368446704364843,-1.552033198079922,1.2284362167474998,0.08862037773230291,1.0633528316817498,0.13718127933568836,0.7357044855454424,0.940339323917383,FDR correction BH,False,0.1332965960824222,One-way ancova,0.940339323917383
14527503821712545393,CTR,CVD,12.633988883668598,0.07542033088968843,12.494480975893223,0.5209253414643877,-0.3747615634638047,0.7327620990268049,-0.14034459944432096,0.3744903776875073,-1.3321401182804367,1.051450919391795,0.13950790777537492,1.101529328577028,0.1404462294498353,0.7327620990268049,0.940339323917383,FDR correction BH,False,0.1350370019619291,One-way ancova,0.940339323917383
5916064907449628362,CTR,CVD,10.906291330594081,0.4487484759263012,10.879569238775348,0.22295923100876203,-0.35436032617280505,0.7465135009545261,-0.1152121788093628,0.32512719483495217,-1.149912018759293,0.9194876611405676,0.026722091818733418,1.0186949452118694,0.12557124076529677,0.7465135009545257,0.940339323917383,FDR correction BH,False,0.1269623335022109,One-way ancova,0.940339323917383
11011338641820377482,CTR,CVD,11.06301502063018,0.20009110568312377,11.163218956091711,0.26447307179010393,0.3465890403017819,0.7517856348842495,0.08103824688431195,0.23381653041812966,-0.6630703064592502,0.8251468002278741,-0.10020393546153095,0.9329011098429176,0.1201239628573102,0.7517856348842493,0.940339323917383,FDR correction BH,False,0.12390597703948009,One-way ancova,0.940339323917383
2754780185721001747,CTR,CVD,15.734840230034834,0.2767629432048906,15.72338280761205,0.22414271900732274,-0.3832257925702822,0.7270956152597416,-0.08514972046397612,0.22219203956205524,-0.7922639558318136,0.6219645149038613,0.011457422422784802,1.007973298836511,0.14686200809112096,0.7270956152597414,0.940339323917383,FDR correction BH,False,0.13840847435522785,One-way ancova,0.940339323917383
9117155956074456218,CTR,CVD,11.06292199845548,0.8680298138480094,10.98584949059939,1.815575883647227,-0.36230984681782846,0.7411396432103963,-0.46409593163490576,1.2809365677225326,-4.540607778886985,3.6124159156171736,0.07707250785608899,1.054875332310086,0.13126842510115833,0.7411396432103965,0.940339323917383,FDR correction BH,False,0.13009995590466533,One-way ancova,0.940339323917383
16866744978871103960,CTR,CVD,10.548280362741616,0.17412171260594794,10.648004686007996,0.17725651945193696,0.33957220452338316,0.7565616157845344,0.054364383613950934,0.16009668309058367,-0.45513471397594263,0.5638634812038444,-0.09972432326637914,0.9332112967618862,0.11530928208487036,0.7565616157845343,0.940339323917383,FDR correction BH,False,0.12115569645041194,One-way ancova,0.940339323917383
15021877651883520255,CTR,CVD,12.169360367194486,0.2005331877510484,12.122837552335879,0.2699817560144209,-0.3318558251904733,0.7618306238881963,-0.07755921018849249,0.23371357168124532,-0.8213401028802605,0.6662216825032754,0.046522814858606765,1.0327727317553794,0.11012828871284995,0.761830623888196,0.940339323917383,FDR correction BH,False,0.11814157365676899,One-way ancova,0.940339323917383
9355818190819516201,CTR,CVD,12.153397030185792,0.12201530601349299,12.193564881963729,0.17374164639613113,-0.36505810278283307,0.7392864027738175,-0.033021120512952654,0.09045442427173397,-0.32088746883314756,0.2548452278072423,-0.04016785177793736,0.9725417894956414,0.1332674184074015,0.7392864027738173,0.940339323917383,FDR correction BH,False,0.13118728143213934,One-way ancova,0.940339323917383
425794717510809722,CTR,CVD,13.269350253222512,0.5024838692427426,13.307943662443014,0.595569222354928,0.3325932063678208,0.7613263586212805,0.16971727172310733,0.510284841884034,-1.454236837973301,1.7936713814195155,-0.038593409220501584,0.9736037235592402,0.11061824092202785,0.7613263586212806,0.940339323917383,FDR correction BH,False,0.11842913381419586,One-way ancova,0.940339323917383
533000249838255735,CTR,CVD,10.132624575333812,0.7008003397798338,10.09253174672258,1.4855316471655664,-0.34021988325562746,0.756120159255899,-0.355763325729459,1.04568646113535,-3.6836043404554295,2.9720776889965115,0.040092828611232534,1.028179981627503,0.11574956896247279,0.7561201592558988,0.940339323917383,FDR correction BH,False,0.12140918286506024,One-way ancova,0.940339323917383
4700135335508573206,CTR,CVD,11.533505838125242,0.5783158617961479,11.822172573686638,0.34679516561388934,0.3320056040389669,0.7617281833154845,0.13520266316159235,0.40723006333870154,-1.1607851473113346,1.4311904736345193,-0.2886667355613959,0.8186582708797672,0.11022772111327928,0.7617281833154845,0.940339323917383,FDR correction BH,False,0.1181999755711663,One-way ancova,0.940339323917383
4629600375759298279,CTR,CVD,11.812205141533314,0.6985484069122094,11.678347102535126,0.990619836526103,0.3612979404601667,0.7418226001833514,0.22575888526407595,0.6248551679440475,-1.7628091352972355,2.2143269058253874,0.13385803899818782,1.097223965573565,0.13053620178075817,0.7418226001833514,0.940339323917383,FDR correction BH,False,0.12969993969788415,One-way ancova,0.940339323917383
6583826294684099035,CTR,CVD,11.529902149689638,1.1003410690055486,11.927716656692226,0.6038350996531913,-0.3386081332602517,0.7572189556914347,-0.10729617153826103,0.31687417105186305,-1.115731206442276,0.901138863365754,-0.3978145070025878,0.7590072087671437,0.11465546790999234,0.7572189556914345,0.940339323917383,FDR correction BH,False,0.12077852274687212,One-way ancova,0.940339323917383
4667098825792269182,CTR,CVD,16.34009421565795,0.42964663175271206,16.538057759994558,0.47957678204816423,0.364543324153654,0.7396333549840335,0.16587939907944838,0.45503342974271743,-1.282240058186089,1.6139988563449856,-0.19796354433660923,0.8717802683966441,0.13289183518499606,0.7396333549840334,0.940339323917383,FDR correction BH,False,0.1309835118464606,One-way ancova,0.940339323917383
176653680746871210,CTR,CVD,14.075337173562607,0.3957135523695283,13.841811623521755,0.6292056733679836,-0.3679647869891152,0.737328910347375,-0.19302994278556734,0.5245880845421151,-1.8625033542327702,1.4764434686616357,0.23352555004085218,1.1757045402188253,0.1353980844639449,0.7373289103473748,0.940339323917383,FDR correction BH,False,0.13233873726442932,One-way ancova,0.940339323917383
582824155982745047,CTR,CVD,12.139948982929136,0.7030357060433818,12.39635158420758,0.05982003858658206,0.3221735009608558,0.7684665959782968,0.15184634863306712,0.4713185540716352,-1.3480996423841294,1.6517923396502638,-0.2564026012784435,0.8371728318323001,0.10379576472137454,0.7684665959782968,0.9416865253996342,FDR correction BH,False,0.11437500584490826,One-way ancova,0.9416865253996342
8946194022577535001,CTR,CVD,18.292447544076566,0.42406964213985726,18.156901281170658,0.8317727621152634,0.30579222188018723,0.7797543579643598,0.14529629273687406,0.47514711735801685,-1.3668338953656147,1.6574264808393626,0.13554626290590832,1.0985086750273183,0.09350888296242166,0.7797543579643594,0.9420367372253291,FDR correction BH,False,0.10804218933826347,One-way ancova,0.9420367372253293
4992975565530848944,CTR,CVD,10.819205978841206,0.5843117031241223,10.552345484452308,0.6677074568323953,-0.3161402786887838,0.7726151423202638,-0.1961190639140206,0.6203545613594051,-2.1703641456784992,1.7781260178504579,0.26686049438889725,1.2031866747240991,0.09994467580942189,0.7726151423202636,0.9420367372253291,FDR correction BH,False,0.11203678446237327,One-way ancova,0.9420367372253293
17143530634336504732,CTR,CVD,11.56466607741227,0.383140100761755,11.542796118371028,0.3637724884922479,-0.31252742197826344,0.7751043078589495,-0.1085983952821858,0.347484373034437,-1.2144487543896485,0.9972519638252768,0.02186995904124167,1.0152745824079101,0.09767338948837954,0.7751043078589492,0.9420367372253291,FDR correction BH,False,0.11063984939132705,One-way ancova,0.9420367372253293
16756581819033633806,CTR,CVD,11.281528401125138,0.09763042669902887,11.373156719784573,0.35540350490933753,0.28754267410804596,0.7924157016362565,0.07498636096109954,0.2607834165614073,-0.754942859554158,0.9049155814763571,-0.09162831865943488,0.9384629414476566,0.08268078943320593,0.7924157016362565,0.9420367372253291,FDR correction BH,False,0.10104692754739464,One-way ancova,0.9420367372253293
8464017783210315739,CTR,CVD,10.884431379061228,1.148148265255287,10.949686295909109,0.40936151156157297,-0.29447611478543134,0.787594916158125,-0.21569015844439718,0.73245383110803,-2.5466851470454506,2.1153048301566564,-0.06525491684788065,0.9557764218587579,0.08671618217912255,0.7875949161581253,0.9420367372253291,FDR correction BH,False,0.1036970958498145,One-way ancova,0.9420367372253293
6412583815179618829,CTR,CVD,12.563764584884034,0.4045233561397278,12.503236709599667,0.33659231177156235,-0.2918731441825406,0.7894032681866896,-0.10696063056375045,0.36646273456682305,-1.273208606210304,1.059287345082803,0.06052787528436632,1.042847263917814,0.08518993229500213,0.7894032681866894,0.9420367372253291,FDR correction BH,False,0.10270107992617994,One-way ancova,0.9420367372253293
2974438264302372116,CTR,CVD,17.257391673942035,0.7101963212194449,17.42015958193073,0.47271812339676406,0.2870850056737351,0.7927343582307105,0.1741737418353248,0.6066974533433797,-1.756608326982685,2.1049558106533346,-0.16276790798869456,0.8933095510059295,0.08241780048268851,0.7927343582307106,0.9420367372253291,FDR correction BH,False,0.10087231846026602,One-way ancova,0.9420367372253293
8968739954450202322,CTR,CVD,11.995894393220008,0.055678215340636744,11.946828911308899,0.2522905839443587,-0.2859424591656663,0.7935301055715662,-0.0525361293745717,0.1837297249518788,-0.6372461137185723,0.5321738549694288,0.04906548191110893,1.0345945392530667,0.0817630899537087,0.7935301055715662,0.9420367372253291,FDR correction BH,False,0.10043659198968273,One-way ancova,0.9420367372253293
12668081092866742698,CTR,CVD,15.64070416243458,0.2672384749815854,15.65661289482908,0.032812855145853026,0.2880067282484303,0.7920926544782629,0.052369988153866696,0.1818359885977842,-0.5263132819268629,0.6310532582345963,-0.015908732394498415,0.9890334825227642,0.08294787551636518,0.7920926544782633,0.9420367372253291,FDR correction BH,False,0.1012240141490697,One-way ancova,0.9420367372253293
10864391258258875847,CTR,CVD,12.169706646501332,0.3411114157947623,11.592805199835427,1.5713536710950353,-0.3003048518195108,0.7835520705423238,-0.31876994248410984,1.0614878199693456,-3.6968979332498004,3.0593580482815805,0.5769014466659055,1.4916421262052881,0.0901830040263383,0.7835520705423237,0.9420367372253291,FDR correction BH,False,0.10593213742412723,One-way ancova,0.9420367372253293
12903634369434023379,CTR,CVD,14.31808006160672,0.19769556083053472,14.430994456705909,0.2655267333406351,0.296426162508594,0.7862413423963499,0.06590902630039015,0.22234551006771988,-0.6416936207111699,0.7735116733119503,-0.11291439509918888,0.9247181462975032,0.08786846981957137,0.7862413423963495,0.9420367372253291,FDR correction BH,False,0.10444412370272271,One-way ancova,0.9420367372253293
12612166942799196005,CTR,CVD,13.109428189665799,1.0045318886823607,13.47966664521473,0.301888649713881,0.30512487764909796,0.7802157779873096,0.21355908917300617,0.6999071685613424,-2.0138578934570073,2.44097607180302,-0.37023845554893065,0.7736546128615276,0.09310119096037699,0.7802157779873093,0.9420367372253291,FDR correction BH,False,0.10778527137421712,One-way ancova,0.9420367372253293
7267779753567380458,CTR,CVD,11.413714995003092,0.3849906916729549,11.274875936283232,0.3072685547591,-0.29894916857690995,0.7844915690726247,-0.1032860367738293,0.345496986211745,-1.2028116440302452,0.9962395704825866,0.13883905871986002,1.1010187660032869,0.08937060539282575,0.7844915690726246,0.9420367372253291,FDR correction BH,False,0.10541171941281434,One-way ancova,0.9420367372253293
2564383657643044536,CTR,CVD,13.40937928094828,0.3050428486815888,13.45556171046042,0.13066254879571207,-0.2956380533007517,0.7867882657614174,-0.05110791975950897,0.17287327929844348,-0.6012678487452149,0.4990520092261969,-0.046182429512141354,0.9684957147140066,0.08740185855945812,0.7867882657614176,0.9420367372253291,FDR correction BH,False,0.10414212581557274,One-way ancova,0.9420367372253293
8662512034817080422,CTR,CVD,10.516287920629381,0.1456930167925859,10.227062155767543,0.717631326134361,-0.3136741623094136,0.7743138381460613,-0.14542544574058955,0.4636194599832529,-1.6208694832221777,1.3300185917409988,0.28922576486183793,1.2219843129321548,0.09839148010051235,0.7743138381460609,0.9420367372253291,FDR correction BH,False,0.11108297917535345,One-way ancova,0.9420367372253293
1768862962684616457,CTR,CVD,10.392330586333522,0.32010009048851307,10.423416887069997,0.11820058527128295,-0.3149980309304025,0.7734017270303084,-0.05999500045329816,0.1904615094770348,-0.6661285275873512,0.5461385266807548,-0.03108630073647589,0.9786831046919602,0.09922375949003082,0.7734017270303085,0.9420367372253291,FDR correction BH,False,0.11159486246867407,One-way ancova,0.9420367372253293
8201296680790084996,CTR,CVD,12.199267634943483,0.25676764952557585,11.873225772873488,0.9753543912800263,-0.31108117716054223,0.7761017532501889,-0.21592926473810006,0.6941251370752775,-2.424945242628249,1.993086713152049,0.32604186206999586,1.2535693942043018,0.09677149878358868,0.7761017532501889,0.9420367372253291,FDR correction BH,False,0.11008133547112259,One-way ancova,0.9420367372253293
628214394770694545,CTR,CVD,12.9698815123854,0.3876919861429692,12.62645655034431,0.6610394177633678,-0.29169244560650764,0.7895288705368371,-0.11451388576671426,0.3925843383725926,-1.3638924629330385,1.1348646913996099,0.34342496204109096,1.2687650733022866,0.08508448282390542,0.7895288705368371,0.9420367372253291,FDR correction BH,False,0.10263198460997175,One-way ancova,0.9420367372253293
11543478721783899087,CTR,CVD,13.849162775399018,0.20045676513362432,13.843762943550326,0.04764566291606702,-0.30609506419927957,0.7795450046603309,-0.04108037350137858,0.13420789259977642,-0.46818978544552425,0.38602903844276704,0.005399831848691861,1.0037498915373748,0.0936941883271611,0.7795450046603306,0.9420367372253291,FDR correction BH,False,0.1081588070800949,One-way ancova,0.9420367372253293
1575952538843736687,CTR,CVD,13.971630151882636,0.028782761879899938,14.053088477247663,0.22664378788841327,0.29951792904252583,0.7840973537058911,0.04526970562282729,0.15114188912677698,-0.4357312410023678,0.5262706522480224,-0.08145832536502695,0.9451018225526556,0.08971098981792354,0.7840973537058913,0.9420367372253291,FDR correction BH,False,0.10563001186607882,One-way ancova,0.9420367372253293
4797603348810643960,CTR,CVD,13.330919064827151,0.4829307147571098,13.198654624500008,0.8723427033767458,-0.31223704044454065,0.7753045314219091,-0.21713241833050037,0.6954089047902927,-2.430233918042143,1.9959690813811424,0.1322644403271429,1.0960126428442207,0.09749196942556573,0.7753045314219089,0.9420367372253291,FDR correction BH,False,0.11052767770238836,One-way ancova,0.9420367372253293
13063922669295501848,CTR,CVD,12.873226466138911,0.7794093953483753,12.986281243423003,0.16314319643280384,0.28532916624487176,0.7939573838822174,0.1601227077602996,0.5611859098304763,-1.6258213175572873,1.9460667330778865,-0.1130547772840913,0.9246281704990738,0.08141273310999368,0.7939573838822171,0.9420367372253291,FDR correction BH,False,0.10020280795262228,One-way ancova,0.9420367372253293
1386937341950762943,CTR,CVD,14.523416852373535,0.16377209275199994,14.528248914635464,0.23207991606470493,0.3109777211170012,0.7761731270091341,0.05687025515257227,0.18287565729242575,-0.5251217047241391,0.6388622150292836,-0.004832062261929337,0.9966562724167949,0.09670714303112339,0.7761731270091343,0.9420367372253291,FDR correction BH,False,0.11004139766103672,One-way ancova,0.9420367372253293
6609192536203199375,CTR,CVD,10.769210028244059,0.8134583761035573,10.951283746896243,1.5466002622467283,0.29772752705523237,0.7853385981475582,0.35969592899061575,1.208137966107136,-3.4851382775206834,4.204530135501915,-0.1820737186521839,0.8814351172941886,0.08864168036642411,0.7853385981475584,0.9420367372253291,FDR correction BH,False,0.10494305713757553,One-way ancova,0.9420367372253293
9377900645339050450,CTR,CVD,10.276857506010941,0.28866979907138807,9.853960131425168,1.1039812294970974,-0.28199349952270586,0.7962830224819564,-0.20523557269693374,0.72780249560472,-2.521427935810841,2.110956790416973,0.4228973745857729,1.3406172240303365,0.0795203337730623,0.7962830224819564,0.9435480464548414,FDR correction BH,False,0.09893254375007882,One-way ancova,0.9435480464548414
3023675532236433212,CTR,CVD,11.213459597383414,0.6231143440229108,10.976524398031154,1.3097309578477583,-0.2680724860117364,0.8060191684923257,-0.27608855186892506,1.0299026057334273,-3.5536982942879054,3.0015211905500556,0.23693519935225993,1.1784864732692184,0.0718628577565126,0.8060191684923255,0.9462429735959837,FDR correction BH,False,0.09365462981841538,One-way ancova,0.9462429735959839
17846818431474043595,CTR,CVD,12.385064500742734,0.47199120797680877,12.61572020734098,0.35365743856951204,0.2711000353275449,0.8038976379301439,0.09660907843080109,0.35635951988747383,-1.0374859589879637,1.230704115849566,-0.2306557065982453,0.8522474562552866,0.0734952291545961,0.8038976379301438,0.9462429735959837,FDR correction BH,False,0.09479924741108782,One-way ancova,0.9462429735959839
8466423351686569084,CTR,CVD,11.49817084265384,0.9282108825708346,10.95433746687277,1.109626157075801,-0.26309620569121167,0.8095111201060751,-0.23519739754731006,0.8939596712517944,-3.0801760503957176,2.6097812553010975,0.5438333757810696,1.457840995590449,0.06921961344911236,0.8095111201060752,0.9462429735959837,FDR correction BH,False,0.0917771810458315,One-way ancova,0.9462429735959839
14062338259820029274,CTR,CVD,14.473385454361747,0.6097042040074665,14.576639800433915,0.10547533675211723,-0.26474945405956374,0.8083503376412486,-0.08322009284106957,0.3143352764850143,-1.0835752321113106,0.9171350464291714,-0.10325434607216799,0.9309306829689159,0.07009227342483706,0.8083503376412482,0.9462429735959837,FDR correction BH,False,0.09240037594704323,One-way ancova,0.9462429735959839
12147665384034833902,CTR,CVD,9.566333326640898,0.8983437191540995,9.867654490941163,0.2976615430683591,0.2657756806379969,0.8076301337856429,0.16929451147759395,0.6369827031246839,-1.857868738611539,2.1964577615667267,-0.30132116430026556,0.8115089075189863,0.07063671241859049,0.8076301337856433,0.9462429735959837,FDR correction BH,False,0.09278748530458115,One-way ancova,0.9462429735959839
3954124193144252523,CTR,CVD,10.614065425998902,0.9715061587389091,10.756530708408746,0.22000952387768116,0.2699417908176239,0.8047090020257684,0.1901252091741431,0.7043192852735949,-2.0513330979852618,2.4315835163335477,-0.14246528240984446,0.9059697075892722,0.07286857042982581,0.8047090020257686,0.9462429735959837,FDR correction BH,False,0.09436114033049553,One-way ancova,0.9462429735959839
10017605242954273961,CTR,CVD,14.569924276125334,0.31152477583240507,14.578713556076188,0.07766093644290852,0.2626567334644452,0.8098197942197172,0.056335378444366896,0.2144829020802271,-0.6262449408274983,0.738915697716232,-0.008789279950853768,0.9939262555978927,0.06898855963421258,0.8098197942197168,0.9462429735959837,FDR correction BH,False,0.09161161208806155,One-way ancova,0.9462429735959839
13665356957846476787,CTR,CVD,10.956802187097056,0.6104571725348503,10.865651389836458,0.23301416050194804,-0.2669856953688362,0.806781276491189,-0.12330616992638326,0.4618456047094129,-1.5931050082456306,1.346492668392864,0.09115079726059783,1.0652195393231811,0.07128136153158102,0.806781276491189,0.9462429735959837,FDR correction BH,False,0.09324418930274576,One-way ancova,0.9462429735959839
12530458660952117649,CTR,CVD,11.571531456667005,0.08626588013969218,11.517919889027176,0.14168238442425765,-0.26335372030448967,0.8093302699987674,-0.029209417246270578,0.1109132508646494,-0.38218488266754064,0.3237660481749995,0.05361156763982855,1.0378597987245288,0.06935518199821539,0.8093302699987674,0.9462429735959837,FDR correction BH,False,0.09187421612840617,One-way ancova,0.9462429735959839
12018024353057911182,CTR,CVD,12.46485741542684,0.06532837769287521,12.403385629495155,0.24953629977632624,-0.2621707251675279,0.8101612081624477,-0.04774546862016274,0.18211594215812327,-0.6273196758746447,0.5318287386343192,0.06147178593168512,1.0435297898118074,0.06873348913486743,0.8101612081624476,0.9462429735959837,FDR correction BH,False,0.09142855538140889,One-way ancova,0.9462429735959839
10909405566648566474,CTR,CVD,11.650769574609948,0.6520482705928311,11.981010542378257,0.6653263787523055,0.2732033197659256,0.8024251104990744,0.16498576626296102,0.6038937096530053,-1.756873538806653,2.086845071332575,-0.3302409677683098,0.7954036194716043,0.0746400539311226,0.8024251104990744,0.9462429735959837,FDR correction BH,False,0.09559548928405896,One-way ancova,0.9462429735959839
8293826139192588373,CTR,CVD,10.443542210050508,0.07924228187793234,10.369525000959063,0.20056306986699887,-0.25429594491090174,0.815700968647842,-0.035499243514554975,0.13959815020641766,-0.4797628608634864,0.40876437383437647,0.07401720909144416,1.0526437110247555,0.06466642759812839,0.8157009686478421,0.9490061853140265,FDR correction BH,False,0.08846902196626773,One-way ancova,0.9490061853140264
7274202087423823062,CTR,CVD,12.562768010133626,1.9945934998352877,12.508290620101599,1.6138673819698417,0.25467198355901965,0.8154360997605008,0.4198374718673578,1.6485420421993981,-4.8265590594358905,5.666234003170606,0.05447739003202656,1.0384828492839373,0.06485781920988559,0.8154360997605005,0.9490061853140265,FDR correction BH,False,0.08861006602619269,One-way ancova,0.9490061853140264
2271258774300862550,CTR,CVD,11.870278051158765,0.1620210283845436,11.897955956814334,0.061752819727711114,0.2551141011503526,0.8151247294463876,0.03143205580413563,0.12320783391589558,-0.3606702600235834,0.4235343716318546,-0.027677905655568935,0.9809979959640508,0.06508320460575233,0.8151247294463876,0.9490061853140265,FDR correction BH,False,0.08877593093410577,One-way ancova,0.9490061853140264
5983728107276885625,CTR,CVD,14.566987108830778,0.21069884166942413,14.564851358742546,0.06448840874730379,-0.25249480567794613,0.8169700877794954,-0.03683943410867847,0.1459017503736956,-0.5011639205199528,0.4274850523025959,0.002135750088232413,1.0014814854689849,0.06375362689434379,0.8169700877794956,0.9492515139095954,FDR correction BH,False,0.08779384426332762,One-way ancova,0.9492515139095952
15079857420267455494,CTR,CVD,13.681359541760264,0.2474719883008041,13.474927800076308,0.6264263977670704,-0.24942149578764264,0.8191373419052586,-0.11317244711381517,0.4537397498817429,-1.5571748376855734,1.3308299434579431,0.2064317416839554,1.1538308494310823,0.06221108256094504,0.8191373419052581,0.9505384161565543,FDR correction BH,False,0.0866432754912053,One-way ancova,0.9505384161565549
12370325349184243763,CTR,CVD,9.764595756239155,1.6004524132531142,9.783035574318417,0.9875470882351912,-0.23118970630318736,0.8320379827899955,-0.2865423507706128,1.2394252121019382,-4.23094653770059,3.6578618361593644,-0.018439818079261983,0.9872998286571154,0.05344868030055402,0.8320379827899956,0.9523049736668491,FDR correction BH,False,0.07985684757997395,One-way ancova,0.9523049736668487
7666970746353412358,CTR,CVD,12.046761152657796,0.4204909692161719,12.184493494368516,0.17946833064436318,0.23526788954969083,0.8291459194955568,0.07215426660113483,0.30668981958923536,-0.9038696166189244,1.048178149821194,-0.1377323417107199,0.908946734593321,0.055350979853165526,0.8291459194955566,0.9523049736668491,FDR correction BH,False,0.08136903223012963,One-way ancova,0.9523049736668487
2438824595936569177,CTR,CVD,10.260390843181414,0.504909636787328,10.052905143922978,1.0906523904974037,-0.2354569889207486,0.8290119064054621,-0.20132440262380646,0.8550368521512409,-2.9224332736344096,2.519784468386797,0.20748569925843618,1.1546740859035014,0.055439993631625516,0.8290119064054616,0.9523049736668491,FDR correction BH,False,0.08143923199609708,One-way ancova,0.9523049736668487
1725364226408319676,CTR,CVD,14.722997174414678,0.11628750560563861,14.755170679882417,0.24662211316222168,-0.2384641930311976,0.8268817804087617,-0.037288769273924036,0.15637051751851758,-0.5349295450061183,0.4603520064582703,-0.032173505467739005,0.9779458538869981,0.05686517135802026,0.8268817804087617,0.9523049736668491,FDR correction BH,False,0.08255657725054079,One-way ancova,0.9523049736668487
16421084926908170456,CTR,CVD,10.961213895898121,1.0569567445805814,11.050264066493076,0.26634010881221176,-0.24274420249865625,0.823853524866585,-0.1596327590031269,0.6576171845093214,-2.252464138136256,1.9331986201300024,-0.08905017059495535,0.9401415079495641,0.058924747846708626,0.8238535248665847,0.9523049736668491,FDR correction BH,False,0.08414999582331702,One-way ancova,0.9523049736668487
9355602470472058208,CTR,CVD,11.066987330046421,0.04352353526052292,11.151017337915087,0.3329938872597357,0.2315100568272923,0.8318106745850696,0.054118456387475325,0.23376287462037978,-0.6898193402607806,0.7980562530357314,-0.08403000786866599,0.9434186277068837,0.053596906412176105,0.8318106745850693,0.9523049736668491,FDR correction BH,False,0.07997551065580988,One-way ancova,0.9523049736668487
9169204491588566387,CTR,CVD,10.227133478214547,0.3449452061771113,10.228093868078043,0.4759589289721576,0.2370382950634359,0.8278915547186508,0.09242920649466628,0.38993364540497766,-1.1485136826304287,1.3333720956197614,-0.0009603898634953367,0.9993345299973256,0.0561871533265805,0.8278915547186512,0.9523049736668491,FDR correction BH,False,0.08202654760131231,One-way ancova,0.9523049736668487
16982065442539522729,CTR,CVD,11.606737445635732,1.1689703724919744,11.480278321272124,0.6334624928279625,0.24350471497796664,0.8233158641737925,0.19152083801345146,0.7865179860307062,-2.311530420669589,2.694572096696492,0.12645912436360796,1.0916112169644494,0.05929454621650077,0.8233158641737922,0.9523049736668491,FDR correction BH,False,0.08443351624551851,One-way ancova,0.9523049736668487
16665553632233566150,CTR,CVD,15.768280732872618,0.32817624374611465,15.745532335985297,0.14982271548215104,-0.23262428949383487,0.8310202308038547,-0.058137147120430555,0.2499186445531146,-0.853489814100141,0.73721551985928,0.02274839688732122,1.0158929578557356,0.0541140600625115,0.8310202308038543,0.9523049736668491,FDR correction BH,False,0.08038840338853571,One-way ancova,0.9523049736668487
12222071416311906506,CTR,CVD,9.862234356116543,0.2938196553556438,9.910966624106733,0.18743195452895203,0.23076706903563515,0.8323379034055847,0.057131215138262643,0.24757091805607853,-0.7307499383251375,0.8450123686016628,-0.04873226799018937,0.9667854942349687,0.0532534401512976,0.832337903405585,0.9523049736668491,FDR correction BH,False,0.07970032780478423,One-way ancova,0.9523049736668487
2684047495532969152,CTR,CVD,14.403915540148967,0.3428896023613312,14.371713608401196,0.5838450583661415,-0.24095779953780808,0.8251169708890025,-0.11167863517486222,0.46347798406641333,-1.5866724331476179,1.3633151627978934,0.032201931747771084,1.0225716483333318,0.05806066115810248,0.8251169708890025,0.9523049736668491,FDR correction BH,False,0.08348448028558368,One-way ancova,0.9523049736668487
1032076126899464673,CTR,CVD,11.56232939472536,0.6155675519402096,11.818690341897062,0.34478290546633444,0.226791407687001,0.835161061826215,0.09688714260601851,0.42720817157118335,-1.2626799245979394,1.4564542098099764,-0.2563609471717019,0.8371970033924219,0.0514343426006515,0.8351610618262149,0.9533705617984191,FDR correction BH,False,0.07822976222043015,One-way ancova,0.9533705617984196
16995021996730907276,CTR,CVD,9.464172820238618,0.8782028047222535,9.739349872014316,0.2637113776087051,0.2264622641520786,0.835394940438749,0.13861628106373278,0.612094388364175,-1.8093412436710665,2.086573805798532,-0.27517705177569773,0.8263488999654127,0.05128515708488582,0.8353949404387484,0.9533705617984191,FDR correction BH,False,0.07810815936319629,One-way ancova,0.9533705617984196
868773091011775138,CTR,CVD,11.827443696844137,0.5741194485737617,12.032861466950566,0.45855514212755355,-0.22479519116432264,0.8365798582852335,-0.06247069618258052,0.27790050071362593,-0.946874117915306,0.821932725550145,-0.20541777010642903,0.8672875049904463,0.050532877970604365,0.8365798582852335,0.9535096987062953,FDR correction BH,False,0.07749259581668556,One-way ancova,0.9535096987062953
987638038955340660,CTR,CVD,15.291802662603393,1.8794516796217238,15.52319771533684,0.6584497879685686,-0.22135198449589732,0.8390290511733036,-0.25759587210611257,1.1637387064442017,-3.96113181874575,3.445940074533525,-0.23139505273344696,0.8518108120472087,0.048996701040271984,0.8390290511733036,0.9550876382010829,FDR correction BH,False,0.07622300157197924,One-way ancova,0.9550876382010829
2647875043092900402,CTR,CVD,10.182357708663512,0.5458279511923373,9.740013721537968,0.947286623204698,-0.2144080602464738,0.8439757625697012,-0.12225857211402612,0.5702144405088279,-1.9369354115310784,1.6924182673030261,0.44234398712554324,1.3588102320870892,0.04597081629865555,0.8439757625697013,0.9551589156643905,FDR correction BH,False,0.07367002533332495,One-way ancova,0.9551589156643899
15203614511298937952,CTR,CVD,14.513463216370349,0.7029421807330036,14.186984729208119,0.8501029928370439,-0.21379094868454668,0.8444158529786636,-0.15669532848293008,0.7329371493371196,-2.4892284513964267,2.1758377944305662,0.3264784871622304,1.2539488386954565,0.045706569739438485,0.8444158529786641,0.9551589156643905,FDR correction BH,False,0.07344362188673191,One-way ancova,0.9551589156643899
11141375214041930466,CTR,CVD,11.424605596257758,0.8175748462877178,11.555174930324595,0.20289794626682317,0.21493422219162123,0.8436005928627051,0.12881592461260777,0.5993271955443371,-1.778510694503847,2.0361425437290626,-0.13056933406683768,0.9134708939676901,0.0461967198691172,0.8436005928627048,0.9551589156643905,FDR correction BH,False,0.07386312372047102,One-way ancova,0.9551589156643899
8106641965842256337,CTR,CVD,11.84583546544129,0.5952035669690743,12.08203726591635,0.45961874811013764,0.2156742699454726,0.8430730102807772,0.10558234022917741,0.48954536976465046,-1.4523695130473528,1.6635341935057075,-0.2362018004750599,0.8489774853519815,0.04651539071651257,0.8430730102807766,0.9551589156643905,FDR correction BH,False,0.07413481376307929,One-way ancova,0.9551589156643899
122811586327327982,CTR,CVD,14.182736332633247,0.021302422110079714,14.186644997800661,0.04251859789204762,0.21587876281883592,0.8429272460896894,0.00720883603713009,0.033392983835004185,-0.0990625419909961,0.11348021406525627,-0.003908665167413616,0.9972943865469661,0.046603640236191214,0.8429272460896888,0.9551589156643905,FDR correction BH,False,0.07420990815736192,One-way ancova,0.9551589156643899
3748916129820089287,CTR,CVD,12.073180716489256,0.19221459062349996,12.10715155282305,0.3927410112803635,-0.20993631442744048,0.8471664864548248,-0.05714721239245328,0.2722121351339854,-0.9234477161031456,0.8091532913182391,-0.033970836333793386,0.9767282730443906,0.044073256115377164,0.8471664864548243,0.9570633984256642,FDR correction BH,False,0.07203123306537854,One-way ancova,0.9570633984256648
5304280685620495381,CTR,CVD,13.047626400057474,0.2077630477918808,13.059460481958808,0.3037096277864774,-0.2031275422214663,0.8520322863817735,-0.049088987152427654,0.2416658352460486,-0.8181775316446505,0.719999557339795,-0.01183408190133406,0.991830790336344,0.04126079840893357,0.8520322863817733,0.9580949645797,FDR correction BH,False,0.06954394803638102,One-way ancova,0.9580949645797
15204855419259645760,CTR,CVD,13.086982166193046,0.770804572860524,13.079701089072808,0.6562080550091373,-0.20336444346909635,0.8518628376697581,-0.13955754911598178,0.6862436064797592,-2.323490979082439,2.0443758808504753,0.007281077120238066,1.0050596149171835,0.04135709686749527,0.8518628376697577,0.9580949645797,FDR correction BH,False,0.06963032734435336,One-way ancova,0.9580949645797
4524725056093421178,CTR,CVD,11.341539314388754,1.0417999713314303,11.48760343969792,0.33823973754949327,-0.20512110437792255,0.8506066839180754,-0.12966666971159937,0.6321468973406891,-2.1414402275503854,1.8821068881271867,-0.14606412530916657,0.9037125573920566,0.042074667461218594,0.8506066839180749,0.9580949645797,FDR correction BH,False,0.0702712089987498,One-way ancova,0.9580949645797
1450201398792230424,CTR,CVD,10.06819501317853,0.15580232795457885,9.946836652111648,0.9216441509420803,-0.2026805420506541,0.8523520420675592,-0.1347155606702361,0.6646694315459639,-2.24999033732908,1.980559215988608,0.12135836106688203,1.0877585532209788,0.04107940212594696,0.8523520420675592,0.9580949645797,FDR correction BH,False,0.0693809940251229,One-way ancova,0.9580949645797
15813074416314062616,CTR,CVD,12.353445963637952,0.470719584005463,12.380890800247945,0.12661692363347327,-0.1931132408862647,0.8592048947604328,-0.060767634855088626,0.31467358000002765,-1.0621994068967484,0.9406641371865713,-0.027444836609992862,0.981156490122341,0.03729272380559649,0.8592048947604322,0.962180762297263,FDR correction BH,False,0.06590325752744429,One-way ancova,0.9621807622972638
15322232151823440986,CTR,CVD,12.649333941688909,0.14497568585111922,12.693220018664427,0.1642828160344325,-0.1944194382799996,0.858268292455816,-0.021760642603221893,0.1119262703139929,-0.37795998802823627,0.33443870282179244,-0.04388607697551805,0.9700385068186895,0.037798917981110576,0.8582682924558158,0.962180762297263,FDR correction BH,False,0.0663769315923243,One-way ancova,0.9621807622972638
1327302735740241317,CTR,CVD,10.825208287091028,1.0172018865990757,10.999715615211832,1.72080879604148,0.194283575775063,0.8583656974271711,0.27444579478689407,1.4126041982295046,-4.221091216697631,4.769982806271419,-0.1745073281208036,0.8860700551595724,0.037746107815944646,0.8583656974271716,0.962180762297263,FDR correction BH,False,0.0663276462561791,One-way ancova,0.9621807622972638
17950949628649560696,CTR,CVD,11.409506573181188,0.9905590604343181,11.463582678801073,0.12846865254324608,-0.1751618831325549,0.8721075087565422,-0.11451294566007073,0.6537549357893824,-2.195052925624341,1.9660270343042,-0.05407610561988463,0.9632110809876758,0.03068168530254282,0.8721075087565427,0.9649728118638121,FDR correction BH,False,0.059429974262697666,One-way ancova,0.9649728118638128
3051700118865320428,CTR,CVD,12.328524419227252,0.33259605796605274,12.46787503425685,0.42965176113549036,0.157366617446359,0.8849509014698144,0.05693190181959915,0.3617787733094367,-1.0944096186292906,1.2082734222684888,-0.13935061502959734,0.9079277392086109,0.024764252286508696,0.8849509014698139,0.9649728118638121,FDR correction BH,False,0.05308082400527277,One-way ancova,0.9649728118638128
12819713007690831712,CTR,CVD,11.427527546429095,0.13857670150089507,11.532300579407691,0.24609705108151034,0.18263112643109813,0.866732145341816,0.028602138973244637,0.1566115236333247,-0.46980562577856855,0.5270099037250578,-0.10477303297859564,0.9299512324758024,0.033354128341491755,0.8667321453418158,0.9649728118638121,FDR correction BH,False,0.062115096033715095,One-way ancova,0.9649728118638128
1578950678058104662,CTR,CVD,10.373405502026548,1.0387548948241234,10.414995892897073,0.1436685609576531,-0.17246388504162777,0.8740514706964453,-0.12013143625233152,0.6965599564415198,-2.336896096038613,2.09663322353395,-0.04159039087052463,0.9715833077481981,0.029743791643651797,0.8740514706964451,0.9649728118638121,FDR correction BH,False,0.05846299210099282,One-way ancova,0.9649728118638128
14126696312527733468,CTR,CVD,10.482226146470117,0.1064734285589986,10.441686473139688,0.3133203650169787,-0.17846822889249467,0.8697268747939153,-0.04201655365267257,0.2354287590200854,-0.7912559379538023,0.7072228306484573,0.04053967333042863,1.0284984882695736,0.031850908724023866,0.8697268747939149,0.9649728118638121,FDR correction BH,False,0.06061710990191773,One-way ancova,0.9649728118638128
13146520139614759536,CTR,CVD,11.517003379515378,0.21348336385016628,11.555317690041562,0.1208603438581145,-0.16658711467502466,0.8782899129823,-0.023561662717780322,0.14143748610895876,-0.47367886781393037,0.42655554237836973,-0.03831431052618406,0.9737920917216948,0.027751266775749822,0.8782899129823003,0.9649728118638121,FDR correction BH,False,0.05636210502116246,One-way ancova,0.9649728118638128
17559097665136942080,CTR,CVD,10.265013177643254,1.4176198724071987,10.975018777972906,0.8255165166249538,0.15722028774183158,0.8850567166664742,0.08578227424000724,0.5456183516269139,-1.6506188329903546,1.822183381470369,-0.7100056003296515,0.6113177657959037,0.024718218877624317,0.8850567166664737,0.9649728118638121,FDR correction BH,False,0.053028897724736165,One-way ancova,0.9649728118638128
673342557544756013,CTR,CVD,9.809366527590683,0.9716596073167684,10.077372713583374,0.5749020252523587,0.16941222168729303,0.8762516943775286,0.1305229145397313,0.7704456811897258,-2.321379096984729,2.582424926064191,-0.2680061859926912,0.8304664632063413,0.02870050085702451,0.8762516943775287,0.9649728118638121,FDR correction BH,False,0.05737112924428695,One-way ancova,0.9649728118638128
16469440084387161376,CTR,CVD,11.210584446364685,0.5158558955162801,11.232411659714733,0.2615892673655663,0.15381953354449657,0.8875168002091924,0.0624506282758113,0.40599933465372084,-1.2296204542407916,1.3545217107924141,-0.02182721335004878,0.984984404044197,0.023660448899846503,0.8875168002091918,0.9649728118638121,FDR correction BH,False,0.05182341723727421,One-way ancova,0.9649728118638128
13376417701848781361,CTR,CVD,13.838933002071165,0.13591856769406124,13.864618277722942,0.06341125803600697,0.15784075635370792,0.8846080602080421,0.01667845921258706,0.10566636651950671,-0.31959907851022984,0.3529559969354039,-0.02568527565177625,0.9823538726769515,0.024913704366310588,0.8846080602080417,0.9649728118638121,FDR correction BH,False,0.05324910782428525,One-way ancova,0.9649728118638128
16477612527379752193,CTR,CVD,13.041259667498423,0.3568400824949716,13.16394082827028,0.13495413026582648,0.15508806958827362,0.8865989483942485,0.0357074664271193,0.2302399309109666,-0.6970187510293903,0.7684336838836289,-0.12268116077185631,0.9184791260664634,0.024052309328617207,0.8865989483942484,0.9649728118638121,FDR correction BH,False,0.05227278815832415,One-way ancova,0.9649728118638128
5229938407677821234,CTR,CVD,13.066434352848873,0.10046537139678645,13.054692476696376,0.13072250228671498,0.1604832468330716,0.8826979473182304,0.017189475430957765,0.10711071572995769,-0.32368462610019905,0.3580635769621146,0.011741876152497,1.0081720588129834,0.025754872514084585,0.8826979473182306,0.9649728118638121,FDR correction BH,False,0.0541878833474097,One-way ancova,0.9649728118638128
8236855415619471067,CTR,CVD,15.077742078062338,0.07409837827503236,15.063681365092984,0.11924394926147128,0.17385338187058902,0.8730501599618472,0.015194838218386974,0.0874003028005376,-0.2629519325099097,0.29334160894668365,0.014060712969353517,1.0097937918784403,0.030224998387840856,0.873050159961847,0.9649728118638121,FDR correction BH,False,0.05896080375280434,One-way ancova,0.9649728118638128
13098771511812677176,CTR,CVD,11.748069675774047,0.6671188773450748,11.908185790419827,0.3222582708811951,-0.15393774256065518,0.8874312597966213,-0.058965397748117966,0.38304704724953453,-1.2779920580174455,1.1600612625212097,-0.16011611464577946,0.8949530381462392,0.023696828584670548,0.8874312597966216,0.9649728118638121,FDR correction BH,False,0.051865277311971845,One-way ancova,0.9649728118638128
4965654705974929663,CTR,CVD,12.225849556783741,1.305909167792343,12.707507238199392,0.9574983460828416,0.15396994925746937,0.8874079541974643,0.15697034686098768,1.0194869038925318,-3.0874919837174923,3.401432677439468,-0.48165768141565124,0.7161542774964899,0.023706745274347695,0.8874079541974644,0.9649728118638121,FDR correction BH,False,0.0518766828444078,One-way ancova,0.9649728118638128
17576327116877637348,CTR,CVD,12.952404287289342,0.22342437782170516,12.880419015102987,0.6710945721881287,0.16938379311109608,0.8762721982471837,0.07469549668896878,0.4409837288268614,-1.3287115418065534,1.478102535184491,0.07198527218635498,1.0511621781991587,0.0286908693687026,0.876272198247184,0.9649728118638121,FDR correction BH,False,0.05736096708046509,One-way ancova,0.9649728118638128
15482845695787125999,CTR,CVD,11.512115086305615,0.30869596048606496,11.529885666951694,0.19989842424170012,-0.16542200675181393,0.8791308690750707,-0.04027000320558392,0.2434380043883873,-0.8149983808371813,0.7344583744260135,-0.01777058064607928,0.9877579235833932,0.02736444031779718,0.8791308690750702,0.9649728118638121,FDR correction BH,False,0.055946470220188116,One-way ancova,0.9649728118638128
3385340383814949326,CTR,CVD,10.230574390770714,1.819202213581364,11.01202997591703,0.61491616951837,0.15925939381054083,0.8835824721406242,0.13589487308686468,0.8532926682398955,-2.579663226279341,2.85145297245307,-0.7814555851463165,0.5817795194552519,0.025363554516900932,0.8835824721406244,0.9649728118638121,FDR correction BH,False,0.05375290792974381,One-way ancova,0.9649728118638128
1433860836799751580,CTR,CVD,10.410822269766586,1.3741264297402633,10.6159170589437,0.9784302271477626,-0.16658777639516317,0.8782894354245119,-0.17102198403685417,1.0266178451843466,-3.4381781523826698,3.096134184308961,-0.20509478917711377,0.8674816892595698,0.027751487244284886,0.8782894354245122,0.9649728118638121,FDR correction BH,False,0.05636234116274337,One-way ancova,0.9649728118638128
13859373845766068831,CTR,CVD,13.392531596495038,0.33005187592063995,13.348246030120912,0.16562671570708282,0.18292279863367955,0.8665224322461411,0.040627976714387955,0.22210449991938605,-0.666207668441071,0.747463621869847,0.04428556637412662,1.0311724083742855,0.03346075025997768,0.8665224322461411,0.9649728118638121,FDR correction BH,False,0.06222018993262247,One-way ancova,0.9649728118638128
4139818293065706888,CTR,CVD,12.440420223908497,0.0180415479974486,12.46563883016399,0.19562528286500258,0.1864393068297866,0.8639952209820438,0.026058151510036136,0.13976747689706032,-0.418744338939917,0.47086064195998933,-0.02521860625549266,0.9826716866492279,0.034759615131171304,0.8639952209820446,0.9649728118638121,FDR correction BH,False,0.06348865972812914,One-way ancova,0.9649728118638128
2208127945223958748,CTR,CVD,11.668571262824385,0.4385838995940739,11.824998617580837,0.4746397891193275,0.18646488568434613,0.8639768461602382,0.08266659994122498,0.4433360181346192,-1.3282264729707307,1.4935596728531808,-0.15642735475645253,0.8972442298419684,0.03476915359327628,0.8639768461602384,0.9649728118638121,FDR correction BH,False,0.06349789608543861,One-way ancova,0.9649728118638128
12309436087881927317,CTR,CVD,12.947087248197755,0.09930693243428594,12.896251265189967,0.23042596024528655,-0.16898779771083947,0.8765578201231117,-0.02957770189438338,0.17502862511407333,-0.5865969032076503,0.5274414994188836,0.050835983007788244,1.0358649915336673,0.028556875775159602,0.8765578201231119,0.9649728118638121,FDR correction BH,False,0.0572194313874153,One-way ancova,0.9649728118638128
196238892072245140,CTR,CVD,11.13563007382767,0.8403662872119645,11.406479757025158,0.0338162376177318,0.18009472861008305,0.8685564408592928,0.09403978997287131,0.5221684759939512,-1.567733347189993,1.7558129271357357,-0.27084968319748803,0.8288312573003582,0.032434111273139464,0.8685564408592926,0.9649728118638121,FDR correction BH,False,0.06120195481353767,One-way ancova,0.9649728118638128
15335991700908065167,CTR,CVD,13.12823805752575,0.21878130459274275,13.055959265776025,0.15478089764435804,-0.14996810744929154,0.8903049514346677,-0.026216639887423464,0.17481476784180966,-0.5825552519147168,0.5301219721398698,0.07227879174972429,1.0513760612743748,0.02249043325192225,0.8903049514346677,0.9668323746209406,FDR correction BH,False,0.050461211286584595,One-way ancova,0.9668323746209406
2878540340511503785,CTR,CVD,11.651155839024456,0.19393311340149288,11.641695175376176,0.3035366733293088,-0.14837212613185846,0.8914609531478025,-0.03740169174349981,0.2520803112995826,-0.8396337470737633,0.7648303635867636,0.009460663648280132,1.0065791806812405,0.02201428781288811,0.8914609531478025,0.9669171402340736,FDR correction BH,False,0.04989767459050475,One-way ancova,0.9669171402340736
13659182438617430906,CTR,CVD,11.329802192199947,0.5564884185835999,11.45051475583361,0.40888430529521763,-0.14672023915976973,0.8926578300652479,-0.05766366497680211,0.39301779568400075,-1.3084216967623157,1.1930943668087115,-0.12071256363366167,0.9197332716070699,0.02152682857910003,0.8926578300652476,0.9670459825706849,FDR correction BH,False,0.04931498119180137,One-way ancova,0.9670459825706852
1199617156585090644,CTR,CVD,12.535009971157061,0.10286461892805472,12.535507082642438,0.2973617012677558,0.1437448104982855,0.8948146470658978,0.03133467344063909,0.21798820654477008,-0.6624010890733072,0.7250704359545854,-0.0004971114853766778,0.9996554879334026,0.020662570545188,0.8948146470658969,0.9679063100047935,FDR correction BH,False,0.04826691562610866,One-way ancova,0.9679063100047933
14631960841086640440,CTR,CVD,12.753518427407363,0.22048269342810356,12.801158045623525,0.09021110797594219,0.13790921902587816,0.8990482532856018,0.022670964757472066,0.16439049483137122,-0.500492958142477,0.5458348876574212,-0.047639618216162916,0.9675179831174072,0.019018952692327635,0.8990482532856015,0.9679063100047935,FDR correction BH,False,0.04621699839659695,One-way ancova,0.9679063100047933
15059943978399118228,CTR,CVD,15.05278020510695,0.2232656497174562,15.135362888672683,0.8334182658063194,0.13812608941471421,0.8988908361626412,0.08478996131902042,0.6138591317418993,-1.8687837644579928,2.0383636870960338,-0.0825826835657324,0.9443655484386537,0.019078816577001625,0.8988908361626419,0.9679063100047935,FDR correction BH,False,0.04629304701074054,One-way ancova,0.9679063100047933
15833785935579541299,CTR,CVD,13.516249652961234,0.3290451686186044,13.686955285372344,0.297543158071362,0.13918191572766114,0.8981245455280276,0.029598204767932096,0.21265840905543537,-0.6471757634181676,0.7063721729540318,-0.17070563241111003,0.8884080481856713,0.019371605665621766,0.8981245455280276,0.9679063100047935,FDR correction BH,False,0.04666343428478305,One-way ancova,0.9679063100047933
17133638092101462855,CTR,CVD,13.773204249118303,0.2237360133931233,13.828547240118317,0.09233407963910081,-0.1420272925785872,0.8960601924701471,-0.017488977977077717,0.12313814943279745,-0.40936952667902543,0.37439157072487,-0.05534299100001405,0.9623656199772517,0.020171751837203617,0.8960601924701473,0.9679063100047935,FDR correction BH,False,0.047662815807067535,One-way ancova,0.9679063100047933
13657874427651354411,CTR,CVD,10.278415493547504,0.9233088241920467,10.472273390851084,0.3756363291478506,0.13669975291693495,0.8999262681649919,0.09430183462621344,0.6898464160613045,-2.1010973433816753,2.2897010126341026,-0.19385789730358027,0.8742647295697334,0.01868682244755107,0.899926268164992,0.9679063100047935,FDR correction BH,False,0.045793071272695274,One-way ancova,0.9679063100047933
6205789153433115858,CTR,CVD,12.943839569090807,1.5722324834000734,12.042064980239687,1.4013657577470662,-0.1312296710027063,0.9038996660166494,-0.08559484898066054,0.6522522561143611,-2.1613526315651335,1.9901629336038125,0.9017745888511204,1.86836275216738,0.017221226551478536,0.9038996660166495,0.9680660976497379,FDR correction BH,False,0.04387977407512182,One-way ancova,0.9680660976497376
7806264102270177687,CTR,CVD,11.940111055461891,0.5726660351611681,11.989915158592147,0.3806998681318203,-0.13186929471889333,0.9034348532500184,-0.0599215755040591,0.45440127386587087,-1.5060292306349623,1.386186079626844,-0.049804103130256294,0.966067497845057,0.017389510889658354,0.903434853250019,0.9680660976497379,FDR correction BH,False,0.04410315897920539,One-way ancova,0.9680660976497376
12446664470097393829,CTR,CVD,13.12616273992154,0.6025122287873945,12.617825708411557,1.2257065430829641,-0.12261370756148686,0.9101658050309838,-0.0820496340401837,0.6691717889620002,-2.2116529214227616,2.0475536533423946,0.5083370315099831,1.422409664370115,0.015034121281973817,0.9101658050309839,0.9680660976497379,FDR correction BH,False,0.04087948498576692,One-way ancova,0.9680660976497376
17399991387802368334,CTR,CVD,12.842167283775503,0.599611132821301,12.761816490279793,1.1218622357017594,-0.12076385204032623,0.9115123174620499,-0.10914474980911035,0.9037865881643461,-2.9853970380782036,2.7671075384599826,0.08035079349570928,1.0572750873566563,0.014583907959617804,0.9115123174620503,0.9680660976497379,FDR correction BH,False,0.040237458254583275,One-way ancova,0.9680660976497376
3927519029408433709,CTR,CVD,13.940742145612548,0.11166048696208294,13.919034070623775,0.1418421820068472,0.11276054990183126,0.9173424559668639,0.012961108954882708,0.11494364798829539,-0.35284087890136284,0.3787630968111283,0.021708074988772808,1.0151606653719025,0.012714941614163379,0.9173424559668643,0.9680660976497379,FDR correction BH,False,0.037468506235727804,One-way ancova,0.9680660976497376
4704306066480874175,CTR,CVD,12.01445184349366,0.5587919823819919,12.03384164251134,0.261902739732974,0.11658708435745398,0.9145540515770653,0.050830285263587724,0.43598556001060074,-1.3366703493494387,1.4383309198766143,-0.019389799017680787,0.9866499288092316,0.013592548238972093,0.9145540515770649,0.9680660976497379,FDR correction BH,False,0.03879062194485252,One-way ancova,0.9680660976497376
7215179565955454541,CTR,CVD,12.707001125787054,0.0473872298101497,12.663077848420345,0.3192159681521797,-0.13474798076685404,0.9013435669382697,-0.03080044461326065,0.22857815336433665,-0.7582381442562934,0.696637255029772,0.043923277366708646,1.0309134932780868,0.018157018320744473,0.9013435669382699,0.9680660976497379,FDR correction BH,False,0.04510963656294485,One-way ancova,0.9680660976497376
273753509786061893,CTR,CVD,11.953808600577645,0.7895620850945871,12.219608952175696,0.43770510084804687,0.11879387593264776,0.9129467046111992,0.06536901866418263,0.5502726310676547,-1.6858440829761252,1.8165821203044905,-0.2658003515980507,0.8317371909669105,0.01411198495910131,0.9129467046111998,0.9680660976497379,FDR correction BH,False,0.03955457467692956,One-way ancova,0.9680660976497376
2511274111675057019,CTR,CVD,11.20950509676029,0.39870230738947576,11.294629169808,0.2255090718483938,0.12660342801771624,0.9072630688232869,0.04017354014859087,0.3173179492657117,-0.9696737950924527,1.0500208753896345,-0.08512407304770875,0.9427034591018695,0.01602842798583706,0.9072630688232868,0.9680660976497379,FDR correction BH,False,0.04226676721452647,One-way ancova,0.9680660976497376
8800073322072754104,CTR,CVD,12.45323896166242,0.17996442484198716,12.511016103983925,0.29499086760678483,0.11460571669370384,0.915997675974699,0.027589939986786036,0.2407379036817433,-0.7385455121270567,0.7937253921006288,-0.05777714232150544,0.9607432615500808,0.013134470298877508,0.9159976759746986,0.9680660976497379,FDR correction BH,False,0.038105628201848735,One-way ancova,0.9680660976497376
3871322944770440682,CTR,CVD,11.435375459985005,1.262391359682139,11.703108758038233,0.13461028737433975,-0.1199145938800848,0.9121306277295794,-0.08305282964728504,0.692599849275546,-2.2872146610146835,2.1211090017201135,-0.2677332980532281,0.8306235620456854,0.014379509825425667,0.9121306277295793,0.9680660976497379,FDR correction BH,False,0.03994296118947528,One-way ancova,0.9680660976497376
8594343665509296838,CTR,CVD,14.780060215038565,0.68546059044767,14.916422716688714,0.20205588658459464,-0.11377856084261904,0.916600470891263,-0.04651556369569956,0.40882538284203557,-1.3475803928277599,1.2545492654363608,-0.13636250165014907,0.9098101900839389,0.01294556090741756,0.9166004708912627,0.9680660976497379,FDR correction BH,False,0.037819923978179015,One-way ancova,0.9680660976497376
16548517561506724692,CTR,CVD,11.45914871175369,0.9999552002972999,11.807186798762144,0.9869268110217425,0.12974535146389993,0.9049785157612689,0.12013261833617492,0.9259107704494551,-2.8265286921035986,3.0667939287759487,-0.3480380870084545,0.7856517752635095,0.016833856226490918,0.9049785157612695,0.9680660976497379,FDR correction BH,False,0.04336173084681997,One-way ancova,0.9680660976497376
9337726776836265797,CTR,CVD,11.321071648721974,0.43818633907491644,11.248939512962714,0.3964284820087702,-0.11343132745589128,0.9168535418355216,-0.047463322848325724,0.41843222602488045,-1.379101414573076,1.2841747688764247,0.0721321357592597,1.0512691899284197,0.012866666048405632,0.9168535418355219,0.9680660976497379,FDR correction BH,False,0.03770003298057924,One-way ancova,0.9680660976497376
9754030185401128879,CTR,CVD,14.712706130383308,0.12198709532069364,14.73713388149458,0.1063115144880445,-0.11607881828575943,0.9149243323052693,-0.011453902351093174,0.09867349203104646,-0.3254769924947931,0.3025691877926068,-0.024427751111272045,0.9832105143184753,0.01347429205461836,0.9149243323052696,0.9680660976497379,FDR correction BH,False,0.03861482224082027,One-way ancova,0.9680660976497376
18162318233842994935,CTR,CVD,13.668721293838336,0.3740914697336286,13.719948706558014,0.32547567117673015,-0.11333701622748403,0.9169222801154941,-0.03645515793335223,0.3216527057689729,-1.0600976229925063,0.9871873071258018,-0.0512274127196779,0.9651148813535634,0.01284527924734898,0.9169222801154941,0.9680660976497379,FDR correction BH,False,0.037667474305364705,One-way ancova,0.9680660976497376
11501928417863192995,CTR,CVD,10.589312214542183,2.094668780810694,9.959062295405856,0.33318850824572166,-0.1100966271874713,0.9192846090958662,-0.140176719791665,1.273215386997947,-4.192116323974354,3.911762884391025,0.6302499191363271,1.5478331026004086,0.012121267318057048,0.9192846090958664,0.9689756690469944,FDR correction BH,False,0.03655001089459525,One-way ancova,0.9689756690469942
4870465828869590106,CTR,CVD,10.633011133269795,0.34957238305320587,10.740606149916355,0.2563450607120652,0.10694571683463099,0.921582779538793,0.029996657031443965,0.28048488447487313,-0.8626314272536993,0.9226247413165872,-0.10759501664655957,0.9281339792446295,0.011437386349273073,0.9215827795387935,0.97025792634542,FDR correction BH,False,0.035465648961174184,One-way ancova,0.9702579263454193
13177132442240513158,CTR,CVD,13.90612911536676,0.35386849499296646,13.953599137617152,0.4507213693229333,-0.0985002903193927,0.9277475887260793,-0.03768979159777669,0.38263635036572413,-1.2554094310866302,1.1800298478910767,-0.04747002225039232,0.9676317263459508,0.009702307193004647,0.9277475887260788,0.975603267394247,FDR correction BH,False,0.03257016573619248,One-way ancova,0.9756032673942475
15003817869393065250,CTR,CVD,12.40875690102701,0.4551385690844213,12.546003650397493,0.2658013075776434,-0.09607433729320337,0.9295197192536794,-0.025157220280666037,0.2618516139631571,-0.8584859216704364,0.8081714811091043,-0.1372467493704832,0.909252725706337,0.00923027828632821,0.9295197192536793,0.9757684904954975,FDR correction BH,False,0.031741392473879644,One-way ancova,0.9757684904954982
5291721221401413500,CTR,CVD,11.616180983964476,0.3361552946052365,11.695270780604838,0.46490019762096857,0.09410882573214639,0.9309559059347048,0.03787429614051295,0.40245211695990346,-1.2429079565323617,1.3186565488133877,-0.07908979664036231,0.9466547074479337,0.008856471080683498,0.9309559059347047,0.9757684904954975,FDR correction BH,False,0.03107088858121784,One-way ancova,0.9757684904954982
8255661828766147331,CTR,CVD,13.815774371703853,1.0019824006406155,13.440068203813437,0.47475175686863336,-0.09381840174139243,0.9311681470057374,-0.05477909581326069,0.5838843424796086,-1.9129596642508224,1.8034014726243008,0.37570616789041544,1.297474484828155,0.008801892505309305,0.9311681470057368,0.9757684904954975,FDR correction BH,False,0.03097188859651083,One-way ancova,0.9757684904954982
14825610588829027559,CTR,CVD,15.033919413602058,0.6598656374932427,15.132237940716593,0.34370265005695605,-0.09188132956535143,0.9325839496586379,-0.04360107090888811,0.4745367869092104,-1.5537889151295703,1.466586773311794,-0.09831852711453415,0.9341210830963884,0.008442178722696723,0.9325839496586384,0.9761117886158678,FDR correction BH,False,0.0303120632914236,One-way ancova,0.9761117886158672
5985477574800407335,CTR,CVD,12.52534359143605,0.12325877393646739,12.419779521605287,0.5495889288451054,-0.07858511678469293,0.9423108048464302,-0.029919775251367443,0.3807308110687355,-1.2415751382449454,1.1817355877422107,0.10556406983076272,1.0759149731397095,0.006175620580063828,0.9423108048464286,0.9765123146764008,FDR correction BH,False,0.02580582908953784,One-way ancova,0.9765123146763994
17700435173964333810,CTR,CVD,15.547667378269807,1.5430476963780728,16.054910374695808,0.3475201259015045,0.07390647234961296,0.9457368058223332,0.063028823748161,0.8528187281082029,-2.651020986597014,2.7770786340933356,-0.507242996426001,0.7035656745062461,0.005462166655164106,0.9457368058223335,0.9765123146764008,FDR correction BH,False,0.02422970892871565,One-way ancova,0.9765123146763994
15088613997092205179,CTR,CVD,13.45356969736766,1.341846195604288,13.926586859424772,0.3258929813640015,0.07673663384960029,0.9436641868397777,0.05339335611866832,0.6958000819180634,-2.16095304379796,2.2677397560352963,-0.4730171620571113,0.7204563039411899,0.0058885109745676215,0.9436641868397768,0.9765123146764008,FDR correction BH,False,0.025182526622537917,One-way ancova,0.9765123146763994
14487267237826104606,CTR,CVD,13.316263844844071,0.5314776383244871,13.462890459125086,0.2208683585024586,0.07350573635733922,0.9460303249206143,0.026311853985997974,0.35795647101725625,-1.1128653946554625,1.1654891026274583,-0.14662661428101487,0.9033602797101793,0.00540309327743466,0.9460303249206157,0.9765123146764008,FDR correction BH,False,0.024094942102854205,One-way ancova,0.9765123146763994
11412777947153619412,CTR,CVD,11.588737219628504,0.34638415407376094,11.65352788829714,0.17040553026685076,0.0790127353468236,0.9419977574287266,0.02093156007415194,0.26491375070453643,-0.8221422270744962,0.8640053472228002,-0.06479066866863548,0.9560840328584004,0.0062430123469871856,0.9419977574287276,0.9765123146764008,FDR correction BH,False,0.025950131111038357,One-way ancova,0.9765123146763994
3055430669304387071,CTR,CVD,11.204509463840305,0.8173780108510368,11.255356358653998,1.7480233935662872,-0.0761607258415646,0.9440858951114539,-0.10276026906408006,1.349255379706463,-4.396693067095828,4.191172528967668,-0.05084689481369331,0.9653694687186499,0.005800456160713964,0.9440858951114538,0.9765123146764008,FDR correction BH,False,0.02498849079103718,One-way ancova,0.9765123146763994
5282424992170882533,CTR,CVD,13.017442761693792,0.04604991529072744,13.028331394073462,0.2345526306942316,0.07608591539665198,0.944140676822415,0.012937034617238411,0.17003192443430448,-0.5281804350790869,0.5540545043135636,-0.010888632379669971,0.9924809854569144,0.005789066521746481,0.9441406768224162,0.9765123146764008,FDR correction BH,False,0.024963291066449126,One-way ancova,0.9765123146763994
6569060949897652785,CTR,CVD,11.971277367444245,1.4288984943140848,12.422418363673643,1.0338115504377619,0.07805453423666073,0.9426992487280799,0.08586078342785394,1.1000101950198655,-3.4148625974881384,3.5865841643438463,-0.4511409962293982,0.7314641200373063,0.0060925103149020434,0.9426992487280791,0.9765123146764008,FDR correction BH,False,0.025626839023784532,One-way ancova,0.9765123146763994
491936035475549414,CTR,CVD,11.796134093804412,2.6769185510034856,12.143920349406477,2.116129053408436,-0.08654695014067826,0.9364845491362186,-0.19523201552807656,2.2557931297490614,-7.3741725267836005,6.983708495727448,-0.347786255602065,0.7857889276450074,0.0074903745786530475,0.9364845491362174,0.9765123146764008,FDR correction BH,False,0.02849938356395568,One-way ancova,0.9765123146763994
1431836998582121034,CTR,CVD,12.131770609549028,0.21065905315909886,12.178085632919606,0.11153093150423839,0.08214261960112942,0.9397068912535017,0.013184320931932393,0.16050524071369054,-0.4976149893561133,0.5239836312199782,-0.046315023370578245,0.9684067072113539,0.006747409954935852,0.9397068912535015,0.9765123146764008,FDR correction BH,False,0.02700758827459126,One-way ancova,0.9765123146763994
9006792805841897767,CTR,CVD,11.818877540285719,0.9720678202272448,11.384291847483263,1.3039823966221233,-0.07554177425968049,0.9445391494514426,-0.07500367508000291,0.9928767998243221,-3.2347807782833793,3.084773428123374,0.4345856928024556,1.351522652604773,0.005706559658300527,0.9445391494514427,0.9765123146764008,FDR correction BH,False,0.024780036642764975,One-way ancova,0.9765123146763994
1849842800056477346,CTR,CVD,11.309974501134386,1.1848394878969153,11.688353173039161,0.7032647948118381,0.08801860305796018,0.9354082031078318,0.07406009140208916,0.84141407417385,-2.603695020166658,2.7518152029708367,-0.37837867190477503,0.7693016608454373,0.007747274484274758,0.9354082031078323,0.9765123146764008,FDR correction BH,False,0.028998825844187,One-way ancova,0.9765123146763994
391755173971384049,CTR,CVD,13.821408100939848,0.1934741299230308,13.901703053010644,0.27363997388409667,-0.06964671786304645,0.9488574430500274,-0.012695526700946804,0.18228463724466287,-0.5928065970103062,0.5674155436084127,-0.08029495207079584,0.9458642495545609,0.0048506653090947946,0.9488574430500273,0.9775576614040321,FDR correction BH,False,0.022799031352816548,One-way ancova,0.977557661404031
4486045932837325908,CTR,CVD,12.916961598792469,1.291629310997052,12.817090164240156,1.436893647628758,0.06914830320380926,0.9492226567256533,0.09247713251118642,1.3373738504995163,-4.163643336794787,4.34859760181716,0.09987143455231262,1.0716779559381489,0.004781487835965936,0.9492226567256543,0.9775576614040321,FDR correction BH,False,0.02263190427950066,One-way ancova,0.977557661404031
1684270458647442290,CTR,CVD,15.737959258888685,0.36352387554911314,15.61609590556371,0.20018790995278668,-0.058571681516902556,0.9569764436018238,-0.013768498637469418,0.23507091278395548,-0.7618690565065678,0.7343320592316289,0.121863353324974,1.088139372300696,0.003430641875717465,0.9569764436018242,0.9828015743124726,FDR correction BH,False,0.0190987524422301,One-way ancova,0.9828015743124735
12428619398712343846,CTR,CVD,9.422778781040563,1.3090706129681569,9.813209407273192,0.8200988097756522,0.057719422436184074,0.957601533945487,0.054760099767024284,0.9487291704550287,-2.9645195434629854,3.074039742997034,-0.3904306262326287,0.7629018539320677,0.003331531726366669,0.9576015339454861,0.9828015743124726,FDR correction BH,False,0.01881516692127089,One-way ancova,0.9828015743124735
3872173298491279327,CTR,CVD,13.011470063930934,0.5958844533936245,13.179977335092497,0.161510926914097,0.05951872581453974,0.9562818817096517,0.02179916434970302,0.36625724175663943,-1.1437948414623191,1.1873931701617253,-0.1685072711615625,0.8897628255560569,0.00354247872258636,0.9562818817096517,0.9828015743124726,FDR correction BH,False,0.01941407254968346,One-way ancova,0.9828015743124735
10844158459824792786,CTR,CVD,13.237339923514993,0.34371187037435474,13.137969018056802,0.5590543615415904,0.0558839998330438,0.9589478649271433,0.02349578449768576,0.4204384898697404,-1.3145271341875646,1.361518703182936,0.0993709054581906,1.0713062121242456,0.0031230214373396386,0.9589478649271452,0.9830585541024562,FDR correction BH,False,0.01820500345491689,One-way ancova,0.9830585541024544
3778303535580010501,CTR,CVD,12.738038045947627,0.510575500477568,12.837740273631224,0.24557287197440517,0.049720126400920356,0.9634705405726149,0.01891035748806452,0.38033607025814953,-1.1914887640713192,1.2293094790474481,-0.09970222768359704,0.9332255894604667,0.0024720909693234966,0.9634705405726146,0.9842704847984519,FDR correction BH,False,0.016161559952326262,One-way ancova,0.984270484798454
5189724075898881486,CTR,CVD,11.290873470325286,1.193464318957191,11.628775942610575,0.644980263362157,-0.0489221113817253,0.9640562153546359,-0.03625292345930415,0.7410335007095854,-2.3945522498843874,2.322046402965779,-0.3379024722852897,0.7911907847137448,0.0023933729820459363,0.9640562153546383,0.9842704847984519,FDR correction BH,False,0.015897641090430202,One-way ancova,0.984270484798454
4666188403850902260,CTR,CVD,11.527466638431052,1.2188794145613504,11.360361360328866,1.1349648377574035,0.048291246775915,0.964519237611863,0.05442241738884457,1.1269623590664355,-3.53207477841657,3.640919613194259,0.167105278102186,1.1228033536599782,0.002332044515172321,0.9645192376118609,0.9842704847984519,FDR correction BH,False,0.01568910580614416,One-way ancova,0.984270484798454
15132522403682447923,CTR,CVD,15.918324598807372,0.19623113397479144,15.964908060654004,0.22089419250889847,-0.048565549605037284,0.9643179110834037,-0.009175921472682485,0.18893889902011415,-0.6104638225837212,0.5921119796383562,-0.04658346184663209,0.9682265350821089,0.0023586126084393375,0.9643179110834053,0.9842704847984519,FDR correction BH,False,0.015779766648867218,One-way ancova,0.984270484798454
7130919707838124909,CTR,CVD,14.053282249888829,0.017532411007945992,14.036849951883738,0.15715436972502989,-0.039174659874012176,0.9712123204696763,-0.0043372440545863715,0.11071555103567417,-0.35668354038557887,0.34800905227640616,0.01643229800509083,1.0114551140718129,0.0015346539762445394,0.9712123204696739,0.986619909843184,FDR correction BH,False,0.012685816921560554,One-way ancova,0.9866199098431871
5264265714096875131,CTR,CVD,11.466564922218998,0.5380537780492706,11.569488933992943,0.665985082761828,-0.04069889870447276,0.9700930351824333,-0.0232925858105222,0.5723148918514194,-1.8446539988422341,1.7980688272211898,-0.10292401177394517,0.9311438628399932,0.0016564003557569343,0.9700930351824331,0.986619909843184,FDR correction BH,False,0.01318661343600252,One-way ancova,0.9866199098431871
2853629000565262669,CTR,CVD,12.90627764968852,3.9097675843516067,12.209021731487107,0.23695488096992057,-0.04107363821794871,0.9698178689684793,-0.10722735873129395,2.610612630960868,-8.415361880661138,8.20090716319855,0.697255918201412,1.621417835917353,0.001687043756458937,0.9698178689684804,0.986619909843184,FDR correction BH,False,0.013309818237699519,One-way ancova,0.9866199098431871
5793181647160792528,CTR,CVD,14.018253520556188,0.33964354706665695,14.089268720289333,0.3878300094723492,-0.03916262291615422,0.9712211598567828,-0.013287476365026288,0.33928974556873526,-1.0930588735710856,1.0664839208410328,-0.07101519973314474,0.9519678788422442,0.001533711033672888,0.9712211598567798,0.986619909843184,FDR correction BH,False,0.012681864253855158,One-way ancova,0.9866199098431871
16005989593421987566,CTR,CVD,11.665554671342798,0.7668215158411682,11.462975279892504,0.442084489460447,-0.03690429917387474,0.972879665114122,-0.020411953113745315,0.5531050194876841,-1.7806389788165056,1.7398150725890151,0.20257939145029447,1.1507539474338249,0.0013619272975148521,0.9728796651141202,0.9871867190128572,FDR correction BH,False,0.011940874026443195,One-way ancova,0.987186719012859
8469585414739629721,CTR,CVD,13.673895863022167,0.07659543974535328,13.689621590267812,0.20950775808418234,-0.03392742897061383,0.9750661480927799,-0.00525452442823866,0.15487540870809444,-0.49813719665070394,0.48762814779422664,-0.015725727245644805,0.9891589488859336,0.0011510704365560462,0.9750661480927779,0.9882873839991206,FDR correction BH,False,0.010965920940210688,One-way ancova,0.9882873839991226
16808650964589241301,CTR,CVD,10.037567579437107,1.3856403560828554,10.174542887092834,0.7386780511761347,-0.032386841983419866,0.9761978118569921,-0.034991705736967624,1.08042969286358,-3.4734011899100787,3.4034177784361432,-0.1369753076557263,0.9094238168461312,0.0010489075336590078,0.9761978118569952,0.9883176492502536,FDR correction BH,False,0.0104621701475359,One-way ancova,0.9883176492502505
9532419288962940464,CTR,CVD,9.382322138881653,0.20737660201922603,9.282414976416826,0.9876396576554785,-0.026253617615602576,0.980703784721219,-0.01851652734317462,0.7052943184550007,-2.2630778252482737,2.226044770561925,0.09990716246482734,1.0717044960518098,0.0006892524379062779,0.9807037847212221,0.9917601971758018,FDR correction BH,False,0.008462148672264577,One-way ancova,0.9917601971757987
13918857268185927251,CTR,CVD,10.59622074589745,0.15406829275329276,10.723608582236487,0.4993287510507152,-0.022480588182952566,0.9834762585066865,-0.006710324479467801,0.29849416860704564,-0.9566519885118581,0.9432313395529224,-0.12738783633903772,0.9154875449558151,0.0005053768450515064,0.9834762585066847,0.9934439232888471,FDR correction BH,False,0.007236119653124909,One-way ancova,0.9934439232888489
9704635240733515621,CTR,CVD,10.649415351506915,0.9477898507251747,10.933681207321428,0.30434065658208753,0.02049030297742673,0.984938877022107,0.011183128114645344,0.5457766108663843,-1.7257216306476464,1.748087886876937,-0.28426585581451214,0.821159365853228,0.00041985251610674276,0.9849388770221126,0.9938022189975647,FDR correction BH,False,0.006590719954846019,One-way ancova,0.993802218997559
5351670554760195572,CTR,CVD,11.6915467307939,2.0044145284110644,11.786798437011598,1.7643290662674687,-0.01647276245935867,0.9878915168895579,-0.031106466497945354,1.8883576191115918,-6.040703194495018,5.978490261499127,-0.09525170621769696,0.9361089107746761,0.0002713519030424564,0.9878915168895626,0.9956614501684692,FDR correction BH,False,0.005290743876935168,One-way ancova,0.9956614501684645
8979904943298692469,CTR,CVD,10.362590903205529,1.0062451885535173,10.432469024070759,0.6175790432696446,0.006085842172622966,0.995526302630559,0.005070430194605823,0.8331517727184985,-2.6463903506344137,2.656531211023625,-0.06987812086522993,0.9527184804717237,3.703747495007622e-05,0.9955263026305663,0.9990384432162693,FDR correction BH,False,0.001947261064591483,One-way ancova,0.9990384432161673
14277653721616662587,CTR,CVD,13.099606361698413,0.07628445645288397,13.112680210561853,0.31356417458717545,-0.0015023398302843388,0.9988956227416741,-0.0003433276366421296,0.22852861231612961,-0.7276233655538485,0.7269367102805643,-0.013073848863440318,0.990978835610831,2.257024965658776e-06,0.9988956227416719,0.9990384432162693,FDR correction BH,False,0.00047988998782664557,One-way ancova,0.9990384432161673
5900085597614662261,CTR,CVD,12.46961561975546,0.1041301548229518,12.443414491507324,0.11055387812316135,0.00340781587425676,0.9974949033159236,0.0003365243086734385,0.09875073099330345,-0.3139323746850853,0.31460542330243213,0.02620112824813603,1.018327156363286,1.1613209032836364e-05,0.9974949033159327,0.9990384432162693,FDR correction BH,False,0.001089314656176762,One-way ancova,0.9990384432161673
2587933816527004868,CTR,CVD,11.463165601769944,0.5336479889246043,11.583251645491652,0.3463594619081004,0.009512149997329196,0.9930077097240586,0.0038988532426265793,0.40988138787984757,-1.3005266552203802,1.3083243617056333,-0.12008604372170772,0.9201327713836946,9.048099757168983e-05,0.9930077097240637,0.9990384432162693,FDR correction BH,False,0.003047379623835812,One-way ancova,0.9990384432161673
7068176369469578268,CTR,CVD,11.980947799392032,0.08282350450427042,11.974018067408792,0.24191739799082482,-0.001308053809745396,0.9990384432161673,-0.00023753068898583676,0.18159091561536794,-0.5781408691622999,0.5776658077843283,0.006929731983239762,1.00481487864036,1.7110047691894445e-06,0.9990384432162693,0.9990384432162693,FDR correction BH,False,0.0004177997065328835,One-way ancova,0.9990384432161673
14576756336522996659,CTR,CVD,17.973078392811388,1.874383366162607,18.435498292148115,0.5482996771593265,-0.006269064682480882,0.9953916182386513,-0.007224508419039448,1.1524061060063053,-3.6746950626658306,3.6602460458277513,-0.46241989933672656,0.7257678729876035,3.9301171993129125e-05,0.9953916182386431,0.9990384432162693,FDR correction BH,False,0.002006020582178916,One-way ancova,0.9990384432161673
5673577698320104559,CTR,CVD,11.053859227602445,0.19227459835781044,11.03338221430643,0.20257028684564887,0.004616184266653525,0.9966066350384094,0.0009026661608543606,0.19554378870337927,-0.6214049417195016,0.6232102740412102,0.02047701329601459,1.014294791210229,2.1309157183699544e-05,0.996606635038424,0.9990384432162693,FDR correction BH,False,0.0014762257832879814,One-way ancova,0.9990384432161673
