id	query_spectrum_nr	ms2query_model_prediction	precursor_mz_difference	precursor_mz_query_spectrum	precursor_mz_analog	inchikey	analog_compound_name	smiles	cf_kingdom	cf_superclass	cf_class	cf_subclass	cf_direct_parent	npc_class_results	npc_superclass_results	npc_pathway_results
4051789042754256385	1	0.4887	78.8662	414.3008	493.167	UKTUQKGXNWDYAI	8-Hydroxycarapinic Acid	CC1(C)C(=O)[C@@H]2C[C@@]3(O)C4=CC(=O)O[C@@H](c5ccoc5)[C@]4(C)CCC3C(C)(C2=O)[C@H]1CC(=O)O	Organic compounds	Lipids and lipid-like molecules	Prenol lipids	Triterpenoids	Limonoids	Limonoids	Triterpenoids	Terpenoids
4051789042754256385	2	0.4893	137.1192	414.3008	551.42	UTMFIKFVXBHDRL	(R)-1-(4-benzylpiperazin-1-yl)-4-((3R,5R,8R,9S,10S,12S,13R,14S,17R)-3,12-dihydroxy-10,13-dimethylhexadecahydro-1H-cyclopenta[a]phenanthren-17-yl)pentan-1-one	O=C(N1CCN(CC=2C=CC=CC2)CC1)CCC(C)C3CCC4C5CCC6CC(O)CCC6(C)C5CC(O)C34C	Organic compounds	Lipids and lipid-like molecules	Steroids and steroid derivatives	Bile acids, alcohols and derivatives	Dihydroxy bile acids, alcohols and derivatives		Steroids	Terpenoids
4051789042754256385	3	0.4832	39.9092	414.3008	454.21	NFUZCPRJHPTWRC	2-[2-oxo-4-(piperidylcarbonyl)hydroquinolyl]-N-(2,4,6-trimethylphenyl)acetamid e	Cc1cc(C)c(N=C(O)Cn2c(=O)cc(C(=O)N3CCCCC3)c3ccccc32)c(C)c1	Organic compounds	Organoheterocyclic compounds	Quinolines and derivatives	Quinoline carboxamides	Quinoline carboxamides		Tryptophan alkaloids	Alkaloids
4051789042754256385	4	0.409	96.6992	414.3008	511.0	KZVHAGNFWJIOMX	Jamaicamide B	CO\C(CCNC(=O)CC\C=C\C(C)CC\C(CCCC#C)=C\Cl)=C\C(=O)N1C(C)C=CC1=O	Organic compounds	Lipids and lipid-like molecules	Fatty Acyls	Fatty amides	N-acyl amines			
4051789042754256385	5	0.409	96.6992	414.3008	511.0	KZVHAGNFWJIOMX	Jamaicamide B	CO\C(CCNC(=O)CC\C=C\C(C)CC\C(CCCC#C)=C\Cl)=C\C(=O)N1C(C)C=CC1=O	Organic compounds	Lipids and lipid-like molecules	Fatty Acyls	Fatty amides	N-acyl amines			
4051789042754256385	6	0.409	280.0572	414.3008	694.358	RPJBXUNEXVNBIF	7-benzyl-11,14-dimethyl-16-(2-methylpropyl)-10,13-di(propan-2-yl)-17-oxa-1,5,8,11,14-pentazabicyclo[17.3.0]docosane-2,6,9,12,15,18-hexone	CC(C)CC1OC(=O)C2CCCN2C(=O)CCN=C(O)C(Cc2ccccc2)N=C(O)C(C(C)C)N(C)C(=O)C(C(C)C)N(C)C1=O	Organic compounds	Organic acids and derivatives	Peptidomimetics	Depsipeptides	Cyclic depsipeptides	Cyclic peptides; Depsipeptides	Oligopeptides	Amino acids and Peptides; Polyketides
4051789042754256385	7	0.5571	760.3392	414.3008	1174.64	MRAKKDQIGHDJRU	Stenothricin H	CC1OC(CN(C(C(NC(C(NC(C(NC(/C(NC(C(NC(C(NC(C1NC(C(NC(CC(CCCCCCCCC(C)CCCCC)=O)=O)CS(O)(=O)=O)=O)=O)CO)=O)CN)=O)=C/C)=O)C(C)C)=O)CO)=O)CCCCN)=O)C)=O	Organic compounds	Organic acids and derivatives	Peptidomimetics	Depsipeptides	Cyclic depsipeptides	Cyclic peptides; Depsipeptides; Lipopeptides	Oligopeptides	Amino acids and Peptides; Polyketides
4051789042754256385	8	0.409	53.9462	414.3008	468.247	VFUSKSIAISUKGN	Columbamide A	O=C(N(C)[C@@H](COC)COC(C)=O)CC/C=C/CCCCC(Cl)CCCCCCCl	Organic compounds	Lipids and lipid-like molecules	Fatty Acyls	Fatty amides	N-acyl amines	Simple amide alkaloids	Peptide alkaloids	Alkaloids
4051789042754256385	9	0.409	81.0442	414.3008	495.345	HFGSQOYIOKBQOW	Corosolic acid	O=C(O)C12CCC(C)C(C)C2C3=CCC4C5(C)CC(O)C(O)C(C)(C)C5CCC4(C)C3(C)CC1	Organic compounds	Lipids and lipid-like molecules	Prenol lipids	Triterpenoids	Triterpenoids	Ursane and Taraxastane triterpenoids	Triterpenoids	Terpenoids
4051789042754256385	10	0.5791	127.0932	414.3008	541.394	DXVLAUMXGHQKAV	Nonapropylene glycol	CC(CO)OCC(C)OCC(C)OCC(C)OCC(C)OCC(C)OCC(C)OCC(C)OCC(C)O	Organic compounds	Organic oxygen compounds	Organooxygen compounds	Alcohols and polyols	Secondary alcohols	Monoacylglycerols	Glycerolipids	Fatty acids
4051789042754256385	11	0.409	153.2582	414.3008	567.559	KZTJQXAANJHSCE	Cer(d18:0/18:0)	CCCCCCCCCCCCCCCCCC(=O)N[C@@H](CO)[C@@H](CCCCCCCCCCCCCCC)O	Organic compounds	Lipids and lipid-like molecules	Sphingolipids	Ceramides	Long-chain ceramides	Ceramides	Sphingolipids	Fatty acids
4051789042754256385	12	0.409	18.0492	414.3008	432.35	NQGYOUYEGZOZBN	korseveriline	OC1CCC2(C)C(C1)C(O)CC3C2CC4C5CN6CC(C)CCC6C(C)C5CCC43O	Organic compounds	Lipids and lipid-like molecules	Steroids and steroid derivatives	Steroidal alkaloids	Cerveratrum-type alkaloids	Steroidal alkaloids	Pseudoalkaloids	Alkaloids; Terpenoids
4051789042754256385	14	0.4893	227.1012	414.3008	641.402	JWOGUUIOCYMBPV	(3S,6S,9S,12R)-3-[(2S)-butan-2-yl]-6-[(1-methoxyindol-3-yl)methyl]-9-(6-oxooctyl)-1,4,7,10-tetrazabicyclo[10.4.0]hexadecane-2,5,8,11-tetrone	CC[C@H](C)[C@@H]1NC(=O)[C@H](CC2=CN(OC)C3=CC=CC=C23)NC(=O)[C@H](CCCCCC(=O)CC)NC(=O)[C@H]4CCCCN4C1=O	Organic compounds	Organic acids and derivatives	Carboxylic acids and derivatives	Amino acids, peptides, and analogues	Oligopeptides	Cyclic peptides	Oligopeptides	Amino acids and Peptides
4051789042754256385	15	0.409	22.9352	414.3008	437.236	YZUUTMGDONTGTN	Nonaethylene glycol|2-[2-[2-[2-[2-[2-[2-[2-(2-hydroxyethoxy)ethoxy]ethoxy]ethoxy]ethoxy]ethoxy]ethoxy]ethoxy]ethanol	OCCOCCOCCOCCOCCOCCOCCOCCOCCO	Organic compounds	Organic oxygen compounds	Organooxygen compounds	Ethers	Polyethylene glycols	Monoacylglycerols	Glycerolipids	Fatty acids
4051789042754256385	17	0.5902	216.8592	414.3008	631.16	VGGSULWDCMWZPO	Spinosin	O=C1C=C(OC=2C=C(OC)C(=C(O)C12)C3OC(CO)C(O)C(O)C3OC4OC(CO)C(O)C(O)C4O)C=5C=CC(O)=CC5	Organic compounds	Phenylpropanoids and polyketides	Flavonoids	Flavonoid glycosides	Flavonoid C-glycosides	Flavones	Flavonoids	Shikimates and Phenylpropanoids
4051789042754256385	18	0.6073	235.0742	414.3008	649.375	HXSUIFJHKMZLGO	Goniomedine A	CC[C@]1(C2)CC[C@]3([C@@]4(O)CC[N@@+]23CCC1)NC5=C4C=C(C[C@]6(C7=C(N8[C@]([H])(C(OC)=O)[C@@](/C(C9)=C\C)([H])C[C@]%10([H])N9CC6)C=CC=C7)[C@@]8%10O%11)C%11=C5	Organic compounds	Alkaloids and derivatives	Pleiocarpaman alkaloids		Pleiocarpaman alkaloids			
4051789042754256385	19	0.409	433.6992	414.3008	848.0	ZSYPDXOLYNZQGO	Apratoxin B	CC[C@H](C)[C@@H]1NC(=O)[C@H](C)N(C)C(=O)[C@H](CC2=CC=C(OC)C=C2)NC(=O)\C(C)=C/[C@H]2CSC(=N2)[C@@H](C)[C@@H](O)C[C@H](C)C[C@H](OC(=O)C2CCCN2C1=O)C(C)(C)C	Organic compounds	Organic acids and derivatives	Peptidomimetics	Depsipeptides	Cyclic depsipeptides	Cyclic peptides; Depsipeptides	Oligopeptides	Amino acids and Peptides; Polyketides
4051789042754256385	20	0.4896	290.1452	414.3008	704.446	TWHBYJSVDCWICV	Enniatin A	CCC(C)C1C(=O)OC(C(=O)N(C(C(=O)OC(C(=O)N(C(C(=O)OC(C(=O)N1C)C(C)C)C(C)CC)C)C(C)C)C(C)CC)C)C(C)C	Organic compounds	Organic acids and derivatives	Peptidomimetics	Depsipeptides	Cyclic depsipeptides	Cyclic peptides; Depsipeptides	Oligopeptides	Amino acids and Peptides; Polyketides
4051789042754256385	21	0.409	31.8842	414.3008	446.185	RSBBEKUUSRJZBP	N-(3-fluoro-4-methylphenyl)-2-{4-[(7-methyl-2-oxochromen-4-yl)methyl]piperazin yl}acetamide	Cc1ccc2c(CN3CCN(CC(O)=Nc4ccc(C)c(F)c4)CC3)cc(=O)oc2c1	Organic compounds	Organic acids and derivatives	Carboxylic acids and derivatives	Amino acids, peptides, and analogues	Alpha amino acid amides	Simple coumarins	Coumarins	Shikimates and Phenylpropanoids
4051789042754256385	22	0.409	495.0892	414.3008	909.39	KDQAABAKXDWYSZ	Vinblastine sulfate	O=C(OC1C(O)(C(=O)OC)C2N(C3=CC(OC)=C(C=C3C42CCN5CC=CC1(CC)C54)C6(C(=O)OC)C=7NC=8C=CC=CC8C7CCN9CC(CC(O)(C9)CC)C6)C)C.O=S(=O)(O)O	Organic compounds	Alkaloids and derivatives	Vinca alkaloids		Vinca alkaloids	Aspidosperma type; Aspidosperma-Iboga hybrid type (Vinca alkaloids)	Tryptophan alkaloids	Alkaloids
4051789042754256385	23	0.409	139.9692	414.3008	554.27	WNGVOVVMNRIJOX	(12bS)-7-(4-ethylphenyl)-12b-methyl-2-(3,4,5-trimethoxybenzyl)-2,3,6,7-tetrahydropyrazino[1',2':1,2]pyrido[3,4-b]indole-1,4(12H,12bH)-dione	O=C1N2CC(C3=CC=C(C=C3)CC)C=4C=5C=CC=CC5NC4C2(C(=O)N(CC6=CC(OC)=C(OC)C(OC)=C6)C1)C	Organic compounds	Organoheterocyclic compounds	Indoles and derivatives	Pyridoindoles	Beta carbolines			Alkaloids
4051789042754256385	24	0.409	149.2492	414.3008	563.55	FATBGEAMYMYZAF	9-Octadecenamide, (Z)-	CCCCCCCC/C=C\CCCCCCCC(=O)N	Organic compounds	Lipids and lipid-like molecules	Fatty Acyls	Fatty amides	Fatty amides	Primary amides	Fatty amides	Fatty acids
4051789042754256385	25	0.409	44.9292	414.3008	459.23	KBKUJJFDSHBPPA	Cinobufotalin	O=C1OC=C(C=C1)C2C(OC(=O)C)C3OC34C5CCC6(O)CC(O)CCC6(C)C5CCC24C	Organic compounds	Lipids and lipid-like molecules	Steroids and steroid derivatives	Steroid lactones	Bufanolides and derivatives	Bufadienolides	Steroids	Terpenoids
4051789042754256385	26	0.409	44.9292	414.3008	459.23	KBKUJJFDSHBPPA	Cinobufotalin	O=C1OC=C(C=C1)C2C(OC(=O)C)C3OC34C5CCC6(O)CC(O)CCC6(C)C5CCC24C	Organic compounds	Lipids and lipid-like molecules	Steroids and steroid derivatives	Steroid lactones	Bufanolides and derivatives	Bufadienolides	Steroids	Terpenoids
4051789042754256385	27	0.409	56.8262	414.3008	471.127	KEEWIHDTSNESJZ	Isosakuranin	O=C1C2=C(O)C=C(OC3OC(CO)C(O)C(O)C3O)C=C2OC(C4=CC=C(OC)C=C4)C1	Organic compounds	Phenylpropanoids and polyketides	Flavonoids	Flavonoid glycosides	Flavonoid-7-O-glycosides	Flavanones	Flavonoids	Shikimates and Phenylpropanoids
4051789042754256385	28	0.409	40.7692	414.3008	455.07	ZPIVVUOUQNSWHD	5-hydroxy-3-(4-hydroxyphenyl)-10-(2,3,4-trifluorophenyl)-9,10-dihydropyrano[2,3-f]chromene-4,8-dione	O=C1OC2=CC(O)=C3C(=O)C(=COC3=C2C(C4=CC=C(F)C(F)=C4F)C1)C=5C=CC(O)=CC5	Organic compounds	Phenylpropanoids and polyketides	Isoflavonoids	Pyranoisoflavonoids	Pyranoisoflavonoids	Isoflavones; Neoflavonoids	Isoflavonoids; Flavonoids	Shikimates and Phenylpropanoids
4051789042754256385	29	0.3459	1.0128	414.3008	413.288	SEQYPUIPGIGBNQ	Leupeptin analogue LVR (or VLR)	O=C(NC(C(NC(C=O)CCC/N=C(N)\N)=O)C(C)C)C(NC(C)=O)CC(C)C	Organic compounds	Organic acids and derivatives	Carboxylic acids and derivatives	Amino acids, peptides, and analogues	Dipeptides	Tripeptides	Small peptides	Amino acids and Peptides
4051789042754256385	30	0.554	156.7852	414.3008	571.086	VSWWTKVILIZDGX	5-hydroxy-7-(5-hydroxy-8-methoxy-2-methyl-4,6,9-trioxobenzo[g]chromen-7-yl)-8-methoxy-2-methylbenzo[g]chromene-4,6,9-trione	CC1=CC(=O)C2=C(O1)C=C3C(=C2O)C(=O)C(=C(C3=O)OC)C4=C(C(=O)C5=CC6=C(C(=O)C=C(O6)C)C(=C5C4=O)O)OC	Organic compounds	Organoheterocyclic compounds	Naphthopyrans	Naphthopyranones	Naphthopyranones	Bisnaphthalenes	Naphthalenes	Polyketides
4051789042754256385	31	0.409	336.0492	414.3008	750.35	OJTOQAJKIWTRSX	N-((S)-1,2,3-trimethoxy-10-(((S)-4-methyl-1-oxo-1-(4-(piperidin-1-ylsulfonyl)-1,4-diazepan-1-yl)pentan-2-yl)amino)-9-oxo-5,6,7,9-tetrahydrobenzo[a]heptalen-7-yl)acetamide	O=C1C=C2C(=CC=C1NC(C(=O)N3CCN(CCC3)S(=O)(=O)N4CCCCC4)CC(C)C)C5=C(OC)C(OC)=C(OC)C=C5CCC2NC(=O)C	Organic compounds	Organic acids and derivatives	Carboxylic acids and derivatives	Amino acids, peptides, and analogues	Leucine and derivatives			Alkaloids
4051789042754256385	32	0.5521	55.9432	414.3008	470.244	VIFLWMXTJSJZPC	(2Z)-2-{[4-(tert-butyl)phenyl]carbonylamino}-3-(2-furyl)-N-[2-(2-methylindol-3 -yl)ethyl]prop-2-enamide	Cc1[nH]c2ccccc2c1CCN=C(O)C(=Cc1ccco1)NC(=O)c1ccc(C(C)(C)C)cc1	Organic compounds	Benzenoids	Benzene and substituted derivatives	Benzoic acids and derivatives	Hippuric acids and derivatives			Alkaloids
4051789042754256385	33	0.5832	74.1508	414.3008	340.15	VZTUIEROBZXUFA	Tetrahydroberberine	O(C1=CC=C2C(=C1OC)CN3CCC4=CC=5OCOC5C=C4C3C2)C	Organic compounds	Alkaloids and derivatives	Protoberberine alkaloids and derivatives		Protoberberine alkaloids and derivatives	Isoquinoline alkaloids; Protoberberine alkaloids	Tyrosine alkaloids	Alkaloids
4051789042754256385	35	0.409	97.1372	414.3008	511.438	IOYZYMQFUSNATM	Thonizide	CCCCCCCCCCCCCCCC[N+](C)(C)CCN(Cc1ccc(OC)cc1)c1ncccn1	Organic compounds	Benzenoids	Phenol ethers	Anisoles	Anisoles			
4051789042754256385	36	0.409	239.1492	414.3008	653.45	DLSXAPYFZQNLPN	Sporidesmolide_II_28401_dereplictor_pv_2.5459e-19	[H]N1C(=O)C([H])(N([H])C(=O)C([H])(OC(=O)C([H])(N(C(=O)C([H])(N([H])C(=O)C([H])(OC(=O)C1([H])C([H])([H])C([H])(C([H])([H])[H])C([H])([H])[H])C([H])(C([H])([H])[H])C([H])([H])[H])C([H])(C([H])([H])[H])C([H])([H])[H])C([H])([H])[H])C([H])([H])C([H])(C([H])([H])[H])C([H])([H])[H])C([H])(C([H])([H])[H])C([H])([H])[H])C([H])(C([H])([H])[H])C([H])([H])C([H])([H])[H]	Organic compounds	Organic acids and derivatives	Peptidomimetics	Depsipeptides	Cyclic depsipeptides	Cyclic peptides; Depsipeptides	Oligopeptides	Amino acids and Peptides; Polyketides
4051789042754256385	38	0.409	24.0392	414.3008	438.34	XYNPYHXGMWJBLV	tomatidine	OC1CCC2(C)C(CCC3C2CCC4(C)C3CC5OC6(NCC(C)CC6)C(C)C54)C1	Organic compounds	Lipids and lipid-like molecules	Steroids and steroid derivatives	Steroidal alkaloids	Spirosolanes and derivatives	Steroidal alkaloids	Pseudoalkaloids	Alkaloids; Terpenoids
4051789042754256385	39	0.5944	0.0002	414.3008	414.301	WVULKSPCQVQLCU	glycodeoxycholic acid	C[C@H](CCC(=O)NCC(=O)O)[C@H]1CCC2[C@@]1([C@H](CC3C2CC[C@H]4[C@@]3(CC[C@H](C4)O)C)O)C	Organic compounds	Lipids and lipid-like molecules	Steroids and steroid derivatives	Bile acids, alcohols and derivatives	Glycinated bile acids and derivatives	Cholane steroids	Steroids	Terpenoids
4051789042754256385	40	0.5944	0.0002	414.3008	414.301	WVULKSPCQVQLCU	glycodeoxycholic acid	C[C@H](CCC(=O)NCC(=O)O)[C@H]1CCC2[C@@]1([C@H](CC3C2CC[C@H]4[C@@]3(CC[C@H](C4)O)C)O)C	Organic compounds	Lipids and lipid-like molecules	Steroids and steroid derivatives	Bile acids, alcohols and derivatives	Glycinated bile acids and derivatives	Cholane steroids	Steroids	Terpenoids
4051789042754256385	41	0.5855	25.1808	414.3008	389.12	RIGYMJVFEJNCKD	Artemitin	O=C1C(OC)=C(OC=2C=C(OC)C(OC)=C(O)C12)C=3C=CC(OC)=C(OC)C3	Organic compounds	Phenylpropanoids and polyketides	Flavonoids	O-methylated flavonoids	7-O-methylated flavonoids	Flavonols	Flavonoids	Shikimates and Phenylpropanoids
4051789042754256385	42	0.4887	139.9692	414.3008	554.27	WNGVOVVMNRIJOX	(12bS)-7-(4-ethylphenyl)-12b-methyl-2-(3,4,5-trimethoxybenzyl)-2,3,6,7-tetrahydropyrazino[1',2':1,2]pyrido[3,4-b]indole-1,4(12H,12bH)-dione	O=C1N2CC(C3=CC=C(C=C3)CC)C=4C=5C=CC=CC5NC4C2(C(=O)N(CC6=CC(OC)=C(OC)C(OC)=C6)C1)C	Organic compounds	Organoheterocyclic compounds	Indoles and derivatives	Pyridoindoles	Beta carbolines			Alkaloids
4051789042754256385	43	0.409	59.0592	414.3008	473.36	PGOYMURMZNDHNS	Hederagenin	O=C(O)C12CCC(C)(C)CC2C3=CCC4C5(C)CCC(O)C(C)(CO)C5CCC4(C)C3(C)CC1	Organic compounds	Lipids and lipid-like molecules	Prenol lipids	Triterpenoids	Triterpenoids	Oleanane triterpenoids	Triterpenoids	Terpenoids
4051789042754256385	44	0.5528	108.9692	414.3008	523.27	JSBSVMCRQHPARV	Okaramine K_120152	C=CC(C)(C)C1=C(/C=C2NC([C@@](C[C@@]3(O)[C@]4([H])NC5=C3C=CC=C5CC=C(C)C)([H])N4C\2=O)=O)C6=CC=CC=C6N1	Organic compounds	Organoheterocyclic compounds	Indoles and derivatives	Pyrroloindoles	Pyrroloindoles	Indole diketopiperazine alkaloids (L-Trp, L-Trp)	Peptide alkaloids	Alkaloids; Amino acids and Peptides
4051789042754256385	45	0.6878	169.1148	414.3008	245.186	JWBXCSQZLLIOCI	Ile-Leu	CC[C@H](C)[C@@H](C(=O)N[C@@H](CC(C)C)C(=O)O)N	Organic compounds	Organic acids and derivatives	Carboxylic acids and derivatives	Amino acids, peptides, and analogues	Dipeptides	Dipeptides	Small peptides	Amino acids and Peptides
4051789042754256385	46	0.4887	136.4992	414.3008	550.8	MNKNQKOOKLVXDB	[Val9]-moroidin-[QLLVWRAH]	CC(C)C1C(C(NC(CC(C)C)C(NC(C(C)C)C(NC(C(NC(C(NC(C)C(NC(CC2=CN3C=N2)C(NC(C(C)C)C(O)=O)=O)=O)=O)CCCNC(N)=N)=O)CC4=C3NC5=C4C=CC1=C5)=O)=O)=O)NC(C6NC(CC6)=O)=O	Organic compounds	Organic acids and derivatives	Carboxylic acids and derivatives	Amino acids, peptides, and analogues	Oligopeptides	Cyclic peptides	Oligopeptides	Amino acids and Peptides
4051789042754256385	47	0.5944	0.0002	414.3008	414.301	WVULKSPCQVQLCU	glycodeoxycholic acid	C[C@H](CCC(=O)NCC(=O)O)[C@H]1CCC2[C@@]1([C@H](CC3C2CC[C@H]4[C@@]3(CC[C@H](C4)O)C)O)C	Organic compounds	Lipids and lipid-like molecules	Steroids and steroid derivatives	Bile acids, alcohols and derivatives	Glycinated bile acids and derivatives	Cholane steroids	Steroids	Terpenoids
4051789042754256385	48	0.5764	0.0008	414.3008	414.3	VNDCVHMWISOLKI	Smenospongiarine	[H][C@]12[C@@](CC[C@H](C)[C@@]2(C)CC3=C(O)C(C=C(NCCC(C)C)C3=O)=O)(C)C(CCC1)=C	Organic compounds	Lipids and lipid-like molecules	Prenol lipids	Quinone and hydroquinone lipids	Prenylquinones	Halimane diterpenoids	Diterpenoids	Terpenoids
356441345885270616	49	0.5575	66.1139	366.1161	432.23	OFQKTZRDRXZBON	Carneamide A	O=C([C@H](CC1=C(C(C)(C)C=C)NC2=C1C=C(C=CC(C)(C)O3)C3=C2)NC4=O)N5C4=CCC5	Organic compounds	Organoheterocyclic compounds	Benzopyrans	1-benzopyrans	2,2-dimethyl-1-benzopyrans	Indole diketopiperazine alkaloids (L-Trp, L-Pro)	Peptide alkaloids	Alkaloids; Amino acids and Peptides
356441345885270616	50	0.5535	0.0171	366.1161	366.099	CSUYWGYADBZRLF	N-(3-ethylphenyl)-2-(9-methyl-6-oxohydropurin-8-ylthio)acetamide	CCc1cccc(N=C(O)CSc2nc3c(O)ncnc3n2C)c1	Organic compounds	Organoheterocyclic compounds	Imidazopyrimidines	Purines and purine derivatives	Hypoxanthines			Alkaloids
356441345885270616	51	0.6016	90.0619	366.1161	456.178	YUKWYFAHLXHGQM	2-methoxyethyl 5-hydroxy-2-methyl-1-[2-(4-methylphenoxy)ethyl]benzo[g]indole-3 -carboxylate	COCCOC(=O)c1c(C)n(CCOc2ccc(C)cc2)c2c1cc(O)c1ccccc12	Organic compounds	Organoheterocyclic compounds	Indoles and derivatives	Indolecarboxylic acids and derivatives	Indolecarboxylic acids and derivatives	Carboline alkaloids	Tryptophan alkaloids	Alkaloids
356441345885270616	52	0.5279	39.9301	366.1161	326.186	WVVSZNPYNCNODU	(6aR,9S)-N-[(2S)-1-hydroxypropan-2-yl]-7-methyl-6,6a,8,9-tetrahydro-4H-indolo[4,3-fg]quinoline-9-carboxamide	C[C@@H](CO)NC(=O)[C@@H]1CN([C@@H]2CC3=CNC4=CC=CC(=C34)C2=C1)C	Organic compounds	Alkaloids and derivatives	Ergoline and derivatives	Lysergic acids and derivatives	Lysergamides	Ergot alkaloids	Tryptophan alkaloids	Alkaloids
356441345885270616	53	0.5573	36.8719	366.1161	402.988	WIWXESWGHSIZFN	"""1,3,6-tri-O-methylarthothelin"""	O=C1C2=C(OC3=C1C(C)=CC(OC)=C3Cl)C(Cl)=C(OC)C(Cl)=C2OC	Organic compounds	Organoheterocyclic compounds	Benzopyrans	1-benzopyrans	Xanthones	Methyl xanthones	Xanthones	Polyketides
356441345885270616	54	0.5564	92.1379	366.1161	458.254	HCEYJYMNIQHPPK	Deacetylgedunin	CC1(C)C(=O)C=C[C@@]2(C)[C@H]1C[C@@H](O)[C@]1(C)[C@@H]2CC[C@@]2(C)[C@H](c3ccoc3)OC(=O)[C@H]3O[C@]321	Organic compounds	Lipids and lipid-like molecules	Prenol lipids	Triterpenoids	Limonoids	Limonoids	Triterpenoids	Terpenoids
356441345885270616	55	0.409	353.0439	366.1161	719.16	SNKFFCBZYFGCQN	salvianolic acid B	O=C(OC(C(=O)O)CC1=CC=C(O)C(O)=C1)C=CC2=CC=C(O)C=3OC(C4=CC=C(O)C(O)=C4)C(C(=O)OC(C(=O)O)CC5=CC=C(O)C(O)=C5)C23	Organic compounds	Phenylpropanoids and polyketides	2-arylbenzofuran flavonoids		2-arylbenzofuran flavonoids	Neolignans	Lignans	Shikimates and Phenylpropanoids
356441345885270616	56	0.4837	377.0419	366.1161	743.158	BZXULYMZYPRZOG	5,7-dihydroxy-2-(3-hydroxy-4-methoxyphenyl)-3,6-dimethoxy-4H-chromen-4-one	COc(ccc(C(Oc(c(C1=O)c2O)cc(O)c2OC)=C1OC)c1)c1O	Organic compounds	Phenylpropanoids and polyketides	Flavonoids	O-methylated flavonoids	6-O-methylated flavonoids	Flavonols	Flavonoids	Shikimates and Phenylpropanoids
356441345885270616	57	0.409	93.1699	366.1161	459.286	DTPCFIHYWYONMD	Decaethylene glycol	C(COCCOCCOCCOCCOCCOCCOCCOCCOCCO)O	Organic compounds	Organic oxygen compounds	Organooxygen compounds	Ethers	Polyethylene glycols	Monoacylglycerols	Glycerolipids	Fatty acids
356441345885270616	61	0.409	655.0539	366.1161	1021.17	ILCZJAQMVSXUKH	[(2R,3R,4S,5R,6S)-3,4,5-tris(acetyloxy)-6-{[5,8-bis(acetyloxy)-1,4-dioxo-3-{[(2S,3R,4S,5R,6R)-3,4,5-tris(acetyloxy)-6-[(acetyloxy)methyl]oxan-2-yl]sulfanyl}-1,4-dihydronaphthalen-2-yl]sulfanyl}oxan-2-yl]methyl acetate	O=C(OC1=CC=C(OC(=O)C)C=2C(=O)C(SC3OC(COC(=O)C)C(OC(=O)C)C(OC(=O)C)C3OC(=O)C)=C(SC4OC(COC(=O)C)C(OC(=O)C)C(OC(=O)C)C4OC(=O)C)C(=O)C12)C	Organic compounds	Benzenoids	Naphthalenes	Naphthoquinones	Naphthoquinones			Polyketides
356441345885270616	62	0.409	269.3119	366.1161	635.428	QSLJIVKCVHQPLV	h_61_17_epioxandrolone	O=C1OC[C@@]2(C)C(CCC3C2CC[C@@]4(C)C3CC[C@@]4(C)O)C1	Organic compounds	Lipids and lipid-like molecules	Steroids and steroid derivatives	Steroid lactones	Steroid lactones	Androstane steroids	Steroids	Terpenoids
356441345885270616	63	0.3459	55.7691	366.1161	310.347	UZFYSJNBWVQZQB	(2R,6R)-2-methyl-6-pentadecylpiperidine	CCCCCCCCCCCCCCC[C@@H]1N[C@@H](C)CCC1	Organic compounds	Alkaloids and derivatives			Alkaloids and derivatives	Piperidine alkaloids	Lysine alkaloids	Alkaloids
356441345885270616	66	0.3459	48.8931	366.1161	317.223	VXCAHHWNQSZQMI	(E)-N-(1-(benzylamino)-1-oxobutan-2-yl)-N-butylbut-2-enamide	C/C=C/C(=O)N(CCCC)C(CC)C(=O)NCc1ccccc1	Organic compounds	Organic acids and derivatives	Carboxylic acids and derivatives	Amino acids, peptides, and analogues	Alpha amino acids and derivatives			Alkaloids
356441345885270616	67	0.409	339.1979	366.1161	705.314	KJAVJETZYFENNG	(6aS)-1,2,11-trimethoxy-6-methyl-5,6,6a,7-tetrahydro-4H-dibenzo[de,g]quinoline-10-ol [IIN-based on: CCMSLIB00000845813]	COC1=C(OC)C2=C3[C@H](CC4=C2C(OC)=C(O)C=C4)N(C)CCC3=C1	Organic compounds	Alkaloids and derivatives	Aporphines		Aporphines	Aporphine alkaloids; Isoquinoline alkaloids	Tyrosine alkaloids	Alkaloids
356441345885270616	69	0.5286	42.1009	366.1161	408.217	XOPVRRBQWLCQBK	2-methoxyethyl 1-(2-cyclohex-1-enylethyl)-5-hydroxy-2-methylbenzo[g]indole-3-c arboxylate	COCCOC(=O)c1c(C)n(CCC2=CCCCC2)c2c1cc(O)c1ccccc12	Organic compounds	Organoheterocyclic compounds	Indoles and derivatives	Indolecarboxylic acids and derivatives	Indolecarboxylic acids and derivatives			
356441345885270616	70	0.8304	0.0171	366.1161	366.099	KASBKUKPMQLDKO	N-(2,6-dimethylphenyl)-2-(9-methyl-6-oxohydropurin-8-ylthio)acetamide	Cc1cccc(C)c1N=C(O)CSc1nc2c(O)ncnc2n1C	Organic compounds	Organoheterocyclic compounds	Imidazopyrimidines	Purines and purine derivatives	Hypoxanthines	Purine alkaloids	Pseudoalkaloids	Alkaloids
356441345885270616	71	0.4851	67.9249	366.1161	434.041	IJSJXKCVRHBPSG	3,5-dichloro-2-(2,4-dihydroxy-6-methoxycarbonylphenoxy)-6-methoxy-4-methylbenzoic acid	COC(=O)C1=CC(O)=CC(O)=C1OC2=C(C(O)=O)C(OC)=C(Cl)C(C)=C2Cl	Organic compounds	Benzenoids	Benzene and substituted derivatives	Diphenylethers	Diphenylethers	Fungal DPEs	Diphenyl ethers (DPEs)	Polyketides
356441345885270616	72	0.409	199.2939	366.1161	565.41	HSCJRCZFDFQWRP	UDP-glucopyranoside	C1=CN(C(=O)NC1=O)C2C(C(C(O2)COP(=O)(O)OP(=O)(O)OC3C(C(C(C(O3)CO)O)O)O)O)O	Organic compounds	Nucleosides, nucleotides, and analogues	Pyrimidine nucleotides	Pyrimidine nucleotide sugars	Pyrimidine nucleotide sugars	Aminosugars	Aminosugars and aminoglycosides	Carbohydrates
356441345885270616	73	0.409	93.1639	366.1161	459.28	DTPCFIHYWYONMD	Decaethylene glycol	C(COCCOCCOCCOCCOCCOCCOCCOCCOCCO)O	Organic compounds	Organic oxygen compounds	Organooxygen compounds	Ethers	Polyethylene glycols	Monoacylglycerols	Glycerolipids	Fatty acids
356441345885270616	76	0.5546	0.0149	366.1161	366.131	TUCZCPOWNSCPMQ	(3,4-dimethoxyphenyl)-N-(3-(1,3-dioxan-2-yl)phenyl)carboxamide	COc1ccc(C(O)=Nc2cccc(C3OCCCO3)c2)cc1OC	Organic compounds	Benzenoids	Benzene and substituted derivatives	Anilides	Benzanilides			Shikimates and Phenylpropanoids
356441345885270616	77	0.5292	20.0799	366.1161	386.196	FRSRMZNTUGSNRW	BML00360 (1,2,9,10-tetramethoxy-6-methyl-5,6,6a,7-tetrahydro-4H-dibenzo[de,g]quinolin-3-yl)methanol	CN1CCC2=C(C(=C(C3=C2C1CC4=CC(=C(C=C43)OC)OC)OC)OC)CO	Organic compounds	Alkaloids and derivatives	Aporphines		Aporphines	Aporphine alkaloids; Isoquinoline alkaloids	Tyrosine alkaloids	Alkaloids
356441345885270616	78	0.409	144.0129	366.1161	510.129	GTHXFJCXRJXGSN	methyl 1-[(4-chlorophenyl)methyl]-5-(methoxycarbonyl)-4-(3,4,5-trimethoxypheny l)-1,4-dihydropyridine-3-carboxylate	COC(=O)C1=CN(Cc2ccc(Cl)cc2)C=C(C(=O)OC)C1c1cc(OC)c(OC)c(OC)c1	Organic compounds	Organoheterocyclic compounds	Pyridines and derivatives	Hydropyridines	Dihydropyridinecarboxylic acids and derivatives	Isoquinoline alkaloids	Tyrosine alkaloids	Alkaloids
356441345885270616	79	0.4887	96.1119	366.1161	462.228	BTFLTTRLLLELLS	2-methoxyethyl 5-hydroxy-2-methyl-1-[2-(4-propylphenoxy)ethyl]benzo[g]indole-3 -carboxylate	CCCc1ccc(OCCn2c(C)c(C(=O)OCCOC)c3cc(O)c4ccccc4c32)cc1	Organic compounds	Organoheterocyclic compounds	Indoles and derivatives	Indolecarboxylic acids and derivatives	Indolecarboxylic acids and derivatives			
356441345885270616	80	0.546	25.9661	366.1161	340.15	YJWBWQWUHVXPNC	D-Dicentrine	O(C=1C=C2C=3C=4OCOC4C=C5C3C(N(C)CC5)CC2=CC1OC)C	Organic compounds	Alkaloids and derivatives	Aporphines		Aporphines	Aporphine alkaloids; Isoquinoline alkaloids	Tyrosine alkaloids	Alkaloids
356441345885270616	81	0.5273	41.0441	366.1161	325.072	UTSVPXMQSFGQTM	Sterigmatocystin	COC1=C2C(=C3[C@@H]4C=CO[C@@H]4OC3=C1)OC5=CC=CC(=C5C2=O)O	Organic compounds	Phenylpropanoids and polyketides	Sterigmatocystins		Sterigmatocystins	Aflatoxins; Methyl xanthones	Chromanes; Xanthones	Polyketides
356441345885270616	82	0.409	183.2339	366.1161	549.35	RWIALJIVPUCERT	Dehydropachymic acid	O=C(OC1CCC2(C3=CCC4(C)C(C(O)CC4(C3=CCC2C1(C)C)C)C(C(=O)O)CCC(=C)C(C)C)C)C	Organic compounds	Lipids and lipid-like molecules	Prenol lipids	Triterpenoids	Triterpenoids	Lanostane, Tirucallane and Euphane triterpenoids	Triterpenoids	Terpenoids
356441345885270616	83	0.4887	249.8839	366.1161	616.0	HYNRGMFOPBCTJM	GalNAc-beta-1-4GlcNAc-beta-1-2GA (GA; glycolaldehyde)	O=CCOC(O1)C(NC(C)=O)C(O)C(OC(O2)C(NC(C)=O)C(O)C(O)C(CO)2)C(CO)1	Organic compounds	Organic oxygen compounds	Organooxygen compounds	Carbohydrates and carbohydrate conjugates	N-acyl-alpha-hexosamines	Aminosugars	Aminosugars and aminoglycosides	Carbohydrates
356441345885270616	84	0.5279	79.0691	366.1161	287.047	AXTXAKVFCNXMHV	3-(3-chlorophenyl)-6-hydroxy-4-methylchromen-2-one	Cc1c(-c2cccc(Cl)c2)c(=O)oc2ccc(O)cc12	Organic compounds	Phenylpropanoids and polyketides	Isoflavonoids	Hydroxyisoflavonoids	Hydroxyisoflavonoids	Simple coumarins	Coumarins	Shikimates and Phenylpropanoids
356441345885270616	85	0.3459	36.9171	366.1161	329.199	JEAKQFBLRLFHPL	Decyltyrazolone	OC1=CC=C(C=C1)/C=C(C2=O)\N=C(O2)CCCCCCCCCC	Organic compounds	Organic acids and derivatives	Carboxylic acids and derivatives	Amino acids, peptides, and analogues	Alpha amino acids and derivatives	Catechols with side chains	Aromatic polyketides	Polyketides
356441345885270616	86	0.409	549.0749	366.1161	915.191	GGOOLELBJVBBGP	phenylalanyl CoA	O=C(SCCNC(CCNC(C(C(C)(C)COP(OP(OCC1C(OP(O)(O)=O)C(O)C(N2C(N=CN=C3N)=C3N=C2)O1)(O)=O)(O)=O)O)=O)=O)C(N)CC4=CC=CC=C4	Organic compounds	Lipids and lipid-like molecules	Fatty Acyls	Fatty acyl thioesters	Acyl CoAs	Fatty acyl CoAs	Fatty esters	Fatty acids
356441345885270616	88	0.409	86.9659	366.1161	453.082	JGZOXTSCOZGQNQ	[6-methoxy-2-oxo-3-(2-oxochromen-7-yl)oxychromen-7-yl] acetate [(M+CH3COOH)-H]-	COc1cc2cc(Oc3ccc4ccc(=O)oc4c3)c(=O)oc2cc1OC(C)=O	Organic compounds	Phenylpropanoids and polyketides	Coumarins and derivatives		Coumarins and derivatives	Simple coumarins	Coumarins	Shikimates and Phenylpropanoids
356441345885270616	89	0.4096	316.3499	366.1161	682.466	KMROBKXFMBWHHE	MK_1688_31142_dereplictor_pv_7.49509e-12	[H]C([H])([H])N1C(=O)C([H])(OC(=O)C([H])(N(C(=O)C([H])(OC(=O)C([H])(N(C(=O)C([H])(OC(=O)C1([H])C([H])(C([H])([H])[H])C([H])([H])[H])C([H])(C([H])([H])[H])C([H])([H])C([H])([H])[H])C([H])([H])[H])C([H])(C([H])([H])[H])C([H])([H])[H])C([H])(C([H])([H])[H])C([H])([H])C([H])([H])[H])C([H])([H])[H])C([H])(C([H])([H])[H])C([H])([H])[H])C([H])(C([H])([H])[H])C([H])([H])C([H])([H])[H]	Organic compounds	Organic acids and derivatives	Peptidomimetics	Depsipeptides	Cyclic depsipeptides	Cyclic peptides; Depsipeptides	Oligopeptides	Amino acids and Peptides; Polyketides
356441345885270616	90	0.409	441.3739	366.1161	807.49	RWXIFXNRCLMQCD	Ginsenoside Rg3	OCC1OC(OC2C(O)C(O)C(OC2OC3CCC4(C)C(CCC5(C)C4CC(O)C6C(CCC65C)C(O)(C)CCC=C(C)C)C3(C)C)CO)C(O)C(O)C1O	Organic compounds	Lipids and lipid-like molecules	Prenol lipids	Terpene glycosides	Triterpene saponins	Dammarane and Protostane triterpenoids	Triterpenoids	Terpenoids
356441345885270616	91	0.6294	67.9009	366.1161	434.017	KNTBYRLZKNFFCS	ethyl 2-amino-4-(2,6-dichlorophenyl)-6-(hydroxymethyl)-8-oxo-4H-pyrano[3,2-b]p yran-3-carboxylate	CCOC(=O)C1=C(N)Oc2c(oc(CO)cc2=O)C1c1c(Cl)cccc1Cl	Organic compounds	Benzenoids	Benzene and substituted derivatives	Halobenzenes	Dichlorobenzenes			
356441345885270616	95	0.6292	82.0959	366.1161	448.212	WTYXMXSOPPQWBK	2-methoxyethyl 1-[2-(4-ethylphenoxy)ethyl]-5-hydroxy-2-methylbenzo[g]indole-3- carboxylate	CCc1ccc(OCCn2c(C)c(C(=O)OCCOC)c3cc(O)c4ccccc4c32)cc1	Organic compounds	Organoheterocyclic compounds	Indoles and derivatives	Indolecarboxylic acids and derivatives	Indolecarboxylic acids and derivatives			
356441345885270616	97	0.5545	0.0171	366.1161	366.099	KASBKUKPMQLDKO	N-(2,6-dimethylphenyl)-2-(9-methyl-6-oxohydropurin-8-ylthio)acetamide	Cc1cccc(C)c1N=C(O)CSc1nc2c(O)ncnc2n1C	Organic compounds	Organoheterocyclic compounds	Imidazopyrimidines	Purines and purine derivatives	Hypoxanthines	Purine alkaloids	Pseudoalkaloids	Alkaloids
356441345885270616	98	0.409	281.1359	366.1161	647.252	KJCQZBUNNXWJCE	3-{4-[(7-hydroxy-6-methoxy-2-methyl-1,2,3,4-tetrahydroisoquinolin-1-yl)methyl]phenoxy}-10',11'-dimethoxy-5'-methyl-5'-azaspiro[cyclohexane-1,2'-tricyclo[6.3.1.0?,]dodecane]-1'(12'),2,5,8',10'-pentaen-4-one	CN(CC1)C(CC(C=CC2=O)(C=C2Oc2ccc(CC3N(C)CCc(cc4OC)c3cc4O)cc2)c2c3OC)c2c1cc3OC	Organic compounds	Alkaloids and derivatives	Proaporphines		Proaporphines	Isoquinoline alkaloids	Tyrosine alkaloids	Alkaloids
356441345885270616	99	0.409	603.4239	366.1161	969.54	PWAOOJDMFUQOKB	Ginsenoside Re	OCC1OC(OC2CC3(C)C(CC(O)C4C(CCC43C)C(OC5OC(CO)C(O)C(O)C5O)(C)CCC=C(C)C)C6(C)CCC(O)C(C)(C)C26)C(OC7OC(C)C(O)C(O)C7O)C(O)C1O	Organic compounds	Lipids and lipid-like molecules	Prenol lipids	Terpene glycosides	Triterpene saponins	Dammarane and Protostane triterpenoids	Triterpenoids	Terpenoids
356441345885270616	100	0.5535	11.1051	366.1161	355.011	ZPLILIOXZHNNLY	"""2,4-Dichlorolichexanthone"""	O=C1C2=C(C=C(C=C2C)OC)OC3=C1C(O)=C(C(OC)=C3Cl)Cl	Organic compounds	Organoheterocyclic compounds	Benzopyrans	1-benzopyrans	Xanthones	Methyl xanthones	Xanthones	Polyketides
356441345885270616	103	0.409	100.0459	366.1161	466.162	DQCPQSBZPWAWPX	N-[(2-hydroxynaphthyl)phenylmethyl](3,4,5-trimethoxyphenyl)carboxamide	COc1cc(C(O)=NC(c2ccccc2)c2c(O)ccc3ccccc23)cc(OC)c1OC	Organic compounds	Benzenoids	Benzene and substituted derivatives	Benzoic acids and derivatives	N-benzylbenzamides			Shikimates and Phenylpropanoids
7939233295536706460	104	0.5694	0.0007	472.3037	472.303	WVULKSPCQVQLCU	glycodeoxycholic acid	C[C@H](CCC(=O)NCC(=O)O)[C@H]1CCC2[C@@]1([C@H](CC3C2CC[C@H]4[C@@]3(CC[C@H](C4)O)C)O)C	Organic compounds	Lipids and lipid-like molecules	Steroids and steroid derivatives	Bile acids, alcohols and derivatives	Glycinated bile acids and derivatives	Cholane steroids	Steroids	Terpenoids
7939233295536706460	105	0.409	17.2137	472.3037	455.09	KIZBWUUJNJEYCM	Aloe-emodin-8-O-beta-D-glucopyranoside	O=C1C=2C=CC=C(OC3OC(CO)C(O)C(O)C3O)C2C(=O)C4=C(O)C=C(C=C14)CO	Organic compounds	Benzenoids	Anthracenes	Anthraquinones	Anthraquinones	Anthraquinones and anthrones	Polycyclic aromatic polyketides	Polyketides
7939233295536706460	106	0.4887	270.8553	472.3037	743.159	XUWTZJRCCPNNJR	5,7-dihydroxy-2-(4-hydroxy-3-methoxyphenyl)-3,6-dimethoxychromen-4-one [IIN-based on: CCMSLIB00000848426]	COC1=C(O)C=CC(=C1)C2=C(OC)C(=O)C3=C(O2)C=C(O)C(OC)=C3O	Organic compounds	Phenylpropanoids and polyketides	Flavonoids	O-methylated flavonoids	6-O-methylated flavonoids	Flavonols	Flavonoids	Shikimates and Phenylpropanoids
7939233295536706460	107	0.5317	227.1227	472.3037	245.181	JWBXCSQZLLIOCI	Ile-Leu	CC[C@H](C)[C@@H](C(=O)N[C@@H](CC(C)C)C(=O)O)N	Organic compounds	Organic acids and derivatives	Carboxylic acids and derivatives	Amino acids, peptides, and analogues	Dipeptides	Dipeptides	Small peptides	Amino acids and Peptides
7939233295536706460	108	0.6337	87.0163	472.3037	559.32	YDEXBRFCPBEZRK	[Gln1-Val9]-moroidin-[QLLVWRAH]	NC(C(NC(C(NC(CC(C)C)C(NC(C(C)C)C(NC(C(NC(C(NC(C)C(NC(CC1=CN2C=N1)C(NC(C(C)C)C(O)=O)=O)=O)=O)CCCNC(N)=N)=O)CC3=C2NC4=C3C=CC5=C4)=O)=O)=O)C5C(C)C)=O)CCC(N)=O	Organic compounds	Organic acids and derivatives	Carboxylic acids and derivatives	Amino acids, peptides, and analogues	Oligopeptides	Cyclic peptides	Oligopeptides	Amino acids and Peptides
7939233295536706460	109	0.3459	142.1337	472.3037	330.17	BOVXJVBRSGHPBH	N-[2-(3,4-dimethoxyphenyl)ethyl]-2-(4-methylphenoxy)acetamide	COc1ccc(CCN=C(O)COc2ccc(C)cc2)cc1OC	Organic compounds	Benzenoids	Benzene and substituted derivatives	Methoxybenzenes	Dimethoxybenzenes			
7939233295536706460	110	0.5787	9.1837	472.3037	463.12	DLVLXOYLQKCAME	Swertiajaponin	O=C1C=C(OC=2C=C(OC)C(=C(O)C12)C3OC(CO)C(O)C(O)C3O)C=4C=CC(O)=C(O)C4	Organic compounds	Phenylpropanoids and polyketides	Flavonoids	Flavonoid glycosides	Flavonoid C-glycosides	Flavones	Flavonoids	Shikimates and Phenylpropanoids
7939233295536706460	111	0.409	337.0273	472.3037	809.331	GTTBEUCJPZQMDZ	ErlotinibHCl	COCCOC1=C(C=C2C(=C1)C(=NC=N2)NC3=CC=CC(=C3)C#C)OCCOC.Cl	Organic compounds	Organoheterocyclic compounds	Diazanaphthalenes	Benzodiazines	Quinazolinamines			
7939233295536706460	115	0.5832	83.1837	472.3037	389.12	RIGYMJVFEJNCKD	Artemitin	O=C1C(OC)=C(OC=2C=C(OC)C(OC)=C(O)C12)C=3C=CC(OC)=C(OC)C3	Organic compounds	Phenylpropanoids and polyketides	Flavonoids	O-methylated flavonoids	7-O-methylated flavonoids	Flavonols	Flavonoids	Shikimates and Phenylpropanoids
7939233295536706460	120	0.409	104.9543	472.3037	577.258	HVJGNAHENNXYLP	Adenosine amine congener	NCCNC(=O)Cc1cccc(NC(=O)Cc2ccc(Nc3ncnc4n(cnc34)[C@@H]5O[C@H](CO)[C@@H](O)[C@H]5O)cc2)c1	Organic compounds	Nucleosides, nucleotides, and analogues	Purine nucleosides		Purine nucleosides	Purine nucleos(t)ides	Nucleosides	Carbohydrates
7939233295536706460	121	0.3459	163.9727	472.3037	308.331	MQXBADSGHYCSEG	(2R,6S)-2-methyl-6-[(3Z)-pentadec-3-en-1-yl]piperidine	CCCCCCCCCCC/C=C\CC[C@@H]1N[C@@H](C)CCC1	Organic compounds	Alkaloids and derivatives			Alkaloids and derivatives	Piperidine alkaloids	Lysine alkaloids	Alkaloids
7939233295536706460	122	0.5694	0.0007	472.3037	472.303	WVULKSPCQVQLCU	glycodeoxycholic acid	C[C@H](CCC(=O)NCC(=O)O)[C@H]1CCC2[C@@]1([C@H](CC3C2CC[C@H]4[C@@]3(CC[C@H](C4)O)C)O)C	Organic compounds	Lipids and lipid-like molecules	Steroids and steroid derivatives	Bile acids, alcohols and derivatives	Glycinated bile acids and derivatives	Cholane steroids	Steroids	Terpenoids
7939233295536706460	126	0.5554	227.1167	472.3037	245.187	BCVIOZZGJNOEQS	Isoleucylleucine	O=C(O)C(NC(=O)C(N)C(C)CC)C(C)CC	Organic compounds	Organic acids and derivatives	Carboxylic acids and derivatives	Amino acids, peptides, and analogues	Dipeptides	Dipeptides	Small peptides	Amino acids and Peptides
7939233295536706460	127	0.5554	227.1177	472.3037	245.186	JWBXCSQZLLIOCI	Ile-Leu	CC[C@H](C)[C@@H](C(=O)N[C@@H](CC(C)C)C(=O)O)N	Organic compounds	Organic acids and derivatives	Carboxylic acids and derivatives	Amino acids, peptides, and analogues	Dipeptides	Dipeptides	Small peptides	Amino acids and Peptides
7939233295536706460	128	0.409	93.9503	472.3037	566.254	NIBCDDKWFDEBEP	3-ethyl-5-[5-(4-ethylpiperazin-1-yl)sulfonyl-2-propoxyphenyl]-2-(pyridin-2-ylmethyl)-4H-pyrazolo[4,3-d]pyrimidin-7-one	CCCOC1=C(C=C(C=C1)S(=O)(=O)N1CCN(CC)CC1)C1=NC2=C(CC)N(CC3=CC=CC=N3)N=C2C(=O)N1	Organic compounds	Benzenoids	Benzene and substituted derivatives	Benzenesulfonamides	Benzenesulfonamides			Alkaloids
7939233295536706460	130	0.4887	65.8133	472.3037	538.117	VDZRDUZGHBQIFJ	2-{7-[(2-fluorophenyl)methyl]-1,3-dimethyl-2,6-dioxo(1,3,7-trihydropurin-8-ylt hio)}-N-[4-(trifluoromethoxy)phenyl]acetamide	Cn1c(=O)c2c(nc(SCC(=O)Nc3ccc(OC(F)(F)F)cc3)n2Cc2ccccc2F)n(C)c1=O	Organic compounds	Organoheterocyclic compounds	Imidazopyrimidines	Purines and purine derivatives	Xanthines	Purine alkaloids	Pseudoalkaloids	Alkaloids
7939233295536706460	131	0.409	241.9563	472.3037	714.26	UORKJWHZGSSNRL	methyl 3-(6-((6,7-dimethoxy-1-(3,4,5-trimethoxyphenyl)-3,4-dihydroisoquinolin-2(1H)-yl)methyl)-3-hydroxy-4-oxo-4H-pyran-2-yl)-3-(4-oxo-4H-chromen-3-yl)propanoate	O=C(OC)CC(C=1OC(=CC(=O)C1O)CN2CCC3=CC(OC)=C(OC)C=C3C2C4=CC(OC)=C(OC)C(OC)=C4)C5=COC=6C=CC=CC6C5=O	Organic compounds	Organoheterocyclic compounds	Tetrahydroisoquinolines	1-phenyltetrahydroisoquinolines	1-phenyltetrahydroisoquinolines			
7939233295536706460	134	0.5673	0.0007	472.3037	472.303	GHCZAUBVMUEKKP	GLYCOCHENODEOXYCHOLATE	CC(CCC(=O)NCC(=O)O)C1CCC2C1(CCC3C2C(CC4C3(CCC(C4)O)C)O)C	Organic compounds	Lipids and lipid-like molecules	Steroids and steroid derivatives	Bile acids, alcohols and derivatives	Glycinated bile acids and derivatives	Cholane steroids; Cholestane steroids	Steroids	Terpenoids
7939233295536706460	136	0.5554	227.1167	472.3037	245.187	BCVIOZZGJNOEQS	Isoleucylleucine	O=C(O)C(NC(=O)C(N)C(C)CC)C(C)CC	Organic compounds	Organic acids and derivatives	Carboxylic acids and derivatives	Amino acids, peptides, and analogues	Dipeptides	Dipeptides	Small peptides	Amino acids and Peptides
7939233295536706460	137	0.7477	50.4663	472.3037	522.77	WQXYZFYVRBCEOE	Amaranthipeptide B	O=C1CC[C@@H](C(N[C@H](C(N[C@@H](CC(C)C)C(N[C@@H](C(C)C)C(N[C@@](C(N[C@H](C(N[C@@H](CC(N)=O)C(N[C@@H](CC2=CN3C=N2)C(O)=O)=O)=O)CCCNC(N)=N)=O)([H])CC4=C3NC5=C4C=CC6=C5)=O)=O)=O)[C@@H]6C(C)C)=O)N1	Organic compounds	Organic acids and derivatives	Carboxylic acids and derivatives	Amino acids, peptides, and analogues	Oligopeptides	Cyclic peptides	Oligopeptides	Amino acids and Peptides
7939233295536706460	138	0.4887	138.9363	472.3037	611.24	ORGVYSONNBFESV	(R)-3-(3,4-dihydro-2H-benzo[b][1,4]dioxepin-7-yl)-2-methyl-4-oxo-4H-chromen-7-yl 2-((tert-butoxycarbonyl)amino)-3-(1H-indol-3-yl)propanoate	O=C(OC(C)(C)C)NC(C(=O)OC1=CC=C2C(=O)C(C=3C=CC=4OCCCOC4C3)=C(OC2=C1)C)CC5=CNC=6C=CC=CC65	Organic compounds	Phenylpropanoids and polyketides	Isoflavonoids	Isoflav-2-enes	Isoflavones			
7939233295536706460	140	0.5515	340.1403	472.3037	812.444	PVURPIBDNQIDSO	Beauvericin-B_38768_dereplictor_pv_3.35364e-16	[H]C1=C([H])C([H])=C(C([H])=C1[H])C([H])([H])C1([H])N(C(=O)C([H])(OC(=O)C([H])(N(C(=O)C([H])(OC(=O)C([H])(N(C(=O)C([H])(OC1=O)C([H])(C([H])([H])[H])C([H])([H])C([H])([H])[H])C([H])([H])[H])C([H])([H])C1=C([H])C([H])=C([H])C([H])=C1[H])C([H])(C([H])([H])[H])C([H])([H])C([H])([H])[H])C([H])([H])[H])C([H])([H])C1=C([H])C([H])=C([H])C([H])=C1[H])C([H])(C([H])([H])[H])C([H])([H])[H])C([H])([H])[H]	Organic compounds	Organic acids and derivatives	Peptidomimetics	Depsipeptides	Cyclic depsipeptides	Cyclic peptides; Depsipeptides	Oligopeptides	Amino acids and Peptides; Polyketides
7939233295536706460	141	0.5782	0.0007	472.3037	472.303	WVULKSPCQVQLCU	glycodeoxycholic acid	C[C@H](CCC(=O)NCC(=O)O)[C@H]1CCC2[C@@]1([C@H](CC3C2CC[C@H]4[C@@]3(CC[C@H](C4)O)C)O)C	Organic compounds	Lipids and lipid-like molecules	Steroids and steroid derivatives	Bile acids, alcohols and derivatives	Glycinated bile acids and derivatives	Cholane steroids	Steroids	Terpenoids
7939233295536706460	142	0.7499	0.0007	472.3037	472.303	GHCZAUBVMUEKKP	GLYCOCHENODEOXYCHOLATE	CC(CCC(=O)NCC(=O)O)C1CCC2C1(CCC3C2C(CC4C3(CCC(C4)O)C)O)C	Organic compounds	Lipids and lipid-like molecules	Steroids and steroid derivatives	Bile acids, alcohols and derivatives	Glycinated bile acids and derivatives	Cholane steroids; Cholestane steroids	Steroids	Terpenoids
7939233295536706460	147	0.6068	414.9363	472.3037	887.24	YQNZQGYHBNTVJA	(7S,9E,11S,12R,13S,14S,15S,16R,17S,18S,19E,21Z)-26-[(4-bromophenyl)amino]-2,15,17-trihydroxy-11-methoxy-3,7,12,14,16,18,22-heptamethyl-6,23,27,29-tetraoxo-8,30-dioxa-24-azatetracyclo[23.3.1.1^{4,7}.0^{5,28}]triaconta-1,3,5(28),9,19,21,25-heptaen-13-yl...	O=C(OC1C(C)C(OC)C=COC2(OC3=C(C2=O)C=4C(=O)C(NC5=CC=C(Br)C=C5)=C(NC(=O)C(=CC=CC(C)C(O)C(C)C(O)C1C)C)C(=O)C4C(O)=C3C)C)C	Organic compounds	Phenylpropanoids and polyketides	Macrolactams		Macrolactams	Ansa macrolides	Macrolides	Polyketides
7939233295536706460	149	0.3459	163.9727	472.3037	308.331	MQXBADSGHYCSEG	(2R,6S)-2-methyl-6-[(3Z)-pentadec-3-en-1-yl]piperidine	CCCCCCCCCCC/C=C\CC[C@@H]1N[C@@H](C)CCC1	Organic compounds	Alkaloids and derivatives			Alkaloids and derivatives	Piperidine alkaloids	Lysine alkaloids	Alkaloids
7939233295536706460	150	0.5773	0.0007	472.3037	472.303	WVULKSPCQVQLCU	glycodeoxycholic acid	C[C@H](CCC(=O)NCC(=O)O)[C@H]1CCC2[C@@]1([C@H](CC3C2CC[C@H]4[C@@]3(CC[C@H](C4)O)C)O)C	Organic compounds	Lipids and lipid-like molecules	Steroids and steroid derivatives	Bile acids, alcohols and derivatives	Glycinated bile acids and derivatives	Cholane steroids	Steroids	Terpenoids
7939233295536706460	151	0.5826	0.0007	472.3037	472.303	WVULKSPCQVQLCU	glycodeoxycholic acid	C[C@H](CCC(=O)NCC(=O)O)[C@H]1CCC2[C@@]1([C@H](CC3C2CC[C@H]4[C@@]3(CC[C@H](C4)O)C)O)C	Organic compounds	Lipids and lipid-like molecules	Steroids and steroid derivatives	Bile acids, alcohols and derivatives	Glycinated bile acids and derivatives	Cholane steroids	Steroids	Terpenoids
7939233295536706460	152	0.5773	0.0007	472.3037	472.303	WVULKSPCQVQLCU	glycodeoxycholic acid	C[C@H](CCC(=O)NCC(=O)O)[C@H]1CCC2[C@@]1([C@H](CC3C2CC[C@H]4[C@@]3(CC[C@H](C4)O)C)O)C	Organic compounds	Lipids and lipid-like molecules	Steroids and steroid derivatives	Bile acids, alcohols and derivatives	Glycinated bile acids and derivatives	Cholane steroids	Steroids	Terpenoids
7939233295536706460	157	0.409	152.9763	472.3037	625.28	YTWLZXBVJMNCIR	2-((7-acetamido-1,2,3-trimethoxy-9-oxo-5,6,7,9-tetrahydrobenzo[a]heptalen-10-yl)amino)-N-(3-isopropyl-1H-1,2,4-triazol-5-yl)-4-(methylthio)butanamide	O=C1C=C2C(=CC=C1NC(C(=O)NC3=NC(=NN3)C(C)C)CCSC)C4=C(OC)C(OC)=C(OC)C=C4CCC2NC(=O)C	Organic compounds	Organic acids and derivatives	Carboxylic acids and derivatives	Amino acids, peptides, and analogues	Methionine and derivatives	Phenethylisoquinoline alkaloids	Tyrosine alkaloids	Alkaloids
7939233295536706460	159	0.4887	29.9063	472.3037	502.21	USBNGWDZCBSOIE	N-(6-ethyl-2-methylphenyl)-2-[2-oxo-4-(2-1,2,3,4-tetrahydroisoquinolylcarbonyl )hydroquinolyl]acetamide	CCc1cccc(C)c1N=C(O)Cn1c(=O)cc(C(=O)N2CCc3ccccc3C2)c2ccccc21	Organic compounds	Organoheterocyclic compounds	Quinolines and derivatives	Quinoline carboxamides	Quinoline carboxamides			Alkaloids
7939233295536706460	160	0.6788	0.0007	472.3037	472.303	GHCZAUBVMUEKKP	GLYCOCHENODEOXYCHOLATE	CC(CCC(=O)NCC(=O)O)C1CCC2C1(CCC3C2C(CC4C3(CCC(C4)O)C)O)C	Organic compounds	Lipids and lipid-like molecules	Steroids and steroid derivatives	Bile acids, alcohols and derivatives	Glycinated bile acids and derivatives	Cholane steroids; Cholestane steroids	Steroids	Terpenoids
7939233295536706460	161	0.6092	427.0663	472.3037	899.37	HMKFAVZUWUBUOL	(7S,9E,11S,12S,13S,14S,15S,16R,17S,18S,19E,21Z)-13,15,17-trihydroxy-11-methoxy-3,7,12,14,16,18,22-heptamethyl-26-[(4-methylphenyl)amino]-6,23,27,29-tetraoxo-8,30-dioxa-24-azatetracyclo[23.3.1.1^{4,7}.0^{5,28}]triaconta-1,3,5(28),9,19,21,25-heptaen-2-y...	O=C(OC=1C=2C(=O)C=3NC(=O)C(=CC=CC(C)C(O)C(C)C(O)C(C)C(O)C(C)C(OC)C=COC4(OC(=C(C4=O)C2C(=O)C3NC5=CC=C(C=C5)C)C1C)C)C)C6=CC=C(C=C6)C	Organic compounds	Phenylpropanoids and polyketides	Macrolactams		Macrolactams	Ansa macrolides	Macrolides	Polyketides
17903984336110858254	163	0.5901	0.0008	160.0362	160.037	WWNNZCOKKKDOPX	TRIGONELLINE	C[n+]1cccc(C(=O)[O-])c1	Organic compounds	Alkaloids and derivatives			Alkaloids and derivatives			
17903984336110858254	164	0.5901	0.0008	160.0362	160.037	WWNNZCOKKKDOPX	TRIGONELLINE	C[n+]1cccc(C(=O)[O-])c1	Organic compounds	Alkaloids and derivatives			Alkaloids and derivatives			
17903984336110858254	166	0.409	1306.9638	160.0362	1467.0	WYUKJASPBYYQRJ	GlcNAc-beta-1-2Man-alpha-1-6(GlcNAc-beta-1-2Man-alpha-1-3)Man-beta-1-4GlcNAc-beta-1-4GlcNAc	CC(=O)NC(C(O)1)C(OC(C(OC(C(O)5)C(O)C(OC(COC(O6)C(OC(C(NC(C)=O)7)OC(CO)C(C(O)7)O)C(C(C6CO)O)O)5)OC(C4O)C(CO)OC(C4NC(C)=O)OC(C3O)C(OC(O)C3NC(C)=O)CO)2)C(C(O)C(CO)O2)O)OC(CO)C1O	Organic compounds	Organic oxygen compounds	Organooxygen compounds	Carbohydrates and carbohydrate conjugates	Acylaminosugars	Polysaccharides	Saccharides	Carbohydrates
17903984336110858254	168	0.5286	31.0828	160.0362	191.119	DYOZWAJOUTVNAF	Nomega-Methyl-5-hydroxy-trypt-amine oxalate salt	CNCCc1c[nH]c2ccc(O)cc12.OC(=O)C(=O)O	Organic compounds	Organoheterocyclic compounds	Indoles and derivatives	Tryptamines and derivatives	Serotonins	Aminoacids; Simple indole alkaloids	Tryptophan alkaloids; Small peptides	Alkaloids; Amino acids and Peptides
17903984336110858254	169	0.5901	0.0008	160.0362	160.037	WWNNZCOKKKDOPX	TRIGONELLINE	C[N+]1=CC(=CC=C1)C([O-])=O	Organic compounds	Alkaloids and derivatives			Alkaloids and derivatives			
17903984336110858254	172	0.5901	0.0008	160.0362	160.037	WWNNZCOKKKDOPX	TRIGONELLINE	C[N+]1=CC(=CC=C1)C([O-])=O	Organic compounds	Alkaloids and derivatives			Alkaloids and derivatives			
17903984336110858254	175	0.5901	0.0008	160.0362	160.037	WWNNZCOKKKDOPX	TRIGONELLINE	C[n+]1cccc(C(=O)[O-])c1	Organic compounds	Alkaloids and derivatives			Alkaloids and derivatives			
17903984336110858254	185	0.5901	0.0008	160.0362	160.037	WWNNZCOKKKDOPX	TRIGONELLINE	C[n+]1cccc(C(=O)[O-])c1	Organic compounds	Alkaloids and derivatives			Alkaloids and derivatives			
17903984336110858254	186	0.5901	0.0008	160.0362	160.037	WWNNZCOKKKDOPX	TRIGONELLINE	C[n+]1cccc(C(=O)[O-])c1	Organic compounds	Alkaloids and derivatives			Alkaloids and derivatives			
17903984336110858254	188	0.5901	0.0008	160.0362	160.037	WWNNZCOKKKDOPX	TRIGONELLINE	C[N+]1=CC(=CC=C1)C([O-])=O	Organic compounds	Alkaloids and derivatives			Alkaloids and derivatives			
17903984336110858254	189	0.5901	0.0008	160.0362	160.037	WWNNZCOKKKDOPX	TRIGONELLINE	C[N+]1=CC(=CC=C1)C([O-])=O	Organic compounds	Alkaloids and derivatives			Alkaloids and derivatives			
17903984336110858254	191	0.5901	0.0008	160.0362	160.037	WWNNZCOKKKDOPX	TRIGONELLINE	C[n+]1cccc(C(=O)[O-])c1	Organic compounds	Alkaloids and derivatives			Alkaloids and derivatives			
17903984336110858254	193	0.301	31.0668	160.0362	191.103	GMKMEZVLHJARHF	"""2,6-DIAMINOHEPTANEDIOIC ACID"""	C(C[C@@H](C(=O)O)N)C[C@@H](C(=O)O)N	Organic compounds	Organic acids and derivatives	Carboxylic acids and derivatives	Amino acids, peptides, and analogues	L-alpha-amino acids	Aminoacids	Small peptides	Amino acids and Peptides
17903984336110858254	195	0.5901	0.0008	160.0362	160.037	WWNNZCOKKKDOPX	TRIGONELLINE	C[N+]1=CC(=CC=C1)C([O-])=O	Organic compounds	Alkaloids and derivatives			Alkaloids and derivatives			
17903984336110858254	196	0.5911	0.0008	160.0362	160.037	WWNNZCOKKKDOPX	TRIGONELLINE	C[N+]1=CC(=CC=C1)C([O-])=O	Organic compounds	Alkaloids and derivatives			Alkaloids and derivatives			
17903984336110858254	197	0.5901	0.0008	160.0362	160.037	WWNNZCOKKKDOPX	TRIGONELLINE	C[N+]1=CC(=CC=C1)C([O-])=O	Organic compounds	Alkaloids and derivatives			Alkaloids and derivatives			
17903984336110858254	200	0.5901	0.0008	160.0362	160.037	WWNNZCOKKKDOPX	TRIGONELLINE	C[N+]1=CC(=CC=C1)C([O-])=O	Organic compounds	Alkaloids and derivatives			Alkaloids and derivatives			
17903984336110858254	201	0.5901	0.0008	160.0362	160.037	WWNNZCOKKKDOPX	TRIGONELLINE	C[N+]1=CC(=CC=C1)C([O-])=O	Organic compounds	Alkaloids and derivatives			Alkaloids and derivatives			
17903984336110858254	206	0.3057	110.2788	160.0362	270.315	REYJJPSVUYRZGE	1-Octadecanamine	CCCCCCCCCCCCCCCCCCN	Organic compounds	Organic nitrogen compounds	Organonitrogen compounds	Amines	Monoalkylamines	Hydrocarbons	Fatty acyls	Fatty acids
17903984336110858254	207	0.5911	0.0008	160.0362	160.037	WWNNZCOKKKDOPX	TRIGONELLINE	C[N+]1=CC(=CC=C1)C([O-])=O	Organic compounds	Alkaloids and derivatives			Alkaloids and derivatives			
17903984336110858254	213	0.3041	71.0162	160.0362	89.02	LCTONWCANYUPML	Pyruvic acid	O=C(O)C(=O)C	Organic compounds	Organic acids and derivatives	Keto acids and derivatives	Alpha-keto acids and derivatives	Alpha-keto acids and derivatives	Oxo fatty acids	Fatty Acids and Conjugates	Fatty acids
17903984336110858254	218	0.5901	0.0008	160.0362	160.037	WWNNZCOKKKDOPX	TRIGONELLINE	C[N+]1=CC(=CC=C1)C([O-])=O	Organic compounds	Alkaloids and derivatives			Alkaloids and derivatives			
17903984336110858254	219	0.5901	0.0008	160.0362	160.037	WWNNZCOKKKDOPX	TRIGONELLINE	C[N+]1=CC(=CC=C1)C([O-])=O	Organic compounds	Alkaloids and derivatives			Alkaloids and derivatives			
17903984336110858254	220	0.5901	0.0008	160.0362	160.037	WWNNZCOKKKDOPX	TRIGONELLINE	C[n+]1cccc(C(=O)[O-])c1	Organic compounds	Alkaloids and derivatives			Alkaloids and derivatives			
17903984336110858254	221	0.3459	149.2178	160.0362	309.254	CMQOSWNHMUHIJJ	(E)-N-butyl-N-(1-(cyclohexylamino)-1-oxobutan-2-yl)but-2-enamide	C/C=C/C(=O)N(CCCC)C(CC)C(=O)NC1CCCCC1	Organic compounds	Lipids and lipid-like molecules	Fatty Acyls	Fatty amides	N-acyl amines			
11848251220247965223	234	0.4868	2.7825	472.3035	475.086	MQUWOZZPEKFACD	2-phenylethyl 6-(3-bromo-4-hydroxy-5-methoxyphenyl)-3,4-dimethyl-2-oxo-1,3,6-t rihydropyrimidine-5-carboxylate	COc1cc(C2N=C(O)N(C)C(C)=C2C(=O)OCCc2ccccc2)cc(Br)c1O	Organic compounds	Benzenoids	Phenols	Methoxyphenols	Methoxyphenols			
11848251220247965223	264	0.5581	44.2645	472.3035	428.039	XTWYTFMLZFPYCI	Adenosine 5'-diphosphate	C1=NC(=C2C(=N1)N(C=N2)[C@H]3[C@@H]([C@@H]([C@H](O3)COP(=O)(O)OP(=O)(O)O)O)O)N	Organic compounds	Nucleosides, nucleotides, and analogues	Purine nucleotides	Purine ribonucleotides	Purine ribonucleoside diphosphates	Purine nucleos(t)ides	Nucleosides	Carbohydrates
11848251220247965223	268	0.409	33.7825	472.3035	506.086	CNURKUNYCXCBEK	karakin	O=C(CC[N+](=O)[O-])OC[C@H]1O[C@@H](OC(=O)CC[N+](=O)[O-])[C@H](OC(=O)CC[N+](=O)[O-])[C@@H](O)[C@@H]1O	Organic compounds	Organic acids and derivatives	Carboxylic acids and derivatives	Tricarboxylic acids and derivatives	Tricarboxylic acids and derivatives			
11848251220247965223	284	0.5932	0.0005	472.3035	472.303	GHCZAUBVMUEKKP	GLYCOCHENODEOXYCHOLATE	CC(CCC(=O)NCC(=O)O)C1CCC2C1(CCC3C2C(CC4C3(CCC(C4)O)C)O)C	Organic compounds	Lipids and lipid-like molecules	Steroids and steroid derivatives	Bile acids, alcohols and derivatives	Glycinated bile acids and derivatives	Cholane steroids; Cholestane steroids	Steroids	Terpenoids
713818543224545751	291	0.6069	429.1036	494.2864	923.39	DINQLGRRIYZCPG	(7S,9E,11S,12R,13S,14S,15S,16R,17S,18S,19E,21Z)-13-(acetyloxy)-15,17-dihydroxy-11-methoxy-26-[(4-methoxyphenyl)amino]-3,7,12,14,16,18,22-heptamethyl-6,23,27,29-tetraoxo-8,30-dioxa-24-azatetracyclo[23.3.1.1^{4,7}.0^{5,28}]triaconta-1,3,5(28),9,19,21,25...	O=C(OC1C(C)C(OC)C=COC2(OC3=C(C2=O)C=4C(=O)C(NC5=CC=C(OC)C=C5)=C(NC(=O)C(=CC=CC(C)C(O)C(C)C(O)C1C)C)C(=O)C4C(OC(=O)C(C)(C)C)=C3C)C)C	Organic compounds	Phenylpropanoids and polyketides	Macrolactams		Macrolactams	Ansa macrolides	Macrolides	Polyketides
713818543224545751	294	0.6286	161.2736	494.2864	655.56	CILLXFBAACIQNS	3,5-Bis(beta-D-glucopyranosyloxy)-7-hydroxy-2-(4-hydroxy-3,5-dimethoxyphenyl)-1-benzopyrylium	COC1=CC(=CC(=C1O)OC)C2=C(C=C3C(=CC(=CC3=[O+]2)O)OC4C(C(C(C(O4)CO)O)O)O)OC5C(C(C(C(O5)CO)O)O)O	Organic compounds	Phenylpropanoids and polyketides	Flavonoids	Flavonoid glycosides	Anthocyanidin-5-O-glycosides			
713818543224545751	295	0.409	174.1586	494.2864	668.445	APMPIOHITHNSGF	Enniatin_I_50983_dereplictor_pv_1.64587e-16	[H]C([H])([H])N1C(=O)[C@]([H])(OC(=O)[C@@]([H])(N(C(=O)[C@]([H])(OC(=O)[C@@]([H])(N(C(=O)[C@]([H])(OC(=O)[C@]1([H])C([H])(C([H])([H])[H])C([H])([H])[H])[C@@]([H])(C([H])([H])[H])C([H])([H])C([H])([H])[H])C([H])([H])[H])C([H])(C([H])([H])[H])C([H])([H])[H])[C@@]([H])(C([H])([H])[H])C([H])([H])C([H])([H])[H])C([H])([H])[H])C([H])(C([H])([H])[H])C([H])([H])[H])C([H])(C([H])([H])[H])C([H])([H])[H]	Organic compounds	Organic acids and derivatives	Peptidomimetics	Depsipeptides	Cyclic depsipeptides	Cyclic peptides; Depsipeptides	Oligopeptides	Amino acids and Peptides; Polyketides
713818543224545751	315	0.409	369.0836	494.2864	863.37	QTVVOIBACOUVOE	(7S,9E,11S,12R,13R,14S,15S,19S,20S,21E,23Z,32R)-2-hydroxy-11-methoxy-3,7,12,14,17,17,20,24,32-nonamethyl-28-[(3-methylphenyl)amino]-6,25,29,31-tetraoxo-8,16,18,33-tetraoxa-26-azapentacyclo[25.3.1.1^{4,7}.1^{15,19}.0^{5,30}]tritriaconta-1,3,5(30),9,21,...	O=C(OC1C(C)C(OC)C=COC2(OC3=C(C2=O)C=4C(=O)C(NC5=CC=CC(=C5)C)=C(NC(=O)C(=CC=CC(C)C6OC(OC(C1C)C6C)(C)C)C)C(=O)C4C(O)=C3C)C)C	Organic compounds	Phenylpropanoids and polyketides	Macrolactams		Macrolactams	Ansa macrolides	Macrolides	Polyketides
713818543224545751	319	0.5529	223.0786	494.2864	717.365	RZBFPDQKWUWUCK	Subsessiline	COC(=O)C1=C2NC3=CC=CC=C3C22CCN3C2C2(CCOC2C24CC5CC67CCOC6CCN6CCC8(C76)C6=C(N(C2)C58OC34)C(OC)=CC=C6)C1	Organic compounds	Alkaloids and derivatives	Aspidospermatan-type alkaloids		Aspidospermatan-type alkaloids	Aporphine alkaloids; Aspidosperma type	Tryptophan alkaloids; Tyrosine alkaloids	Alkaloids
713818543224545751	326	0.552	107.0236	494.2864	601.31	XTSVKUJYTUPYRJ	Ranaconitine	O=C(OC12CN(CC)C3C4(O)CC1C3(C(OC)CC2)C5CC6C(OC)CC4(O)C5(O)C6OC)C=7C=CC=CC7NC(=O)C	Organic compounds	Lipids and lipid-like molecules	Prenol lipids	Diterpenoids	Lappaconitine-type diterpenoid alkaloids	Terpenoid alkaloids	Pseudoalkaloids	Alkaloids; Terpenoids
713818543224545751	329	0.409	307.1436	494.2864	801.43	QAAYWVNRGVTWRB	3-methyl-5-[3-methyl-11-(4-methyl-5-oxooxolan-2-yl)-5-oxa-10-azatricyclo[8.3.0.0,?]tridecan-4-yl]-2,5-dihydrofuran-2-one	CC(CC(C(CC1)N(CCC2)C1C(C1C)C2OC1C(C=C1C)OC1=O)O1)C1=O	Organic compounds	Alkaloids and derivatives	Stemona alkaloids	Stemoamide-type alkaloids	Stemoamide-type alkaloids	Stemona alkaloids	Ornithine alkaloids	Alkaloids
713818543224545751	349	0.6074	14.8464	494.2864	479.44	CCQDWIRWKWIUKK	Petunidin 3-glucoside	COC1=CC(=CC(=C1O)O)C2=C(C=C3C(=CC(=CC3=[O+]2)O)O)OC4C(C(C(C(O4)CO)O)O)O	Organic compounds	Phenylpropanoids and polyketides	Flavonoids	Flavonoid glycosides	Anthocyanidin-3-O-glycosides			
713818543224545751	351	0.6323	15.4936	494.2864	509.78	TZPWADOJDBABMF	[Gln1]-moroidin-[QLLVWRAH]	NC(C(NC(C(NC(CC(C)C)C(NC(C(C)C)C(NC(C(NC(C(NC(C)C(NC(CC1=CN2C=N1)C(O)=O)=O)=O)CCCNC(N)=N)=O)CC3=C2NC4=C3C=CC5=C4)=O)=O)=O)C5C(C)C)=O)CCC(N)=O	Organic compounds	Organic acids and derivatives	Carboxylic acids and derivatives	Amino acids, peptides, and analogues	Oligopeptides	Cyclic peptides	Oligopeptides	Amino acids and Peptides
713818543224545751	353	0.5521	3.1064	494.2864	491.18	FNDTZZIWWYSDAH	(Z)-9-(1-isopropyl-1H-pyrazol-5-yl)-2-(3,4,5-trimethoxybenzylidene)-8,9-dihydro-2H-furo[2,3-f]chromene-3,7-dione	O=C1OC2=CC=C3C(=O)C(OC3=C2C(C4=CC=NN4C(C)C)C1)=CC5=CC(OC)=C(OC)C(OC)=C5	Organic compounds	Phenylpropanoids and polyketides	Aurone flavonoids		Aurone flavonoids	Aurones	Flavonoids	Shikimates and Phenylpropanoids
10711607233168750215	354	0.7263	0.002	181.072	181.07	YAPQBXQYLJRXSA	Theobromine	O=C1NC(=O)N(C=2N=CN(C12)C)C	Organic compounds	Organoheterocyclic compounds	Imidazopyrimidines	Purines and purine derivatives	Xanthines	Purine alkaloids	Pseudoalkaloids	Alkaloids
10711607233168750215	355	0.7725	0.002	181.072	181.07	ZFXYFBGIUFBOJW	Theophylline	O=C1C=2NC=NC2N(C(=O)N1C)C	Organic compounds	Organoheterocyclic compounds	Imidazopyrimidines	Purines and purine derivatives	Xanthines	Purine alkaloids	Pseudoalkaloids	Alkaloids
10711607233168750215	356	0.8249	0.0	181.072	181.072	YAPQBXQYLJRXSA	BML01082 Theobromine	CN1C=NC2=C1C(=O)NC(=O)N2C	Organic compounds	Organoheterocyclic compounds	Imidazopyrimidines	Purines and purine derivatives	Xanthines	Purine alkaloids	Pseudoalkaloids	Alkaloids
10711607233168750215	357	0.7899	0.002	181.072	181.07	ZFXYFBGIUFBOJW	Theophylline	O=C1C=2NC=NC2N(C(=O)N1C)C	Organic compounds	Organoheterocyclic compounds	Imidazopyrimidines	Purines and purine derivatives	Xanthines	Purine alkaloids	Pseudoalkaloids	Alkaloids
10711607233168750215	358	0.7834	0.002	181.072	181.07	YAPQBXQYLJRXSA	Theobromine	O=C1NC(=O)N(C=2N=CN(C12)C)C	Organic compounds	Organoheterocyclic compounds	Imidazopyrimidines	Purines and purine derivatives	Xanthines	Purine alkaloids	Pseudoalkaloids	Alkaloids
10711607233168750215	359	0.7843	0.0	181.072	181.072	ZFXYFBGIUFBOJW	THEOPHYLLINE	CN1C2=C(C(=O)N(C)C1=O)N=CN2	Organic compounds	Organoheterocyclic compounds	Imidazopyrimidines	Purines and purine derivatives	Xanthines	Purine alkaloids	Pseudoalkaloids	Alkaloids
10711607233168750215	360	0.8439	0.002	181.072	181.07	ZFXYFBGIUFBOJW	Theophylline	O=C1C=2NC=NC2N(C(=O)N1C)C	Organic compounds	Organoheterocyclic compounds	Imidazopyrimidines	Purines and purine derivatives	Xanthines	Purine alkaloids	Pseudoalkaloids	Alkaloids
10711607233168750215	361	0.8558	0.0	181.072	181.072	YAPQBXQYLJRXSA	Theobromine	CN1C=NC2=C1C(NC(N2C)=O)=O	Organic compounds	Organoheterocyclic compounds	Imidazopyrimidines	Purines and purine derivatives	Xanthines	Purine alkaloids	Pseudoalkaloids	Alkaloids
10711607233168750215	362	0.8373	0.002	181.072	181.07	ZFXYFBGIUFBOJW	Theophylline	O=C1C=2NC=NC2N(C(=O)N1C)C	Organic compounds	Organoheterocyclic compounds	Imidazopyrimidines	Purines and purine derivatives	Xanthines	Purine alkaloids	Pseudoalkaloids	Alkaloids
10711607233168750215	363	0.7843	0.002	181.072	181.07	YAPQBXQYLJRXSA	Theobromine	O=C1NC(=O)N(C=2N=CN(C12)C)C	Organic compounds	Organoheterocyclic compounds	Imidazopyrimidines	Purines and purine derivatives	Xanthines	Purine alkaloids	Pseudoalkaloids	Alkaloids
10711607233168750215	364	0.8124	0.002	181.072	181.07	YAPQBXQYLJRXSA	Theobromine	O=C1NC(=O)N(C=2N=CN(C12)C)C	Organic compounds	Organoheterocyclic compounds	Imidazopyrimidines	Purines and purine derivatives	Xanthines	Purine alkaloids	Pseudoalkaloids	Alkaloids
10711607233168750215	365	0.7654	0.0	181.072	181.072	QUNWUDVFRNGTCO	PARAXANTHINE	CN1C=NC2=C1C(=O)N(C)C(=N2)O	Organic compounds	Organoheterocyclic compounds	Imidazopyrimidines	Purines and purine derivatives	Xanthines	Purine alkaloids	Pseudoalkaloids	Alkaloids
10711607233168750215	366	0.792	0.001	181.072	181.073	ZFXYFBGIUFBOJW	Aminophylline	[H]C([H])([H])N(C(=O)1)C(=O)c(n([H])2)c(nc([H])2)N(C([H])([H])[H])1	Organic compounds	Organoheterocyclic compounds	Imidazopyrimidines	Purines and purine derivatives	Xanthines	Purine alkaloids	Pseudoalkaloids	Alkaloids
10711607233168750215	367	0.6286	0.0	181.072	181.072	YAPQBXQYLJRXSA	THEOBROMINE	CN1C=NC2=C1C(=NC(=O)N2C)O	Organic compounds	Organoheterocyclic compounds	Imidazopyrimidines	Purines and purine derivatives	Xanthines	Purine alkaloids	Pseudoalkaloids	Alkaloids
10711607233168750215	368	0.7852	0.002	181.072	181.07	ZFXYFBGIUFBOJW	Theophylline	O=C1C=2NC=NC2N(C(=O)N1C)C	Organic compounds	Organoheterocyclic compounds	Imidazopyrimidines	Purines and purine derivatives	Xanthines	Purine alkaloids	Pseudoalkaloids	Alkaloids
10711607233168750215	369	0.6253	0.0	181.072	181.072	ZFXYFBGIUFBOJW	THEOPHYLLINE	CN1C2=C(C(=O)N(C)C1=O)N=CN2	Organic compounds	Organoheterocyclic compounds	Imidazopyrimidines	Purines and purine derivatives	Xanthines	Purine alkaloids	Pseudoalkaloids	Alkaloids
10711607233168750215	370	0.6286	0.0	181.072	181.072	YAPQBXQYLJRXSA	theobromine	Cn1cnc2c1c(O)nc(=O)n2C	Organic compounds	Organoheterocyclic compounds	Imidazopyrimidines	Purines and purine derivatives	Xanthines	Purine alkaloids	Pseudoalkaloids	Alkaloids
10711607233168750215	371	0.6233	0.0	181.072	181.072	YAPQBXQYLJRXSA	THEOBROMINE	CN1C=NC2=C1C(=NC(=O)N2C)O	Organic compounds	Organoheterocyclic compounds	Imidazopyrimidines	Purines and purine derivatives	Xanthines	Purine alkaloids	Pseudoalkaloids	Alkaloids
10711607233168750215	372	0.7672	0.0	181.072	181.072	ZFXYFBGIUFBOJW	1,3-dimethyl-7H-purine-2,6-dione	CN1C2=C(NC=N2)C(=O)N(C)C1=O	Organic compounds	Organoheterocyclic compounds	Imidazopyrimidines	Purines and purine derivatives	Xanthines	Purine alkaloids	Pseudoalkaloids	Alkaloids
10711607233168750215	373	0.8187	0.0	181.072	181.072	YAPQBXQYLJRXSA	Theobromine	CN1C=NC2=C1C(NC(N2C)=O)=O	Organic compounds	Organoheterocyclic compounds	Imidazopyrimidines	Purines and purine derivatives	Xanthines	Purine alkaloids	Pseudoalkaloids	Alkaloids
10711607233168750215	374	0.838	0.002	181.072	181.07	ZFXYFBGIUFBOJW	Theophylline	O=C1C=2NC=NC2N(C(=O)N1C)C	Organic compounds	Organoheterocyclic compounds	Imidazopyrimidines	Purines and purine derivatives	Xanthines	Purine alkaloids	Pseudoalkaloids	Alkaloids
10711607233168750215	375	0.8072	0.0	181.072	181.072	ZFXYFBGIUFBOJW	THEOPHYLLINE	CN1C2=C(C(=O)N(C)C1=O)N=CN2	Organic compounds	Organoheterocyclic compounds	Imidazopyrimidines	Purines and purine derivatives	Xanthines	Purine alkaloids	Pseudoalkaloids	Alkaloids
10711607233168750215	376	0.8432	0.0	181.072	181.072	ZFXYFBGIUFBOJW	THEOPHYLLINE	CN1C2=C(C(=O)N(C)C1=O)N=CN2	Organic compounds	Organoheterocyclic compounds	Imidazopyrimidines	Purines and purine derivatives	Xanthines	Purine alkaloids	Pseudoalkaloids	Alkaloids
10711607233168750215	377	0.7904	0.002	181.072	181.07	YAPQBXQYLJRXSA	Theobromine	O=C1NC(=O)N(C=2N=CN(C12)C)C	Organic compounds	Organoheterocyclic compounds	Imidazopyrimidines	Purines and purine derivatives	Xanthines	Purine alkaloids	Pseudoalkaloids	Alkaloids
10711607233168750215	378	0.851	0.0	181.072	181.072	ZFXYFBGIUFBOJW	THEOPHYLLINE	CN1C2=C(C(=O)N(C)C1=O)N=CN2	Organic compounds	Organoheterocyclic compounds	Imidazopyrimidines	Purines and purine derivatives	Xanthines	Purine alkaloids	Pseudoalkaloids	Alkaloids
10711607233168750215	379	0.792	0.002	181.072	181.07	YAPQBXQYLJRXSA	Theobromine	O=C1NC(=O)N(C=2N=CN(C12)C)C	Organic compounds	Organoheterocyclic compounds	Imidazopyrimidines	Purines and purine derivatives	Xanthines	Purine alkaloids	Pseudoalkaloids	Alkaloids
10711607233168750215	380	0.7644	0.0	181.072	181.072	ZFXYFBGIUFBOJW	THEOPHYLLINE	CN1C2=C(C(=O)N(C)C1=O)N=CN2	Organic compounds	Organoheterocyclic compounds	Imidazopyrimidines	Purines and purine derivatives	Xanthines	Purine alkaloids	Pseudoalkaloids	Alkaloids
10711607233168750215	381	0.6194	0.0	181.072	181.072	ZFXYFBGIUFBOJW	1,3-dimethyl-7H-purine-2,6-dione	CN1C2=C(C(=O)N(C1=O)C)NC=N2	Organic compounds	Organoheterocyclic compounds	Imidazopyrimidines	Purines and purine derivatives	Xanthines	Purine alkaloids	Pseudoalkaloids	Alkaloids
10711607233168750215	390	0.8556	0.002	181.072	181.07	ZFXYFBGIUFBOJW	Theophylline	O=C1C=2NC=NC2N(C(=O)N1C)C	Organic compounds	Organoheterocyclic compounds	Imidazopyrimidines	Purines and purine derivatives	Xanthines	Purine alkaloids	Pseudoalkaloids	Alkaloids
10711607233168750215	391	0.7721	0.002	181.072	181.07	ZFXYFBGIUFBOJW	Theophylline	O=C1C=2NC=NC2N(C(=O)N1C)C	Organic compounds	Organoheterocyclic compounds	Imidazopyrimidines	Purines and purine derivatives	Xanthines	Purine alkaloids	Pseudoalkaloids	Alkaloids
10711607233168750215	392	0.792	0.002	181.072	181.07	YAPQBXQYLJRXSA	Theobromine	O=C1NC(=O)N(C=2N=CN(C12)C)C	Organic compounds	Organoheterocyclic compounds	Imidazopyrimidines	Purines and purine derivatives	Xanthines	Purine alkaloids	Pseudoalkaloids	Alkaloids
10711607233168750215	393	0.8439	0.0	181.072	181.072	ZFXYFBGIUFBOJW	THEOPHYLLINE	CN1C2=C(C(=O)N(C)C1=O)N=CN2	Organic compounds	Organoheterocyclic compounds	Imidazopyrimidines	Purines and purine derivatives	Xanthines	Purine alkaloids	Pseudoalkaloids	Alkaloids
10711607233168750215	394	0.8249	0.0	181.072	181.072	ZFXYFBGIUFBOJW	THEOPHYLLINE	CN1C2=C(C(=O)N(C)C1=O)N=CN2	Organic compounds	Organoheterocyclic compounds	Imidazopyrimidines	Purines and purine derivatives	Xanthines	Purine alkaloids	Pseudoalkaloids	Alkaloids
10711607233168750215	395	0.8558	0.002	181.072	181.07	YAPQBXQYLJRXSA	Theobromine	O=C1NC(=O)N(C=2N=CN(C12)C)C	Organic compounds	Organoheterocyclic compounds	Imidazopyrimidines	Purines and purine derivatives	Xanthines	Purine alkaloids	Pseudoalkaloids	Alkaloids
10711607233168750215	396	0.8281	0.001	181.072	181.073	ZFXYFBGIUFBOJW	Aminophylline	[H]C([H])([H])N(C(=O)1)C(=O)c(n([H])2)c(nc([H])2)N(C([H])([H])[H])1	Organic compounds	Organoheterocyclic compounds	Imidazopyrimidines	Purines and purine derivatives	Xanthines	Purine alkaloids	Pseudoalkaloids	Alkaloids
10711607233168750215	397	0.7788	0.002	181.072	181.07	YAPQBXQYLJRXSA	Theobromine	O=C1NC(=O)N(C=2N=CN(C12)C)C	Organic compounds	Organoheterocyclic compounds	Imidazopyrimidines	Purines and purine derivatives	Xanthines	Purine alkaloids	Pseudoalkaloids	Alkaloids
10711607233168750215	398	0.8556	0.002	181.072	181.07	ZFXYFBGIUFBOJW	Theophylline	O=C1C=2NC=NC2N(C(=O)N1C)C	Organic compounds	Organoheterocyclic compounds	Imidazopyrimidines	Purines and purine derivatives	Xanthines	Purine alkaloids	Pseudoalkaloids	Alkaloids
10711607233168750215	399	0.8439	0.002	181.072	181.07	ZFXYFBGIUFBOJW	Theophylline	O=C1C=2NC=NC2N(C(=O)N1C)C	Organic compounds	Organoheterocyclic compounds	Imidazopyrimidines	Purines and purine derivatives	Xanthines	Purine alkaloids	Pseudoalkaloids	Alkaloids
10711607233168750215	400	0.7215	0.002	181.072	181.07	YAPQBXQYLJRXSA	Theobromine	O=C1NC(=O)N(C=2N=CN(C12)C)C	Organic compounds	Organoheterocyclic compounds	Imidazopyrimidines	Purines and purine derivatives	Xanthines	Purine alkaloids	Pseudoalkaloids	Alkaloids
10711607233168750215	401	0.6243	0.0	181.072	181.072	ZFXYFBGIUFBOJW	1,3-dimethyl-7H-purine-2,6-dione	CN1C2=C(NC=N2)C(=O)N(C)C1=O	Organic compounds	Organoheterocyclic compounds	Imidazopyrimidines	Purines and purine derivatives	Xanthines	Purine alkaloids	Pseudoalkaloids	Alkaloids
10711607233168750215	402	0.719	0.002	181.072	181.07	YAPQBXQYLJRXSA	Theobromine	O=C1NC(=O)N(C=2N=CN(C12)C)C	Organic compounds	Organoheterocyclic compounds	Imidazopyrimidines	Purines and purine derivatives	Xanthines	Purine alkaloids	Pseudoalkaloids	Alkaloids
10711607233168750215	403	0.6253	0.0	181.072	181.072	YAPQBXQYLJRXSA	3,7-dimethylpurine-2,6-dione	CN1C=NC2=C1C(=O)NC(=O)N2C	Organic compounds	Organoheterocyclic compounds	Imidazopyrimidines	Purines and purine derivatives	Xanthines	Purine alkaloids	Pseudoalkaloids	Alkaloids
10711607233168750215	407	0.6243	0.0	181.072	181.072	YAPQBXQYLJRXSA	THEOBROMINE	CN1C=NC2=C1C(=O)NC(=O)N2C	Organic compounds	Organoheterocyclic compounds	Imidazopyrimidines	Purines and purine derivatives	Xanthines	Purine alkaloids	Pseudoalkaloids	Alkaloids
10711607233168750215	408	0.792	0.0	181.072	181.072	YAPQBXQYLJRXSA	theobromine	Cn1cnc2c1c(O)nc(=O)n2C	Organic compounds	Organoheterocyclic compounds	Imidazopyrimidines	Purines and purine derivatives	Xanthines	Purine alkaloids	Pseudoalkaloids	Alkaloids
10711607233168750215	409	0.792	0.0	181.072	181.072	YAPQBXQYLJRXSA	theobromine	Cn1cnc2c1c(O)nc(=O)n2C	Organic compounds	Organoheterocyclic compounds	Imidazopyrimidines	Purines and purine derivatives	Xanthines	Purine alkaloids	Pseudoalkaloids	Alkaloids
10711607233168750215	410	0.8441	0.0	181.072	181.072	YAPQBXQYLJRXSA	theobromine	Cn1cnc2c1c(O)nc(=O)n2C	Organic compounds	Organoheterocyclic compounds	Imidazopyrimidines	Purines and purine derivatives	Xanthines	Purine alkaloids	Pseudoalkaloids	Alkaloids
10711607233168750215	411	0.8187	0.0	181.072	181.072	YAPQBXQYLJRXSA	theobromine	Cn1cnc2c1c(O)nc(=O)n2C	Organic compounds	Organoheterocyclic compounds	Imidazopyrimidines	Purines and purine derivatives	Xanthines	Purine alkaloids	Pseudoalkaloids	Alkaloids
10711607233168750215	412	0.8124	0.0	181.072	181.072	YAPQBXQYLJRXSA	theobromine	Cn1cnc2c1c(O)nc(=O)n2C	Organic compounds	Organoheterocyclic compounds	Imidazopyrimidines	Purines and purine derivatives	Xanthines	Purine alkaloids	Pseudoalkaloids	Alkaloids
10711607233168750215	413	0.7813	0.0	181.072	181.072	ZFXYFBGIUFBOJW	1,3-dimethyl-7H-purine-2,6-dione	CN1C2=C(NC=N2)C(=O)N(C)C1=O	Organic compounds	Organoheterocyclic compounds	Imidazopyrimidines	Purines and purine derivatives	Xanthines	Purine alkaloids	Pseudoalkaloids	Alkaloids
10711607233168750215	414	0.792	0.0	181.072	181.072	YAPQBXQYLJRXSA	theobromine	Cn1cnc2c1c(O)nc(=O)n2C	Organic compounds	Organoheterocyclic compounds	Imidazopyrimidines	Purines and purine derivatives	Xanthines	Purine alkaloids	Pseudoalkaloids	Alkaloids
10711607233168750215	415	0.792	0.0	181.072	181.072	YAPQBXQYLJRXSA	theobromine	Cn1cnc2c1c(O)nc(=O)n2C	Organic compounds	Organoheterocyclic compounds	Imidazopyrimidines	Purines and purine derivatives	Xanthines	Purine alkaloids	Pseudoalkaloids	Alkaloids
10711607233168750215	416	0.8528	0.0	181.072	181.072	YAPQBXQYLJRXSA	theobromine	Cn1cnc2c1c(O)nc(=O)n2C	Organic compounds	Organoheterocyclic compounds	Imidazopyrimidines	Purines and purine derivatives	Xanthines	Purine alkaloids	Pseudoalkaloids	Alkaloids
10711607233168750215	417	0.8376	0.0	181.072	181.072	YAPQBXQYLJRXSA	theobromine	Cn1cnc2c1c(O)nc(=O)n2C	Organic compounds	Organoheterocyclic compounds	Imidazopyrimidines	Purines and purine derivatives	Xanthines	Purine alkaloids	Pseudoalkaloids	Alkaloids
10711607233168750215	418	0.7904	0.0	181.072	181.072	YAPQBXQYLJRXSA	Theobromine	Cn1cnc2c1c(=O)[nH]c(=O)n2C	Organic compounds	Organoheterocyclic compounds	Imidazopyrimidines	Purines and purine derivatives	Xanthines	Purine alkaloids	Pseudoalkaloids	Alkaloids
10711607233168750215	419	0.792	0.0	181.072	181.072	YAPQBXQYLJRXSA	THEOBROMINE	CN1C=NC2=C1C(=NC(=O)N2C)O	Organic compounds	Organoheterocyclic compounds	Imidazopyrimidines	Purines and purine derivatives	Xanthines	Purine alkaloids	Pseudoalkaloids	Alkaloids
10711607233168750215	420	0.7721	0.0	181.072	181.072	ZFXYFBGIUFBOJW	THEOPHYLLINE	CN1C2=C(C(=O)N(C)C1=O)N=CN2	Organic compounds	Organoheterocyclic compounds	Imidazopyrimidines	Purines and purine derivatives	Xanthines	Purine alkaloids	Pseudoalkaloids	Alkaloids
10711607233168750215	421	0.8461	0.001	181.072	181.073	QUNWUDVFRNGTCO	1,7-dimethyl-3H-purine-2,6-dione	CN1C=NC2=C1C(=O)N(C(=O)N2)C	Organic compounds	Organoheterocyclic compounds	Imidazopyrimidines	Purines and purine derivatives	Xanthines	Purine alkaloids	Pseudoalkaloids	Alkaloids
10711607233168750215	422	0.8124	0.002	181.072	181.07	YAPQBXQYLJRXSA	Theobromine	O=C1NC(=O)N(C=2N=CN(C12)C)C	Organic compounds	Organoheterocyclic compounds	Imidazopyrimidines	Purines and purine derivatives	Xanthines	Purine alkaloids	Pseudoalkaloids	Alkaloids
10711607233168750215	423	0.792	0.0	181.072	181.072	QUNWUDVFRNGTCO	paraxanthine	Cn1c(O)nc2ncn(C)c2c1=O	Organic compounds	Organoheterocyclic compounds	Imidazopyrimidines	Purines and purine derivatives	Xanthines	Purine alkaloids	Pseudoalkaloids	Alkaloids
10711607233168750215	424	0.8439	0.002	181.072	181.07	ZFXYFBGIUFBOJW	Theophylline	O=C1C=2NC=NC2N(C(=O)N1C)C	Organic compounds	Organoheterocyclic compounds	Imidazopyrimidines	Purines and purine derivatives	Xanthines	Purine alkaloids	Pseudoalkaloids	Alkaloids
10711607233168750215	425	0.8556	0.002	181.072	181.07	ZFXYFBGIUFBOJW	Theophylline	O=C1C=2NC=NC2N(C(=O)N1C)C	Organic compounds	Organoheterocyclic compounds	Imidazopyrimidines	Purines and purine derivatives	Xanthines	Purine alkaloids	Pseudoalkaloids	Alkaloids
10711607233168750215	426	0.82	0.0	181.072	181.072	YAPQBXQYLJRXSA	theobromine	Cn1cnc2c1c(O)nc(=O)n2C	Organic compounds	Organoheterocyclic compounds	Imidazopyrimidines	Purines and purine derivatives	Xanthines	Purine alkaloids	Pseudoalkaloids	Alkaloids
10711607233168750215	427	0.8187	0.001	181.072	181.073	QUNWUDVFRNGTCO	1,7-Dimethylxanthine	CN1C=NC2=C1C(=O)N(C(=O)N2)C	Organic compounds	Organoheterocyclic compounds	Imidazopyrimidines	Purines and purine derivatives	Xanthines	Purine alkaloids	Pseudoalkaloids	Alkaloids
10711607233168750215	428	0.85	0.0	181.072	181.072	YAPQBXQYLJRXSA	theobromine	Cn1cnc2c1c(O)nc(=O)n2C	Organic compounds	Organoheterocyclic compounds	Imidazopyrimidines	Purines and purine derivatives	Xanthines	Purine alkaloids	Pseudoalkaloids	Alkaloids
10711607233168750215	429	0.8558	0.0	181.072	181.072	YAPQBXQYLJRXSA	Theobromine	Cn1cnc2c1c(=O)[nH]c(=O)n2C	Organic compounds	Organoheterocyclic compounds	Imidazopyrimidines	Purines and purine derivatives	Xanthines	Purine alkaloids	Pseudoalkaloids	Alkaloids
10711607233168750215	430	0.8302	0.0	181.072	181.072	YAPQBXQYLJRXSA	theobromine	Cn1cnc2c1c(O)nc(=O)n2C	Organic compounds	Organoheterocyclic compounds	Imidazopyrimidines	Purines and purine derivatives	Xanthines	Purine alkaloids	Pseudoalkaloids	Alkaloids
10711607233168750215	431	0.8441	0.0	181.072	181.072	YAPQBXQYLJRXSA	theobromine	Cn1cnc2c1c(O)nc(=O)n2C	Organic compounds	Organoheterocyclic compounds	Imidazopyrimidines	Purines and purine derivatives	Xanthines	Purine alkaloids	Pseudoalkaloids	Alkaloids
10711607233168750215	432	0.85	0.0	181.072	181.072	YAPQBXQYLJRXSA	Theobromine	Cn1cnc2c1c(=O)[nH]c(=O)n2C	Organic compounds	Organoheterocyclic compounds	Imidazopyrimidines	Purines and purine derivatives	Xanthines	Purine alkaloids	Pseudoalkaloids	Alkaloids
10711607233168750215	433	0.8187	0.0	181.072	181.072	YAPQBXQYLJRXSA	theobromine	Cn1cnc2c1c(O)nc(=O)n2C	Organic compounds	Organoheterocyclic compounds	Imidazopyrimidines	Purines and purine derivatives	Xanthines	Purine alkaloids	Pseudoalkaloids	Alkaloids
10711607233168750215	434	0.8302	0.0	181.072	181.072	YAPQBXQYLJRXSA	theobromine	Cn1cnc2c1c(O)nc(=O)n2C	Organic compounds	Organoheterocyclic compounds	Imidazopyrimidines	Purines and purine derivatives	Xanthines	Purine alkaloids	Pseudoalkaloids	Alkaloids
10711607233168750215	435	0.8558	0.001	181.072	181.073	QUNWUDVFRNGTCO	1,7-dimethyl-3H-purine-2,6-dione	CN1C=NC2=C1C(=O)N(C(=O)N2)C	Organic compounds	Organoheterocyclic compounds	Imidazopyrimidines	Purines and purine derivatives	Xanthines	Purine alkaloids	Pseudoalkaloids	Alkaloids
10711607233168750215	436	0.8558	0.001	181.072	181.073	QUNWUDVFRNGTCO	1,7-Dimethyl-1H-purine-2,6-dione	O=C(N1)N(C)C(=O)c(n(C)2)c(nc2)1	Organic compounds	Organoheterocyclic compounds	Imidazopyrimidines	Purines and purine derivatives	Xanthines	Purine alkaloids	Pseudoalkaloids	Alkaloids
10711607233168750215	437	0.7982	0.0	181.072	181.072	ZFXYFBGIUFBOJW	THEOPHYLLINE	CN1C2=C(C(=O)N(C)C1=O)N=CN2	Organic compounds	Organoheterocyclic compounds	Imidazopyrimidines	Purines and purine derivatives	Xanthines	Purine alkaloids	Pseudoalkaloids	Alkaloids
10711607233168750215	438	0.8556	0.002	181.072	181.07	ZFXYFBGIUFBOJW	Theophylline	O=C1C=2NC=NC2N(C(=O)N1C)C	Organic compounds	Organoheterocyclic compounds	Imidazopyrimidines	Purines and purine derivatives	Xanthines	Purine alkaloids	Pseudoalkaloids	Alkaloids
10711607233168750215	439	0.8494	0.001	181.072	181.073	QUNWUDVFRNGTCO	1,7-Dimethyl-1H-purine-2,6-dione	O=C(N1)N(C)C(=O)c(n(C)2)c(nc2)1	Organic compounds	Organoheterocyclic compounds	Imidazopyrimidines	Purines and purine derivatives	Xanthines	Purine alkaloids	Pseudoalkaloids	Alkaloids
10711607233168750215	440	0.8415	0.001	181.072	181.073	ZFXYFBGIUFBOJW	Aminophylline	[H]C([H])([H])N(C(=O)1)C(=O)c(n([H])2)c(nc([H])2)N(C([H])([H])[H])1	Organic compounds	Organoheterocyclic compounds	Imidazopyrimidines	Purines and purine derivatives	Xanthines	Purine alkaloids	Pseudoalkaloids	Alkaloids
10711607233168750215	442	0.8556	0.002	181.072	181.07	ZFXYFBGIUFBOJW	Theophylline	O=C1C=2NC=NC2N(C(=O)N1C)C	Organic compounds	Organoheterocyclic compounds	Imidazopyrimidines	Purines and purine derivatives	Xanthines	Purine alkaloids	Pseudoalkaloids	Alkaloids
10711607233168750215	444	0.835	0.0	181.072	181.072	YAPQBXQYLJRXSA	theobromine	Cn1cnc2c1c(O)nc(=O)n2C	Organic compounds	Organoheterocyclic compounds	Imidazopyrimidines	Purines and purine derivatives	Xanthines	Purine alkaloids	Pseudoalkaloids	Alkaloids
10711607233168750215	445	0.8441	0.0	181.072	181.072	YAPQBXQYLJRXSA	theobromine	Cn1cnc2c1c(O)nc(=O)n2C	Organic compounds	Organoheterocyclic compounds	Imidazopyrimidines	Purines and purine derivatives	Xanthines	Purine alkaloids	Pseudoalkaloids	Alkaloids
10711607233168750215	446	0.8558	0.0	181.072	181.072	YAPQBXQYLJRXSA	theobromine	Cn1cnc2c1c(O)nc(=O)n2C	Organic compounds	Organoheterocyclic compounds	Imidazopyrimidines	Purines and purine derivatives	Xanthines	Purine alkaloids	Pseudoalkaloids	Alkaloids
10711607233168750215	447	0.8187	0.0	181.072	181.072	YAPQBXQYLJRXSA	theobromine	Cn1cnc2c1c(O)nc(=O)n2C	Organic compounds	Organoheterocyclic compounds	Imidazopyrimidines	Purines and purine derivatives	Xanthines	Purine alkaloids	Pseudoalkaloids	Alkaloids
10711607233168750215	448	0.8454	0.0	181.072	181.072	YAPQBXQYLJRXSA	theobromine	Cn1cnc2c1c(O)nc(=O)n2C	Organic compounds	Organoheterocyclic compounds	Imidazopyrimidines	Purines and purine derivatives	Xanthines	Purine alkaloids	Pseudoalkaloids	Alkaloids
10711607233168750215	449	0.8441	0.0	181.072	181.072	YAPQBXQYLJRXSA	theobromine	Cn1cnc2c1c(O)nc(=O)n2C	Organic compounds	Organoheterocyclic compounds	Imidazopyrimidines	Purines and purine derivatives	Xanthines	Purine alkaloids	Pseudoalkaloids	Alkaloids
10711607233168750215	450	0.8441	0.0	181.072	181.072	YAPQBXQYLJRXSA	theobromine	Cn1cnc2c1c(O)nc(=O)n2C	Organic compounds	Organoheterocyclic compounds	Imidazopyrimidines	Purines and purine derivatives	Xanthines	Purine alkaloids	Pseudoalkaloids	Alkaloids
10711607233168750215	451	0.85	0.0	181.072	181.072	YAPQBXQYLJRXSA	theobromine	Cn1cnc2c1c(O)nc(=O)n2C	Organic compounds	Organoheterocyclic compounds	Imidazopyrimidines	Purines and purine derivatives	Xanthines	Purine alkaloids	Pseudoalkaloids	Alkaloids
10711607233168750215	452	0.7926	0.0	181.072	181.072	YAPQBXQYLJRXSA	theobromine	Cn1cnc2c1c(O)nc(=O)n2C	Organic compounds	Organoheterocyclic compounds	Imidazopyrimidines	Purines and purine derivatives	Xanthines	Purine alkaloids	Pseudoalkaloids	Alkaloids
10711607233168750215	453	0.8441	0.001	181.072	181.073	QUNWUDVFRNGTCO	1,7-Dimethylxanthine	CN1C=NC2=C1C(=O)N(C(=O)N2)C	Organic compounds	Organoheterocyclic compounds	Imidazopyrimidines	Purines and purine derivatives	Xanthines	Purine alkaloids	Pseudoalkaloids	Alkaloids
10711607233168750215	454	0.8558	0.001	181.072	181.073	QUNWUDVFRNGTCO	1,7-dimethyl-3H-purine-2,6-dione	CN1C=NC2=C1C(=O)N(C(=O)N2)C	Organic compounds	Organoheterocyclic compounds	Imidazopyrimidines	Purines and purine derivatives	Xanthines	Purine alkaloids	Pseudoalkaloids	Alkaloids
10711607233168750215	455	0.7899	0.001	181.072	181.073	QUNWUDVFRNGTCO	1,7-Dimethylxanthine	CN1C=NC2=C1C(=O)N(C(=O)N2)C	Organic compounds	Organoheterocyclic compounds	Imidazopyrimidines	Purines and purine derivatives	Xanthines	Purine alkaloids	Pseudoalkaloids	Alkaloids
10711607233168750215	456	0.8556	0.002	181.072	181.07	ZFXYFBGIUFBOJW	Theophylline	O=C1C=2NC=NC2N(C(=O)N1C)C	Organic compounds	Organoheterocyclic compounds	Imidazopyrimidines	Purines and purine derivatives	Xanthines	Purine alkaloids	Pseudoalkaloids	Alkaloids
10711607233168750215	457	0.8187	0.0	181.072	181.072	ZFXYFBGIUFBOJW	THEOPHYLLINE	CN1C2=C(C(=O)N(C)C1=O)N=CN2	Organic compounds	Organoheterocyclic compounds	Imidazopyrimidines	Purines and purine derivatives	Xanthines	Purine alkaloids	Pseudoalkaloids	Alkaloids
10711607233168750215	458	0.8459	0.002	181.072	181.07	ZFXYFBGIUFBOJW	Theophylline	O=C1C=2NC=NC2N(C(=O)N1C)C	Organic compounds	Organoheterocyclic compounds	Imidazopyrimidines	Purines and purine derivatives	Xanthines	Purine alkaloids	Pseudoalkaloids	Alkaloids
10711607233168750215	459	0.8187	0.001	181.072	181.073	ZFXYFBGIUFBOJW	Aminophylline	[H]C([H])([H])N(C(=O)1)C(=O)c(n([H])2)c(nc([H])2)N(C([H])([H])[H])1	Organic compounds	Organoheterocyclic compounds	Imidazopyrimidines	Purines and purine derivatives	Xanthines	Purine alkaloids	Pseudoalkaloids	Alkaloids
10711607233168750215	460	0.8498	0.0	181.072	181.072	ZFXYFBGIUFBOJW	THEOPHYLLINE	CN1C2=C(C(=O)N(C)C1=O)N=CN2	Organic compounds	Organoheterocyclic compounds	Imidazopyrimidines	Purines and purine derivatives	Xanthines	Purine alkaloids	Pseudoalkaloids	Alkaloids
10711607233168750215	461	0.8556	0.002	181.072	181.07	ZFXYFBGIUFBOJW	Theophylline	O=C1C=2NC=NC2N(C(=O)N1C)C	Organic compounds	Organoheterocyclic compounds	Imidazopyrimidines	Purines and purine derivatives	Xanthines	Purine alkaloids	Pseudoalkaloids	Alkaloids
2004876535628786429	468	0.409	42.9511	414.3009	457.252	KGQMQNPFMOBJCY	MGH3_methylglyoxal-derived hydroimidazolone 3	CC1N=C(NCCC[C@H](N)C(=O)O)NC1=O	Organic compounds	Organic acids and derivatives	Carboxylic acids and derivatives	Amino acids, peptides, and analogues	Arginine and derivatives	Aminoacids	Small peptides	Amino acids and Peptides
2004876535628786429	471	0.409	25.0191	414.3009	439.32	GMBQZIIUCVWOCD	Sarsasapogenin	OC1CCC2(C)C(CCC3C2CCC4(C)C3CC5OC6(OCC(C)CC6)C(C)C54)C1	Organic compounds	Lipids and lipid-like molecules	Prenol lipids	Triterpenoids	Triterpenoids	Spirostane steroids	Steroids	Terpenoids
2004876535628786429	483	0.5491	18.0391	414.3009	432.34	IUKLSMSEHKDIIP	Peimine	OC1CCC2(C)C(C1)C(O)CC3C4CCC5C(CN6CC(C)CCC6C5(O)C)C4CC32	Organic compounds	Lipids and lipid-like molecules	Steroids and steroid derivatives	Steroidal alkaloids	Cerveratrum-type alkaloids	Steroidal alkaloids	Pseudoalkaloids	Alkaloids; Terpenoids
2004876535628786429	491	0.3459	106.0509	414.3009	308.25	UHPXXKLAACDXGS	Pentadecanoyl Ethanolamide	O=C(CCCCCCCCCCCCCC)NCCO	Organic compounds	Organic nitrogen compounds	Organonitrogen compounds	Amines	N-acylethanolamines	N-acyl ethanolamines (endocannabinoids)	Fatty amides	Fatty acids
2004876535628786429	492	0.2939	11.8211	414.3009	426.122	FPELEBCSGBUHKE	N-(3-chlorophenyl)-2-[4-(morpholin-4-ylcarbonyl)-2-oxohydroquinolyl]acetamide	O=C(c1cc(=O)n(CC(O)=Nc2cccc(Cl)c2)c2ccccc12)N1CCOCC1	Organic compounds	Organoheterocyclic compounds	Quinolines and derivatives	Quinoline carboxamides	Quinoline carboxamides		Tryptophan alkaloids	Alkaloids
2004876535628786429	493	0.4887	108.4791	414.3009	522.78	YDZQHLJJLNSQOE	Moroidin-[QLLVWRGGH]	O=C1CCC(C(NC(C(NC(CC(C)C)C(NC(C(C)C)C(NC(C(NC(C(NCC(NC2)=O)=O)CCCNC(N)=N)=O)CC3=C(N4C=NC(CC(C(O)=O)NC2=O)=C4)NC5=C3C=CC6=C5)=O)=O)=O)C6C(C)C)=O)N1	Organic compounds	Organic acids and derivatives	Carboxylic acids and derivatives	Amino acids, peptides, and analogues	Oligopeptides	Cyclic peptides	Oligopeptides	Amino acids and Peptides
2004876535628786429	496	0.4887	75.8831	414.3009	490.184	KQACJIAQZHAEKS	methyl 5-(methoxycarbonyl)-1-(phenylethyl)-4-(3,4,5-trimethoxyphenyl)-1,4-dihy dropyridine-3-carboxylate	COC(=O)C1=CN(C(C)c2ccccc2)C=C(C(=O)OC)C1c1cc(OC)c(OC)c(OC)c1	Organic compounds	Organoheterocyclic compounds	Pyridines and derivatives	Hydropyridines	Dihydropyridinecarboxylic acids and derivatives	Isoquinoline alkaloids	Tyrosine alkaloids	Alkaloids
2004876535628786429	497	0.4851	34.9431	414.3009	449.244	KWIWWLJHTRGPRZ	N-(2-(benzylamino)-1-(4-methoxyphenyl)-2-oxoethyl)-N-(furan-2-ylmethyl)-4-methylpentanamide	COc3ccc(C(C(=O)NCc1ccccc1)N(Cc2ccco2)C(=O)CCC(C)C)cc3	Organic compounds	Organic acids and derivatives	Carboxylic acids and derivatives	Amino acids, peptides, and analogues	Alpha amino acids and derivatives			
2004876535628786429	498	0.5491	19.9431	414.3009	434.244	VVXOOWXYJLWPTC	N-(6-ethyl-2-methylphenyl)-2-{4-[(7-methyl-2-oxochromen-4-yl)methyl]piperaziny l}acetamide	CCc1cccc(C)c1N=C(O)CN1CCN(Cc2cc(=O)oc3cc(C)ccc23)CC1	Organic compounds	Organic acids and derivatives	Carboxylic acids and derivatives	Amino acids, peptides, and analogues	Alpha amino acid amides	Simple coumarins	Coumarins	Shikimates and Phenylpropanoids
2004876535628786429	499	0.6071	209.3211	414.3009	623.622	SXPRAKSDHOEHIG	Cer(d18:0/22:0)	CCCCCCCCCCCCCCCCCCCCCC(=O)N[C@@H](CO)[C@@H](CCCCCCCCCCCCCCC)O	Organic compounds	Lipids and lipid-like molecules	Sphingolipids	Ceramides	Ceramides	Ceramides	Sphingolipids	Fatty acids
2004876535628786429	500	0.2939	22.9351	414.3009	437.236	YZUUTMGDONTGTN	Nonaethylene glycol|2-[2-[2-[2-[2-[2-[2-[2-(2-hydroxyethoxy)ethoxy]ethoxy]ethoxy]ethoxy]ethoxy]ethoxy]ethoxy]ethanol	OCCOCCOCCOCCOCCOCCOCCOCCOCCO	Organic compounds	Organic oxygen compounds	Organooxygen compounds	Ethers	Polyethylene glycols	Monoacylglycerols	Glycerolipids	Fatty acids
2004876535628786429	515	0.409	139.8091	414.3009	554.11	USLUCCCHZMUGNA	(3a'S,6a'R)-5'-(benzo[d][1,3]dioxol-5-ylmethyl)-7-chloro-3'-(4-hydroxybenzyl)-3',3a'-dihydro-2'H-spiro[indoline-3,1'-pyrrolo[3,4-c]pyrrole]-2,4',6'(5'H,6a'H)-trione	O=C1NC=2C(Cl)=CC=CC2C31NC(CC4=CC=C(O)C=C4)C5C(=O)N(C(=O)C53)CC6=CC=C7OCOC7=C6	Organic compounds	Organic acids and derivatives	Carboxylic acids and derivatives	Amino acids, peptides, and analogues	Alpha amino acid amides		Peptide alkaloids	Alkaloids; Amino acids and Peptides
2004876535628786429	516	0.409	315.2661	414.3009	729.567	XVYPOHCSLJZFED	PE(P-18:0/18:1)	CCCCCCCCCCCCCCCC/C=C\OC[C@H](COP(=O)(O)OCCN)OC(=O)CCCCCCC/C=C\CCCCCCCC	Organic compounds	Lipids and lipid-like molecules	Glycerophospholipids	Glycerophosphoethanolamines	1-(1Z-alkenyl),2-acylglycerophosphoethanolamines	Glycerophosphoethanolamines	Glycerophospholipids	Fatty acids
2004876535628786429	517	0.409	253.3471	414.3009	667.648	DGORBCXEWSENPF	Cer(d18:0/24:0(2OH))	CCCCCCCCCCCCCCCCCCCCCCC(C(=O)N[C@@H](CO)[C@@H](CCCCCCCCCCCCCCC)O)O	Organic compounds	Lipids and lipid-like molecules	Sphingolipids	Ceramides	Ceramides	Ceramides	Sphingolipids	Fatty acids
15068017531177497683	522	0.3459	38.9623	349.0757	388.038	AHTPATJNIAFOLR	3-[(4-methoxy-6-methyl-s-triazin-2-yl)carbamoylsulfamoyl]thiophene-2-carboxylic acid methyl ester	COC(=O)C1=C(C=CS1)S(=O)(=O)NC(=O)NC1=NC(C)=NC(OC)=N1	Organic compounds	Organoheterocyclic compounds	Thiophenes	Thiophene carboxylic acids and derivatives	Thiophene carboxylic acids and derivatives			Alkaloids
15068017531177497683	523	0.409	158.9023	349.0757	507.978	VWGAYSCWLXQJBQ	Iodosulfuron-methyl	CC1=NC(=NC(=N1)OC)NC(=O)NS(=O)(=O)C2=C(C=CC(=C2)I)C(=O)OC	Organic compounds	Organic nitrogen compounds	Organonitrogen compounds	Sulfonylureas	S-triazinyl-2-sulfonylureas			Alkaloids
15068017531177497683	524	0.5286	64.0293	349.0757	413.105	LPTITAGPBXDDGR	BETA-GLUCOSE PENTAACETIC ACID	CC(=O)OC[C@@H]1[C@H]([C@@H]([C@H]([C@H](OC(=O)C)O1)OC(=O)C)OC(=O)C)OC(=O)C	Organic compounds	Organic acids and derivatives	Carboxylic acids and derivatives	Pentacarboxylic acids and derivatives	Pentacarboxylic acids and derivatives	Disaccharides	Saccharides	Carbohydrates
15068017531177497683	527	0.6146	488.6543	349.0757	837.73	CRFNGMNYKDXRTN	butanoyl-CoA	CCCC(=O)SCCNC(=O)CCNC(=O)C(C(C)(C)COP(=O)(O)OP(=O)(O)OCC1C(C(C(O1)N2C=NC3=C2N=CN=C3N)O)OP(=O)(O)O)O	Organic compounds	Lipids and lipid-like molecules	Fatty Acyls	Fatty acyl thioesters	Acyl CoAs	Fatty acyl CoAs	Fatty esters	Fatty acids
15068017531177497683	528	0.409	302.1213	349.0757	651.197	FRNDILDQFSAXAR	_130141	OC1=CC=C(/C=C/C=C/C(NC2=CC=C(O)C=C2C(O)=O)=O)C=C1	Organic compounds	Benzenoids	Benzene and substituted derivatives	Benzoic acids and derivatives	Acylaminobenzoic acid and derivatives	Anthranillic acid derivatives	Anthranilic acid alkaloids	Alkaloids
15068017531177497683	529	0.7029	362.1733	349.0757	711.249	ZRTBPOAMWLLGTO	(1aS,1bS,2S,5aR,6S,6aS)-6-({2-O-Acetyl-6-deoxy-3-O-[(2E)-3-(4-methoxyphenyl)-2-propenoyl]-alpha-L-mannopyranosyl}oxy)-1a-(hydroxymethyl)-1a,1b,2,5a,6,6a-hexahydrooxireno[4,5]cyclopenta[1,2-c]pyran-2-yl beta-L-glucopyranoside	COC1=CC=C(\C=C\C(=O)O[C@@H]2[C@@H](O)[C@H](C)O[C@@H](O[C@H]3[C@@H]4\C=C/O[C@@H](O[C@H]5O[C@@H](CO)[C@H](O)[C@@H](O)[C@@H]5O)[C@@H]4[C@@]6(CO)O[C@@H]36)[C@@H]2OC(C)=O)C=C1	Organic compounds	Phenylpropanoids and polyketides	Cinnamic acids and derivatives	Cinnamic acid esters	Cinnamic acid esters	Iridoids monoterpenoids	Monoterpenoids	Terpenoids
15068017531177497683	530	0.409	158.9023	349.0757	507.978	VWGAYSCWLXQJBQ	Methyl 4-iodo-2-[(4-methoxy-6-methyl-1,3,5-triazin-2-yl)carbamoylsulfamoyl]benzoate	Cc2nc(NC(=O)NS(=O)(=O)c1cc(I)ccc1C(=O)OC)nc(OC)n2	Organic compounds	Organic nitrogen compounds	Organonitrogen compounds	Sulfonylureas	S-triazinyl-2-sulfonylureas			Alkaloids
15068017531177497683	536	0.5486	74.8887	349.0757	274.187	IBIDRSSEHFLGSD	Val-Arg	CC(C)[C@@H](C(=O)N[C@@H](CCCN=C(N)N)C(=O)O)N	Organic compounds	Organic acids and derivatives	Carboxylic acids and derivatives	Amino acids, peptides, and analogues	Dipeptides	Dipeptides	Small peptides	Amino acids and Peptides
15068017531177497683	537	0.409	534.3123	349.0757	883.388	KPLBOWKEQXYXSD	[8-[2-(3-methylbutanoyloxy)propan-2-yl]-2-oxo-8,9-dihydrofuro[2,3-h]chromen-9-yl] 3-methylbutanoate [IIN-based on: CCMSLIB00000848207]	CC(C)CC(=O)OC1C(OC2=C1C3=C(C=C2)C=CC(=O)O3)C(C)(C)OC(=O)CC(C)C	Organic compounds	Phenylpropanoids and polyketides	Coumarins and derivatives	Furanocoumarins	Angular furanocoumarins	Furocoumarins	Coumarins	Shikimates and Phenylpropanoids
15068017531177497683	538	0.409	158.9023	349.0757	507.978	VWGAYSCWLXQJBQ	Methyl 4-iodo-2-[(4-methoxy-6-methyl-1,3,5-triazin-2-yl)carbamoylsulfamoyl]benzoate	Cc2nc(NC(=O)NS(=O)(=O)c1cc(I)ccc1C(=O)OC)nc(OC)n2	Organic compounds	Organic nitrogen compounds	Organonitrogen compounds	Sulfonylureas	S-triazinyl-2-sulfonylureas			Alkaloids
15068017531177497683	539	0.409	223.9613	349.0757	573.037	HZMMMVGQXDUITB	PRZ_M573	[H]N([H])[C@@H](CCC(=O)N([H])[C@@H](CSC(=O)NCCOC1=C(Cl)C=C(Cl)C=C1Cl)C(=O)N([H])CC(O)=O)C(O)=O	Organic compounds	Organic acids and derivatives	Carboxylic acids and derivatives	Amino acids, peptides, and analogues	Oligopeptides	Tripeptides	Small peptides	Amino acids and Peptides
15068017531177497683	540	0.409	112.2583	349.0757	461.334	MDSUKZSLOATHMH	Leu-Val	CC(C)C[C@@H](C(=O)N[C@@H](C(C)C)C(=O)O)N	Organic compounds	Organic acids and derivatives	Carboxylic acids and derivatives	Amino acids, peptides, and analogues	Dipeptides	Dipeptides	Small peptides	Amino acids and Peptides
15068017531177497683	542	0.409	132.0943	349.0757	481.17	QQUHMASGPODSIW	albiflorin	C[C@]12C[C@@H](O)[C@@H]3C[C@@]1(O[C@@H]1O[C@H](CO)[C@@H](O)[C@H](O)[C@H]1O)[C@]3(COC(=O)c1ccccc1)C(=O)O2	Organic compounds	Lipids and lipid-like molecules	Prenol lipids	Terpene glycosides	Terpene glycosides	Pinane monoterpenoids	Monoterpenoids	Terpenoids
15068017531177497683	543	0.6337	417.5043	349.0757	766.58	RGJOEKWQDUBAIZ	CoA	CC(C)(COP(=O)(O)OP(=O)(O)OCC1C(C(C(O1)N2C=NC3=C2N=CN=C3N)O)OP(=O)(O)O)C(C(=O)NCCC(=O)NCCS)O	Organic compounds	Nucleosides, nucleotides, and analogues	Purine nucleotides	Purine ribonucleotides	Coenzyme A and derivatives	Fatty acyl CoAs	Fatty esters	Fatty acids
15068017531177497683	544	0.6455	85.9337	349.0757	263.142	TUYOFUHICRWDGA	Ile-Met	CC[C@H](C)[C@@H](C(=O)N[C@@H](CCSC)C(=O)O)N	Organic compounds	Organic acids and derivatives	Carboxylic acids and derivatives	Amino acids, peptides, and analogues	Dipeptides	Dipeptides	Small peptides	Amino acids and Peptides
15068017531177497683	545	0.5929	234.1263	349.0757	583.202	DKRXODJAISNRGA	methyl (4S,5Z,6S)-5-(2-acetyloxyethylidene)-4-[2-[2-(4-hydroxyphenyl)ethoxy]-2-oxoethyl]-6-[(2S,3R,4S,5S,6R)-3,4,5-trihydroxy-6-(hydroxymethyl)oxan-2-yl]oxy-4H-pyran-3-carboxylate	COC(=O)C1=CO[C@@H](O[C@@H]2O[C@H](CO)[C@@H](O)[C@H](O)[C@H]2O)/C(=C\COC(C)=O)[C@@H]1CC(=O)OCCc1ccc(O)cc1	Organic compounds	Lipids and lipid-like molecules	Prenol lipids	Terpene glycosides	Terpene glycosides	Secoiridoid monoterpenoids	Monoterpenoids	Terpenoids
15068017531177497683	546	0.409	291.2453	349.0757	640.321	TVWKJMQVETZQNH	S4:16(P3:14/F1:2)	CCCCC(=O)OC1C(CO)OC(OC2(CO)OC(CO)C(OC(C)=O)C2O)C(OC(=O)CCC)C1OC(=O)CCCC	Organic compounds	Lipids and lipid-like molecules	Saccharolipids		Saccharolipids			Terpenoids
15068017531177497683	547	0.3459	22.0677	349.0757	327.008	KVMPUXDNESXNOH	tris(1-chloropropan-2-yl) phosphate	CC(CCl)OP(=O)(OC(C)CCl)OC(C)CCl	Organic compounds	Organic acids and derivatives	Organic phosphoric acids and derivatives	Phosphate esters	Trialkyl phosphates			Fatty acids
15068017531177497683	548	0.409	102.1793	349.0757	451.255	VAHMWGICKYTGSY		Fc1ccc(cc1)C(OCCN2CCN(CCCc3ccccc3)CC2)c4ccc(F)cc4.Cl	Organic compounds	Benzenoids	Benzene and substituted derivatives	Diphenylmethanes	Diphenylmethanes	Isoquinoline alkaloids	Tyrosine alkaloids	Alkaloids
15068017531177497683	549	0.4118	136.0243	349.0757	485.1	DLVLXOYLQKCAME	Swertiajaponin	O=C1C=C(OC=2C=C(OC)C(=C(O)C12)C3OC(CO)C(O)C(O)C3O)C=4C=CC(O)=C(O)C4	Organic compounds	Phenylpropanoids and polyketides	Flavonoids	Flavonoid glycosides	Flavonoid C-glycosides	Flavones	Flavonoids	Shikimates and Phenylpropanoids
15068017531177497683	550	0.409	140.0643	349.0757	489.14	JZWZFNOVWZEQMF	6-o-(4-hydroxybenzoyl)-6-epiaucubin	O=C(OC1C=C(CO)C2C(OC=CC12)OC3OC(CO)C(O)C(O)C3O)C4=CC=C(O)C=C4	Organic compounds	Lipids and lipid-like molecules	Prenol lipids	Terpene glycosides	Iridoid O-glycosides	Iridoids monoterpenoids	Monoterpenoids	Terpenoids
15068017531177497683	551	0.4904	155.9003	349.0757	504.976	DNDNWOWHUWNBCK	glucobrassicin	C1=CC=C2C(=C1)C(=CN2)CC(=NOS(=O)(=O)O)S[C@H]3[C@@H]([C@H]([C@@H]([C@H](O3)CO)O)O)O	Organic compounds	Organic oxygen compounds	Organooxygen compounds	Carbohydrates and carbohydrate conjugates	Alkylglucosinolates	Glucosinolates	Amino acid glycosides	Amino acids and Peptides
15068017531177497683	552	0.409	252.2853	349.0757	601.361	CYHFCBVFHBCQHF	Trp-CDCA	C[C@H](CCC(N[C@H](C(O)=O)CC1=CNC2=C1C=CC=C2)=O)[C@H]3CC[C@@]4([H])[C@]5([H])[C@H](O)C[C@]6([H])C[C@H](O)CC[C@]6(C)[C@H]5CC[C@@]43C	Organic compounds	Lipids and lipid-like molecules	Steroids and steroid derivatives	Bile acids, alcohols and derivatives	Glycinated bile acids and derivatives	Cholane steroids	Steroids	Terpenoids
15068017531177497683	553	0.4887	118.0713	349.0757	467.147	HQKAYCHMYMSSEQ	[8-[2-(3-methylbutanoyloxy)propan-2-yl]-2-oxo-8,9-dihydrofuro[2,3-h]chromen-9-yl] (Z)-2-methylbut-2-enoate	C/C=C(/C)C(=O)OC1c2c(ccc3ccc(=O)oc23)OC1C(C)(C)OC(=O)CC(C)C	Organic compounds	Phenylpropanoids and polyketides	Coumarins and derivatives	Furanocoumarins	Angular furanocoumarins	Furocoumarins; Simple coumarins	Coumarins	Shikimates and Phenylpropanoids
15068017531177497683	554	0.3171	38.9623	349.0757	388.038	AHTPATJNIAFOLR	3-[(4-methoxy-6-methyl-s-triazin-2-yl)carbamoylsulfamoyl]thiophene-2-carboxylic acid methyl ester	COC(=O)C1=C(C=CS1)S(=O)(=O)NC(=O)NC1=NC(C)=NC(OC)=N1	Organic compounds	Organoheterocyclic compounds	Thiophenes	Thiophene carboxylic acids and derivatives	Thiophene carboxylic acids and derivatives			Alkaloids
15068017531177497683	555	0.3459	38.9243	349.0757	388.0	AHTPATJNIAFOLR	Thifensulfuron-methyl	COc(n2)nc(nc(C)2)NC(=O)NS(=O)(=O)c(c1)c(sc1)C(=O)OC	Organic compounds	Organoheterocyclic compounds	Thiophenes	Thiophene carboxylic acids and derivatives	Thiophene carboxylic acids and derivatives			Alkaloids
15068017531177497683	559	0.409	144.1323	349.0757	493.208	DZTHIGRZJZPRDV	N_Acetyl_L_tryptophan	CC(=O)NC(CC1=CNC2=CC=CC=C21)C(=O)O	Organic compounds	Organic acids and derivatives	Carboxylic acids and derivatives	Amino acids, peptides, and analogues	N-acyl-alpha amino acids	Dipeptides	Small peptides	Amino acids and Peptides
15068017531177497683	560	0.5779	112.2583	349.0757	461.334	MDSUKZSLOATHMH	Leu-Val	CC(C)C[C@@H](C(=O)N[C@@H](C(C)C)C(=O)O)N	Organic compounds	Organic acids and derivatives	Carboxylic acids and derivatives	Amino acids, peptides, and analogues	Dipeptides	Dipeptides	Small peptides	Amino acids and Peptides
15068017531177497683	561	0.409	126.0243	349.0757	475.1	ZGRZULFRVWCUPF	Nuezhenidic acid	O=C(O)CC1C(=COC(OC2OC(CO)C(O)C(O)C2O)C1(O)CC(=O)O)C(=O)OC	Organic compounds	Lipids and lipid-like molecules	Prenol lipids	Terpene glycosides	Terpene glycosides	Iridoids monoterpenoids; Secoiridoid monoterpenoids	Monoterpenoids	Terpenoids
15068017531177497683	562	0.409	158.9023	349.0757	507.978	VWGAYSCWLXQJBQ	Methyl 4-iodo-2-[(4-methoxy-6-methyl-1,3,5-triazin-2-yl)carbamoylsulfamoyl]benzoate	Cc2nc(NC(=O)NS(=O)(=O)c1cc(I)ccc1C(=O)OC)nc(OC)n2	Organic compounds	Organic nitrogen compounds	Organonitrogen compounds	Sulfonylureas	S-triazinyl-2-sulfonylureas			Alkaloids
15068017531177497683	563	0.3459	22.0677	349.0757	327.008	KVMPUXDNESXNOH	tris(1-chloropropan-2-yl) phosphate	CC(CCl)OP(=O)(OC(C)CCl)OC(C)CCl	Organic compounds	Organic acids and derivatives	Organic phosphoric acids and derivatives	Phosphate esters	Trialkyl phosphates			Fatty acids
15068017531177497683	564	0.4868	175.2443	349.0757	524.32	XKMLYUALXHKNFT	5'-GTP	C1=NC2=C(N1C3C(C(C(O3)COP(=O)(O)OP(=O)(O)OP(=O)(O)O)O)O)NC(=NC2=O)N	Organic compounds	Nucleosides, nucleotides, and analogues	Purine nucleotides	Purine ribonucleotides	Purine ribonucleoside triphosphates	Purine nucleos(t)ides	Nucleosides	Carbohydrates
15068017531177497683	566	0.5726	339.1843	349.0757	688.26	SPPYHEUQJYKKII	Methyl (3Z)-2-(beta-D-glucopyranosyloxy)-4-{2-[2-(4-hydroxyphenyl)ethoxy]-2-oxoethyl}-3-(2-{[(2E)-3-phenyl-2-propenoyl]oxy}ethylidene)-3,4-dihydro-2H-pyran-5-carboxylate	COC(=O)C/1=C/OC(O[C@@H]2O[C@H](CO)[C@@H](O)[C@H](O)[C@H]2O)C(=C/COC(=O)/C=C/C3=CC=CC=C3)\C1CC(=O)OCCC4=CC=C(O)C=C4	Organic compounds	Lipids and lipid-like molecules	Prenol lipids	Terpene glycosides	Terpene glycosides	Secoiridoid monoterpenoids	Monoterpenoids	Terpenoids
15068017531177497683	567	0.5281	3.0903	349.0757	352.166	IMMPMHKLUUZKAZ	Trp-Phe	C1=CC=C(C=C1)C[C@@H](C(=O)O)NC(=O)[C@H](CC2=CNC3=CC=CC=C32)N	Organic compounds	Organic acids and derivatives	Carboxylic acids and derivatives	Amino acids, peptides, and analogues	Dipeptides	Dipeptides	Small peptides	Amino acids and Peptides
15068017531177497683	568	0.5495	74.8887	349.0757	274.187	IBIDRSSEHFLGSD	Val-Arg	CC(C)[C@@H](C(=O)N[C@@H](CCCN=C(N)N)C(=O)O)N	Organic compounds	Organic acids and derivatives	Carboxylic acids and derivatives	Amino acids, peptides, and analogues	Dipeptides	Dipeptides	Small peptides	Amino acids and Peptides
15068017531177497683	569	0.6097	236.0823	349.0757	585.158	ZUUPZDSDPDQRJK	6-[4,5-dihydroxy-6-methyl-3-[(2S,3R,4R,5R,6S)-3,4,5-trihydroxy-6-methyloxan-2-yl]oxyoxan-2-yl]-5,7-dihydroxy-2-(4-hydroxyphenyl)chromen-4-one	CC1OC(c2c(O)cc3oc(-c4ccc(O)cc4)cc(=O)c3c2O)C(O[C@@H]2O[C@@H](C)[C@H](O)[C@@H](O)[C@H]2O)C(O)C1O	Organic compounds	Phenylpropanoids and polyketides	Flavonoids	Flavonoid glycosides	Flavonoid C-glycosides	Flavones	Flavonoids	Shikimates and Phenylpropanoids
12984543218258452595	570	0.409	277.0744	188.1756	465.25	DRLFMBDRBRZALE	Melatonin	COc1ccc2[nH]cc(CCN=C(C)O)c2c1	Organic compounds	Organoheterocyclic compounds	Indoles and derivatives	Indoles	3-alkylindoles	Simple indole alkaloids	Tryptophan alkaloids	Alkaloids
12984543218258452595	571	0.409	361.0954	188.1756	549.271	KQGQONPKSKUHHT	N_Acetyl_L_tryptophan_ethyl_ester	CCOC(=O)C(CC1=CNC2=CC=CC=C21)NC(=O)C	Organic compounds	Organic acids and derivatives	Carboxylic acids and derivatives	Amino acids, peptides, and analogues	N-acyl-alpha amino acids and derivatives	Dipeptides	Small peptides	Amino acids and Peptides
12984543218258452595	572	0.409	407.1984	188.1756	595.374	BWJAVNUITZYXPB	Trp-bMCA	C[C@H](CCC(N[C@H](C(O)=O)CC1=CNC2=C1C=CC=C2)=O)[C@H]3CC[C@@]4([H])[C@]5([H])[C@@H](O)[C@@H](O)[C@]6([H])C[C@H](O)CC[C@]6(C)[C@H]5CC[C@@]43C	Organic compounds	Lipids and lipid-like molecules	Steroids and steroid derivatives	Bile acids, alcohols and derivatives	Trihydroxy bile acids, alcohols and derivatives	Cholestane steroids	Steroids	Terpenoids
12984543218258452595	573	0.5284	58.9644	188.1756	247.14	AOHCBEAZXHZMOR	Hypaphorine	O=C([O-])C(CC1=CNC=2C=CC=CC21)[N+](C)(C)C	Organic compounds	Organic acids and derivatives	Carboxylic acids and derivatives	Amino acids, peptides, and analogues	L-alpha-amino acids			
12984543218258452595	574	0.5292	30.9344	188.1756	219.11	CZCIKBSVHDNIDH	Abrine	O=C(O)C(NC)CC1=CNC=2C=CC=CC21	Organic compounds	Organic acids and derivatives	Carboxylic acids and derivatives	Amino acids, peptides, and analogues	L-alpha-amino acids	Aminoacids; Dipeptides	Small peptides	Amino acids and Peptides
12984543218258452595	575	0.409	361.0954	188.1756	549.271	KQGQONPKSKUHHT	N_Acetyl_L_tryptophan_ethyl_ester	CCOC(=O)C(CC1=CNC2=CC=CC=C21)NC(=O)C	Organic compounds	Organic acids and derivatives	Carboxylic acids and derivatives	Amino acids, peptides, and analogues	N-acyl-alpha amino acids and derivatives	Dipeptides	Small peptides	Amino acids and Peptides
12984543218258452595	576	0.5286	30.9344	188.1756	219.11	CZCIKBSVHDNIDH	Abrine	O=C(O)C(NC)CC1=CNC=2C=CC=CC21	Organic compounds	Organic acids and derivatives	Carboxylic acids and derivatives	Amino acids, peptides, and analogues	L-alpha-amino acids	Aminoacids; Dipeptides	Small peptides	Amino acids and Peptides
12984543218258452595	577	0.409	247.1194	188.1756	435.295	SCABKEBYDRTODC	bis[2-(2-butoxyethoxy)ethyl] hexanedioate	CCCCOCCOCCOC(=O)CCCCC(=O)OCCOCCOCCCC	Organic compounds	Lipids and lipid-like molecules	Fatty Acyls	Fatty acid esters	Fatty acid esters	Triacylglycerols	Glycerolipids	Fatty acids
12984543218258452595	578	0.409	313.1304	188.1756	501.306	JPGYRFJJNVYGPI	[3-hydroxy-1-oxo-1-(2,3,4,5,6-pentahydroxyhexoxy)decan-5-yl] 3,5-dihydroxydecanoate [IIN-based on: CCMSLIB00000847525]	CCCCCC(O)CC(O)CC(=O)OC(CCCCC)CC(O)CC(=O)OCC(O)C(O)C(O)C(O)CO	Organic compounds	Lipids and lipid-like molecules	Fatty Acyls	Fatty alcohols	Fatty alcohols			Fatty acids; Polyketides
12984543218258452595	579	0.409	319.0964	188.1756	507.272	SCIXGQOSKNXPSL	[(1S,9S,13R,14R)-14-hydroxy-14-(hydroxymethyl)-5,5-dimethyltetracyclo[11.2.1.0,?.0?,?]hexadecan-9-yl]methyl (2E)-3-(3,4-dihydroxyphenyl)prop-2-enoate	CC(C)(CCC1)C2[C@]1(COC(/C=C/c(cc1)cc(O)c1O)=O)C(CC[C@H](C1)[C@@](CO)(C3)O)[C@]13CC2	Organic compounds	Lipids and lipid-like molecules	Prenol lipids	Diterpenoids	Kaurane diterpenoids	Kaurane and Phyllocladane diterpenoids	Diterpenoids	Terpenoids
12984543218258452595	581	0.409	327.0144	188.1756	515.19	DZTHIGRZJZPRDV	N_Acetyl_L_tryptophan	CC(=O)NC(CC1=CNC2=CC=CC=C21)C(=O)O	Organic compounds	Organic acids and derivatives	Carboxylic acids and derivatives	Amino acids, peptides, and analogues	N-acyl-alpha amino acids	Dipeptides	Small peptides	Amino acids and Peptides
12984543218258452595	583	0.409	267.0134	188.1756	455.189	CKTSBUTUHBMZGZ	2'-deoxycytidine	N=c1ccn([C@H]2C[C@H](O)[C@@H](CO)O2)c(O)n1	Organic compounds	Nucleosides, nucleotides, and analogues	Pyrimidine nucleosides	Pyrimidine 2'-deoxyribonucleosides	Pyrimidine 2'-deoxyribonucleosides	Pyrimidine nucleos(t)ides	Nucleosides	Carbohydrates
12984543218258452595	584	0.3041	77.1656	188.1756	111.01	LCTONWCANYUPML	Pyruvic acid	O=C(O)C(=O)C	Organic compounds	Organic acids and derivatives	Keto acids and derivatives	Alpha-keto acids and derivatives	Alpha-keto acids and derivatives	Oxo fatty acids	Fatty Acids and Conjugates	Fatty acids
12984543218258452595	585	0.409	253.0014	188.1756	441.177	LDCYZAJDBXYCGN	5_hydroxy_tryptophan	C1=CC2=C(C=C1O)C(=CN2)CC(C(=O)O)N	Organic compounds	Organoheterocyclic compounds	Indoles and derivatives	Tryptamines and derivatives	Serotonins	Aminoacids	Small peptides	Amino acids and Peptides
12984543218258452595	586	0.5284	41.0626	188.1756	147.113	KDXKERNSBIXSRK	L-lysine	NCCCC[C@H](N)C(O)=O	Organic compounds	Organic acids and derivatives	Carboxylic acids and derivatives	Amino acids, peptides, and analogues	Alpha amino acids	Aminoacids	Small peptides	Amino acids and Peptides
12984543218258452595	587	0.409	247.1194	188.1756	435.295	SCABKEBYDRTODC	bis[2-(2-butoxyethoxy)ethyl] hexanedioate	CCCCOCCOCCOC(=O)CCCCC(=O)OCCOCCOCCCC	Organic compounds	Lipids and lipid-like molecules	Fatty Acyls	Fatty acid esters	Fatty acid esters	Triacylglycerols	Glycerolipids	Fatty acids
12984543218258452595	588	0.409	263.0494	188.1756	451.225	INRCFVYVWPWZJS	5-[(Z)-14-(3,5-dihydroxyphenyl)tetradec-8-enyl]benzene-1,3-diol	Oc1cc(O)cc(CCCCC/C=C\CCCCCCCc2cc(O)cc(O)c2)c1	Organic compounds	Benzenoids	Phenols	Benzenediols	Resorcinols	Catechols with side chains	Aromatic polyketides	Polyketides
12984543218258452595	589	0.3459	139.2104	188.1756	327.386	JGFDZZLUDWMUQH	didecyl(dimethyl)azanium	CCCCCCCCCC[N+](C)(C)CCCCCCCCCC	Organic compounds	Organic nitrogen compounds	Organonitrogen compounds	Quaternary ammonium salts	Tetraalkylammonium salts			
12984543218258452595	590	0.3459	126.8094	188.1756	314.985	ICUTUKXCWQYESQ	1-(4-chlorophenyl)-3-(3,4-dichlorophenyl)urea	Clc2ccc(NC(=O)Nc1ccc(Cl)cc1)cc2Cl	Organic compounds	Benzenoids	Benzene and substituted derivatives	Halobenzenes	Dichlorobenzenes			Shikimates and Phenylpropanoids
12984543218258452595	591	0.5292	30.9374	188.1756	219.113	CZCIKBSVHDNIDH	Abrine	CN[C@@H](CC1=CNC2=CC=CC=C21)C(=O)O	Organic compounds	Organic acids and derivatives	Carboxylic acids and derivatives	Amino acids, peptides, and analogues	L-alpha-amino acids	Aminoacids; Dipeptides	Small peptides	Amino acids and Peptides
12984543218258452595	592	0.5292	30.9344	188.1756	219.11	CZCIKBSVHDNIDH	Abrine	O=C(O)C(NC)CC1=CNC=2C=CC=CC21	Organic compounds	Organic acids and derivatives	Carboxylic acids and derivatives	Amino acids, peptides, and analogues	L-alpha-amino acids	Aminoacids; Dipeptides	Small peptides	Amino acids and Peptides
12984543218258452595	593	0.5292	30.9344	188.1756	219.11	CZCIKBSVHDNIDH	Abrine	O=C(O)C(NC)CC1=CNC=2C=CC=CC21	Organic compounds	Organic acids and derivatives	Carboxylic acids and derivatives	Amino acids, peptides, and analogues	L-alpha-amino acids	Aminoacids; Dipeptides	Small peptides	Amino acids and Peptides
12984543218258452595	594	0.409	327.2364	188.1756	515.412	GHKOFFNLGXMVNJ	Didodecyl 3,3'-thiodipropionate [IIN-based: Match]	CCCCCCCCCCCCOC(=O)CCSCCC(=O)OCCCCCCCCCCCC	Organic compounds	Organic acids and derivatives	Carboxylic acids and derivatives	Dicarboxylic acids and derivatives	Dicarboxylic acids and derivatives	Wax monoesters	Fatty esters	Fatty acids
12984543218258452595	595	0.3459	116.9374	188.1756	305.113	YRKLGWOHYXIKSF	Indole-3-acetyl-L-glutamic acid	OC(=O)CC[C@H](N=C(O)CC1=CNC2=CC=CC=C12)C(O)=O	Organic compounds	Organic acids and derivatives	Carboxylic acids and derivatives	Amino acids, peptides, and analogues	Glutamic acid and derivatives			
12984543218258452595	596	0.409	361.0954	188.1756	549.271	KQGQONPKSKUHHT	N_Acetyl_L_tryptophan_ethyl_ester	CCOC(=O)C(CC1=CNC2=CC=CC=C21)NC(=O)C	Organic compounds	Organic acids and derivatives	Carboxylic acids and derivatives	Amino acids, peptides, and analogues	N-acyl-alpha amino acids and derivatives	Dipeptides	Small peptides	Amino acids and Peptides
12984543218258452595	597	0.3459	109.1034	188.1756	297.279	RVWOWEQKPMPWMQ	Methyl 12-hydroxystearate	CCCCCCC(CCCCCCCCCCC(=O)OC)O	Organic compounds	Lipids and lipid-like molecules	Fatty Acyls	Fatty alcohols	Fatty alcohols	Hydroxy fatty acids	Fatty Acids and Conjugates	Fatty acids
12984543218258452595	598	0.409	265.0494	188.1756	453.225	WGVQPPKZKAJDGR	2-[5-[2-[2-[5-(2-hydroxybutyl)oxolan-2-yl]propanoyloxy]butyl]oxolan-2-yl]propanoic acid	CCC(O)CC1CCC(C(C)C(=O)OC(CC)CC2CCC(C(C)C(=O)O)O2)O1	Organic compounds	Organic acids and derivatives	Carboxylic acids and derivatives	Dicarboxylic acids and derivatives	Dicarboxylic acids and derivatives	Macrotetrolides	Polyethers	Polyketides
12984543218258452595	599	0.409	349.1514	188.1756	537.327	JPGYRFJJNVYGPI	[3-hydroxy-1-oxo-1-(2,3,4,5,6-pentahydroxyhexoxy)decan-5-yl] 3,5-dihydroxydecanoate [IIN-based: Match]	CCCCCC(O)CC(O)CC(=O)OC(CCCCC)CC(O)CC(=O)OCC(O)C(O)C(O)C(O)CO	Organic compounds	Lipids and lipid-like molecules	Fatty Acyls	Fatty alcohols	Fatty alcohols			Fatty acids; Polyketides
12984543218258452595	600	0.5292	30.9344	188.1756	219.11	CZCIKBSVHDNIDH	Abrine	O=C(O)C(NC)CC1=CNC=2C=CC=CC21	Organic compounds	Organic acids and derivatives	Carboxylic acids and derivatives	Amino acids, peptides, and analogues	L-alpha-amino acids	Aminoacids; Dipeptides	Small peptides	Amino acids and Peptides
12984543218258452595	601	0.5292	30.9344	188.1756	219.11	CZCIKBSVHDNIDH	Abrine	CN[C@@H](CC1=CNC2=CC=CC=C21)C(=O)O	Organic compounds	Organic acids and derivatives	Carboxylic acids and derivatives	Amino acids, peptides, and analogues	L-alpha-amino acids	Aminoacids; Dipeptides	Small peptides	Amino acids and Peptides
12984543218258452595	602	0.409	327.0144	188.1756	515.19	DZTHIGRZJZPRDV	N_Acetyl_L_tryptophan	CC(=O)NC(CC1=CNC2=CC=CC=C21)C(=O)O	Organic compounds	Organic acids and derivatives	Carboxylic acids and derivatives	Amino acids, peptides, and analogues	N-acyl-alpha amino acids	Dipeptides	Small peptides	Amino acids and Peptides
12984543218258452595	603	0.5542	58.9644	188.1756	247.14	AOHCBEAZXHZMOR	Hypaphorine	O=C([O-])C(CC1=CNC=2C=CC=CC21)[N+](C)(C)C	Organic compounds	Organic acids and derivatives	Carboxylic acids and derivatives	Amino acids, peptides, and analogues	L-alpha-amino acids			
12984543218258452595	604	0.5507	30.9344	188.1756	219.11	CZCIKBSVHDNIDH	Abrine	O=C(O)C(NC)CC1=CNC=2C=CC=CC21	Organic compounds	Organic acids and derivatives	Carboxylic acids and derivatives	Amino acids, peptides, and analogues	L-alpha-amino acids	Aminoacids; Dipeptides	Small peptides	Amino acids and Peptides
12984543218258452595	605	0.409	327.0874	188.1756	515.263	AOHCBEAZXHZMOR	hypaphorine	C[N+](C)(C)C(CC1=CNC2=CC=CC=C21)C(=O)[O-]	Organic compounds	Organic acids and derivatives	Carboxylic acids and derivatives	Amino acids, peptides, and analogues	L-alpha-amino acids			
12984543218258452595	606	0.3459	126.8094	188.1756	314.985	ICUTUKXCWQYESQ	1-(4-chlorophenyl)-3-(3,4-dichlorophenyl)urea	Clc2ccc(NC(=O)Nc1ccc(Cl)cc1)cc2Cl	Organic compounds	Benzenoids	Benzene and substituted derivatives	Halobenzenes	Dichlorobenzenes			Shikimates and Phenylpropanoids
12984543218258452595	607	0.409	247.1194	188.1756	435.295	SCABKEBYDRTODC	bis[2-(2-butoxyethoxy)ethyl] hexanedioate	CCCCOCCOCCOC(=O)CCCCC(=O)OCCOCCOCCCC	Organic compounds	Lipids and lipid-like molecules	Fatty Acyls	Fatty acid esters	Fatty acid esters	Triacylglycerols	Glycerolipids	Fatty acids
12984543218258452595	608	0.409	406.2454	188.1756	594.421	XBEDTLDOFCRJHC	3-[5-(3,5-dihydroxydecanoyloxy)-3-hydroxydecanoyl]oxy-5-hydroxydecanoic acid	CCCCCC(O)CC(O)CC(=O)OC(CCCCC)CC(O)CC(=O)OC(CC(O)CCCCC)CC(O)=O	Organic compounds	Lipids and lipid-like molecules	Fatty Acyls	Fatty acid esters	3-(3-hydroxyalkanoyloxy)alkanoic acids	Fatty acid estolides; Hydroxy fatty acids	Fatty Acids and Conjugates; Fatty esters	Fatty acids
12984543218258452595	609	0.3459	148.9164	188.1756	337.092	IGMNYECMUMZDDF	25Dihydroxy_phenyl_acetic_acid_homogenistic	C1=CC(=C(C=C1O)CC(=O)O)O	Organic compounds	Benzenoids	Benzene and substituted derivatives	Phenylacetic acids	2(hydroxyphenyl)acetic acids	Simple phenolic acids	Phenolic acids (C6-C1)	Shikimates and Phenylpropanoids
12984543218258452595	613	0.5319	204.0094	188.1756	392.185	HXJDWCWJDCOHDG	S-HEXYL-GLUTATHIONE	CCCCCCSCC(C(=O)NCC(=O)O)NC(=O)CCC(C(=O)O)N	Organic compounds	Organic acids and derivatives	Carboxylic acids and derivatives	Amino acids, peptides, and analogues	Oligopeptides	Dipeptides; Tripeptides	Small peptides	Amino acids and Peptides
12984543218258452595	615	0.3459	102.9144	188.1756	291.09	IVUXTESCPZUGJC	3-[4-(4-chlorophenoxy)phenyl]-1,1-dimethylurea	CN(C)C(=O)NC1=CC=C(OC2=CC=C(Cl)C=C2)C=C1	Organic compounds	Benzenoids	Benzene and substituted derivatives	Diphenylethers	Diphenylethers			
12984543218258452595	616	0.409	361.0954	188.1756	549.271	KQGQONPKSKUHHT	N_Acetyl_L_tryptophan_ethyl_ester	CCOC(=O)C(CC1=CNC2=CC=CC=C21)NC(=O)C	Organic compounds	Organic acids and derivatives	Carboxylic acids and derivatives	Amino acids, peptides, and analogues	N-acyl-alpha amino acids and derivatives	Dipeptides	Small peptides	Amino acids and Peptides
12984543218258452595	617	0.409	331.1404	188.1756	519.316	JPGYRFJJNVYGPI	[3-hydroxy-1-oxo-1-(2,3,4,5,6-pentahydroxyhexoxy)decan-5-yl] 3,5-dihydroxydecanoate [IIN-based on: CCMSLIB00000847525]	CCCCCC(O)CC(O)CC(=O)OC(CCCCC)CC(O)CC(=O)OCC(O)C(O)C(O)C(O)CO	Organic compounds	Lipids and lipid-like molecules	Fatty Acyls	Fatty alcohols	Fatty alcohols			Fatty acids; Polyketides
12984543218258452595	618	0.3037	35.9556	188.1756	152.22	DKNWSYNQZKUICI	Symmet	C1C2CC3CC1CC(C2)(C3)N	Organic compounds	Organic nitrogen compounds	Organonitrogen compounds	Amines	Monoalkylamines			
12984543218258452595	619	0.409	344.2624	188.1756	532.438	GHKOFFNLGXMVNJ	Didodecyl 3,3'-thiodipropionate [IIN-based on: CCMSLIB00003378404]	CCCCCCCCCCCCOC(=O)CCSCCC(=O)OCCCCCCCCCCCC	Organic compounds	Organic acids and derivatives	Carboxylic acids and derivatives	Dicarboxylic acids and derivatives	Dicarboxylic acids and derivatives	Wax monoesters	Fatty esters	Fatty acids
12984543218258452595	620	0.409	249.0424	188.1756	437.218	KCUNTYMNJVXYKZ	D_tryptophan methyl ester	COC(=O)C(CC1=CNC2=CC=CC=C21)N	Organic compounds	Organic acids and derivatives	Carboxylic acids and derivatives	Amino acids, peptides, and analogues	Alpha amino acid esters	Aminoacids	Small peptides	Amino acids and Peptides; Shikimates and Phenylpropanoids
12984543218258452595	621	0.409	361.0954	188.1756	549.271	KQGQONPKSKUHHT	N_Acetyl_L_tryptophan_ethyl_ester	CCOC(=O)C(CC1=CNC2=CC=CC=C21)NC(=O)C	Organic compounds	Organic acids and derivatives	Carboxylic acids and derivatives	Amino acids, peptides, and analogues	N-acyl-alpha amino acids and derivatives	Dipeptides	Small peptides	Amino acids and Peptides
12984543218258452595	622	0.409	361.0954	188.1756	549.271	KQGQONPKSKUHHT	N_Acetyl_L_tryptophan_ethyl_ester	CCOC(=O)C(CC1=CNC2=CC=CC=C21)NC(=O)C	Organic compounds	Organic acids and derivatives	Carboxylic acids and derivatives	Amino acids, peptides, and analogues	N-acyl-alpha amino acids and derivatives	Dipeptides	Small peptides	Amino acids and Peptides
12984543218258452595	623	0.5357	204.0094	188.1756	392.185	HXJDWCWJDCOHDG	S-HEXYL-GLUTATHIONE	CCCCCCSCC(C(=O)NCC(=O)O)NC(=O)CCC(C(=O)O)N	Organic compounds	Organic acids and derivatives	Carboxylic acids and derivatives	Amino acids, peptides, and analogues	Oligopeptides	Dipeptides; Tripeptides	Small peptides	Amino acids and Peptides
12984543218258452595	624	0.409	361.0954	188.1756	549.271	KQGQONPKSKUHHT	N_Acetyl_L_tryptophan_ethyl_ester	CCOC(=O)C(CC1=CNC2=CC=CC=C21)NC(=O)C	Organic compounds	Organic acids and derivatives	Carboxylic acids and derivatives	Amino acids, peptides, and analogues	N-acyl-alpha amino acids and derivatives	Dipeptides	Small peptides	Amino acids and Peptides
12984543218258452595	625	0.409	361.0954	188.1756	549.271	KQGQONPKSKUHHT	N_Acetyl_L_tryptophan_ethyl_ester	CCOC(=O)C(CC1=CNC2=CC=CC=C21)NC(=O)C	Organic compounds	Organic acids and derivatives	Carboxylic acids and derivatives	Amino acids, peptides, and analogues	N-acyl-alpha amino acids and derivatives	Dipeptides	Small peptides	Amino acids and Peptides
12984543218258452595	626	0.3121	88.8244	188.1756	277.0	IQEHUKUDFWPNBZ	Tryptophan. N-(1-thioxorthyl)-methyl ester	CC(=S)NC(CC1=CNC2=CC=CC=C21)C(=O)OC	Organic compounds	Organic acids and derivatives	Carboxylic acids and derivatives	Amino acids, peptides, and analogues	Alpha amino acid esters	Dipeptides	Small peptides	Amino acids and Peptides
12984543218258452595	627	0.409	575.3444	188.1756	763.52	PBYPZVMETKFGQR	5-[5-[5-(3,5-dihydroxydecanoyloxy)-3-hydroxydecanoyl]oxy-3-hydroxydecanoyl]oxy-3-hydroxydecanoic acid	CCCCCC(O)CC(O)CC(=O)OC(CCCCC)CC(O)CC(=O)OC(CCCCC)CC(O)CC(=O)OC(CCCCC)CC(O)CC(O)=O	Organic compounds	Organic acids and derivatives	Carboxylic acids and derivatives	Tetracarboxylic acids and derivatives	Tetracarboxylic acids and derivatives	Fatty acid estolides	Fatty esters	Fatty acids
12984543218258452595	628	0.409	327.2374	188.1756	515.413	GHKOFFNLGXMVNJ	Propanoic acid, 3,3'-thiobis-, didodecyl ester	CCCCCCCCCCCCOC(CCSCCC(OCCCCCCCCCCCC)=O)=O	Organic compounds	Organic acids and derivatives	Carboxylic acids and derivatives	Dicarboxylic acids and derivatives	Dicarboxylic acids and derivatives	Wax monoesters	Fatty esters	Fatty acids
12984543218258452595	629	0.5499	247.0754	188.1756	435.251	PFIQXUYXVYYERO	5-[(Z)-14-(3,5-dihydroxyphenyl)tetradec-10-enyl]benzene-1,3-diol	Oc1cc(O)cc(CCC/C=C\CCCCCCCCCc2cc(O)cc(O)c2)c1	Organic compounds	Benzenoids	Phenols	Benzenediols	Resorcinols	Catechols with side chains	Aromatic polyketides	Polyketides
9942623488644292945	631	0.409	112.8547	494.2873	607.142	PAEOIXITAYMQRF	5-methoxy-3-methyl-4-[(2S,3R,4S,5S,6R)-3,4,5-trihydroxy-6-[[(2R,3R,4S,5S,6R)-3,4,5-trihydroxy-6-(hydroxymethyl)oxan-2-yl]oxymethyl]oxan-2-yl]oxy-3H-benzo[f][2]benzofuran-1-one	COc1cccc2cc3c(c(O[C@@H]4O[C@H](CO[C@@H]5O[C@H](CO)[C@@H](O)[C@H](O)[C@H]5O)[C@@H](O)[C@H](O)[C@H]4O)c12)C(C)OC3=O	Organic compounds	Organic oxygen compounds	Organooxygen compounds	Carbohydrates and carbohydrate conjugates	Phenolic glycosides	Naphthalenes and derivatives	Naphthalenes	Polyketides
9942623488644292945	632	0.4944	337.0047	494.2873	831.292	JKLAVFMVEROOKJ	(1aS,2S,6S,6aS)-6-({6-Deoxy-3-O-(beta-D-glucopyranosyl)-4-O-[(2E)-3-(4-methoxyphenyl)-2-propenoyl]-alpha-L-mannopyranosyl}oxy)-1a-(hydroxymethyl)-1a,1b,2,5a,6,6a-hexahydrooxireno[4,5]cyclopenta[1,2-c]pyran-2-yl beta-D-glucopyranoside	COC1=CC=C(\C=C\C(=O)O[C@H]2[C@H](C)O[C@@H](O[C@H]3C4\C=C/O[C@@H](O[C@@H]5O[C@H](CO)[C@@H](O)[C@H](O)[C@H]5O)C4[C@@]6(CO)O[C@@H]36)[C@H](O)[C@@H]2O[C@@H]7O[C@H](CO)[C@@H](O)[C@H](O)[C@H]7O)C=C1	Organic compounds	Phenylpropanoids and polyketides	Cinnamic acids and derivatives	Cinnamic acid esters	Cinnamic acid esters	Iridoids monoterpenoids	Monoterpenoids	Terpenoids
9942623488644292945	633	0.5529	12.8027	494.2873	507.09	FWDOTPMBXZPVHK	2-(2-(2-(3,4-dihydroxyphenyl)-3,5-dihydroxy-4,8-dioxo-4,8,9,10-tetrahydropyrano[2,3-f]chromen-10-yl)phenoxy)acetic acid	O=C(O)COC=1C=CC=CC1C2C=3C(OC(=O)C2)=CC(O)=C4C(=O)C(O)=C(OC43)C=5C=CC(O)=C(O)C5	Organic compounds	Phenylpropanoids and polyketides	Flavonoids	Pyranoflavonoids	Pyranoflavonoids	Flavonols; Neoflavonoids	Flavonoids	Shikimates and Phenylpropanoids
9942623488644292945	635	0.627	407.1227	494.2873	901.41	DINQLGRRIYZCPG	(7S,9E,11S,12R,13S,14S,15S,16R,17S,18S,19E,21Z)-13-(acetyloxy)-15,17-dihydroxy-11-methoxy-26-[(4-methoxyphenyl)amino]-3,7,12,14,16,18,22-heptamethyl-6,23,27,29-tetraoxo-8,30-dioxa-24-azatetracyclo[23.3.1.1^{4,7}.0^{5,28}]triaconta-1,3,5(28),9,19,21,25...	O=C(OC1C(C)C(OC)C=COC2(OC3=C(C2=O)C=4C(=O)C(NC5=CC=C(OC)C=C5)=C(NC(=O)C(=CC=CC(C)C(O)C(C)C(O)C1C)C)C(=O)C4C(OC(=O)C(C)(C)C)=C3C)C)C	Organic compounds	Phenylpropanoids and polyketides	Macrolactams		Macrolactams	Ansa macrolides	Macrolides	Polyketides
9942623488644292945	636	0.6074	301.0627	494.2873	795.35	IZDYRXBFTDBGQL	(7S,9E,11S,12S,13S,14S,15S,16R,17S,18S,19E,21Z)-26-[(2-ethylphenyl)amino]-2,13,15,17-tetrahydroxy-11-methoxy-3,7,12,14,16,18,22-heptamethyl-8,30-dioxa-24-azatetracyclo[23.3.1.1^{4,7}.0^{5,28}]triaconta-1,3,5(28),9,19,21,25-heptaene-6,23,27,29-tetrone	O=C1NC=2C(=O)C=3C(O)=C(C=4OC(OC=CC(OC)C(C)C(O)C(C)C(O)C(C)C(O)C(C=CC=C1C)C)(C(=O)C4C3C(=O)C2NC=5C=CC=CC5CC)C)C	Organic compounds	Phenylpropanoids and polyketides	Macrolactams		Macrolactams	Ansa macrolides	Macrolides	Polyketides
9942623488644292945	637	0.5528	122.8627	494.2873	617.15	CQJPSSJEHVNDFL	4'-O-Glucosylvitexin	O=C1C=C(OC=2C1=C(O)C=C(O)C2C3OC(CO)C(O)C(O)C3O)C=4C=CC(OC5OC(CO)C(O)C(O)C5O)=CC4	Organic compounds	Phenylpropanoids and polyketides	Flavonoids	Flavonoid glycosides	Flavonoid O-glycosides	Flavones	Flavonoids	Shikimates and Phenylpropanoids
9942623488644292945	644	0.409	262.9307	494.2873	757.218	MSUVUDCULKNUJL	Cyanidin 3-(2G-glucosylrutinoside) M	CC1OC(OCC2OC(OC3=C([O+]=C4C=C(O)C=C(O)C4=C3)C3=CC(O)=C(O)C=C3)C(OC3OC(CO)C(O)C(O)C3O)C(O)C2O)C(O)C(O)C1O	Organic compounds	Phenylpropanoids and polyketides	Flavonoids	Flavonoid glycosides	Anthocyanidin-3-O-glycosides			
9942623488644292945	652	0.7275	87.2427	494.2873	581.53	ZPPQIOUITZSYAO	3,5,7,3',4'-pentahydroxyflavylium-3-O-beta-D-xylopyra	C1C(C(C(C(O1)OC2C(C(C(OC2OC3=C([O+]=C4C=C(C=C(C4=C3)O)O)C5=CC(=C(C=C5)O)O)CO)O)O)O)O)O	Organic compounds	Phenylpropanoids and polyketides	Flavonoids	Flavonoid glycosides	Anthocyanidin-3-O-glycosides			
9942623488644292945	653	0.5529	131.9627	494.2873	626.25	PQOCSSYRLUIAGG	(S)-4-((7-acetamido-1,2,3-trimethoxy-9-oxo-5,6,7,9-tetrahydrobenzo[a]heptalen-10-yl)amino)-N-(benzo[d][1,3]dioxol-5-ylmethyl)butanamide	O=C1C=C2C(=CC=C1NCCCC(=O)NCC3=CC=C4OCOC4=C3)C5=C(OC)C(OC)=C(OC)C=C5CCC2NC(=O)C	Organic compounds	Organic acids and derivatives	Carboxylic acids and derivatives	Amino acids, peptides, and analogues	Gamma amino acids and derivatives	Phenethylisoquinoline alkaloids	Tyrosine alkaloids	Alkaloids
9942623488644292945	655	0.6073	152.8627	494.2873	647.15	NEJKEXUJCSYMCC	Isorhamnetin 3-glucoside-7-rhamnoside	O=C1C(OC2OC(CO)C(O)C(O)C2O)=C(OC3=CC(OC4OC(C)C(O)C(O)C4O)=CC(O)=C13)C=5C=CC(O)=C(OC)C5	Organic compounds	Phenylpropanoids and polyketides	Flavonoids	Flavonoid glycosides	Flavonoid-7-O-glycosides	Flavonols	Flavonoids	Shikimates and Phenylpropanoids
9942623488644292945	656	0.409	61.1713	494.2873	433.116	KCGJPQIGKYTZQW	2-phenoxyethyl 6-(3-chloro-4-hydroxy-5-methoxyphenyl)-4-methyl-2-oxo-1,3,6-tri hydropyrimidine-5-carboxylate	COc1cc(C2NC(O)=NC(C)=C2C(=O)OCCOc2ccccc2)cc(Cl)c1O	Organic compounds	Benzenoids	Phenols	Methoxyphenols	Methoxyphenols			
9942623488644292945	657	0.6096	168.9427	494.2873	663.23	OGYXOOJUJQIDOX	Epimedoside A	O=C1C(OC2OC(C)C(O)C(O)C2O)=C(OC=3C1=C(O)C=C(OC4OC(CO)C(O)C(O)C4O)C3CC=C(C)C)C=5C=CC(O)=CC5	Organic compounds	Phenylpropanoids and polyketides	Flavonoids	Flavonoid glycosides	Flavonoid-7-O-glycosides	Flavonols	Flavonoids	Shikimates and Phenylpropanoids
9942623488644292945	660	0.6074	314.9227	494.2873	809.21	FJQKXKNZQQBTDD	Isorhamnetin 3-sophoroside-7-rhamnoside	O=C1C(OC2OC(CO)C(O)C(O)C2OC3OC(CO)C(O)C(O)C3O)=C(OC4=CC(OC5OC(C)C(O)C(O)C5O)=CC(O)=C14)C=6C=CC(O)=C(OC)C6	Organic compounds	Phenylpropanoids and polyketides	Flavonoids	Flavonoid glycosides	Flavonoid-7-O-glycosides	Flavonols	Flavonoids	Shikimates and Phenylpropanoids
9942623488644292945	661	0.5719	403.0527	494.2873	897.34	WWZDOUGJVPBIAE	(7S,9E,11S,12S,13S,14S,15S,16R,17S,18S,19E,21Z)-13,15,17-trihydroxy-11-methoxy-3,7,12,14,16,18,22-heptamethyl-26-[(4-methylphenyl)amino]-6,23,27,29-tetraoxo-8,30-dioxa-24-azatetracyclo[23.3.1.1^{4,7}.0^{5,28}]triaconta-1,3,5(28),9,19,21,25-heptaen-2-y...	O=C(OC=1C=2C(=O)C=3NC(=O)C(=CC=CC(C)C(O)C(C)C(O)C(C)C(O)C(C)C(OC)C=COC4(OC(=C(C4=O)C2C(=O)C3NC5=CC=C(C=C5)C)C1C)C)C)C=6C=CC=CC6Cl	Organic compounds	Phenylpropanoids and polyketides	Macrolactams		Macrolactams	Ansa macrolides	Macrolides	Polyketides
9942623488644292945	662	0.5279	265.1313	494.2873	229.156	BBIXOODYWPFNDT	Ile-Pro	CC[C@H](C)[C@@H](C(=O)N1CCC[C@H]1C(=O)O)N	Organic compounds	Organic acids and derivatives	Carboxylic acids and derivatives	Amino acids, peptides, and analogues	Dipeptides	Dipeptides	Small peptides	Amino acids and Peptides
9942623488644292945	663	0.409	230.9427	494.2873	725.23	NULBHTHMVOCGOE	ligustroflavone	O=C1C=C(OC2=CC(OC3OC(COC4OC(C)C(O)C(O)C4O)C(O)C(O)C3OC5OC(C)C(O)C(O)C5O)=CC(O)=C12)C=6C=CC(O)=CC6	Organic compounds	Phenylpropanoids and polyketides	Flavonoids	Flavonoid glycosides	Flavonoid-7-O-glycosides	Flavones	Flavonoids	Shikimates and Phenylpropanoids
9942623488644292945	668	0.409	124.8327	494.2873	619.12	WQVCDQYJDQXJLY	2-(3,4-dihydroxyphenyl)-5-hydroxy-7-(((2R,3R,4S,5S,6R)-2,3,4,5-tetrahydroxy-6-((((2S,3R,4S,5S)-3,4,5-trihydroxytetrahydro-2H-pyran-2-yl)oxy)methyl)tetrahydro-2H-pyran-2-yl)oxy)-4H-chromen-4-one	O=C1C=C(OC2=CC(OC3(O)OC(COC4OCC(O)C(O)C4O)C(O)C(O)C3O)=CC(O)=C12)C=5C=CC(O)=C(O)C5	Organic compounds	Phenylpropanoids and polyketides	Flavonoids	Flavonoid glycosides	Flavonoid-7-O-glycosides	Flavones	Flavonoids	Shikimates and Phenylpropanoids
9942623488644292945	669	0.6074	307.0727	494.2873	801.36	AFAZEQKSVKDGFX	(7S,9E,11S,12R,13S,14S,15S,16R,17S,18S,19E,21Z)-2,15,17-trihydroxy-11-methoxy-3,7,12,14,16,18,22-heptamethyl-6,23,27,29-tetraoxo-26-(piperidin-1-yl)-8,30-dioxa-24-azatetracyclo[23.3.1.1^{4,7}.0^{5,28}]triaconta-1,3,5(28),9,19,21,25-heptaen-13-yl aceta...	O=C(OC1C(C)C(OC)C=COC2(OC3=C(C2=O)C=4C(=O)C(=C(NC(=O)C(=CC=CC(C)C(O)C(C)C(O)C1C)C)C(=O)C4C(O)=C3C)N5CCCCC5)C)C	Organic compounds	Phenylpropanoids and polyketides	Macrolactams		Macrolactams	Ansa macrolides	Macrolides	Polyketides
9942623488644292945	671	0.4887	134.8607	494.2873	629.148	BCWKMSLBLIKZQX	3-(1,3-benzodioxol-5-yl)-7-[(2S,3R,4S,5S,6R)-6-[[(2S,3R,4R)-3,4-dihydroxy-4-(hydroxymethyl)oxolan-2-yl]oxymethyl]-3,4,5-trihydroxyoxan-2-yl]oxy-6-methoxychromen-4-one	COc1cc2c(=O)c(-c3ccc4c(c3)OCO4)coc2cc1O[C@@H]1O[C@H](CO[C@H]2OC[C@](O)(CO)[C@H]2O)[C@@H](O)[C@H](O)[C@H]1O	Organic compounds	Phenylpropanoids and polyketides	Isoflavonoids	Isoflavonoid O-glycosides	Isoflavonoid O-glycosides	Isoflavones	Isoflavonoids	Shikimates and Phenylpropanoids
9942623488644292945	672	0.409	57.1983	494.2873	437.089	POZPYFSUERHPRA	4,5,6-trimethoxy-7-[(1-phenyl(1,2,3,4-tetraazol-5-ylthio))methyl]-3-hydroisobe nzofuran-1-one	COc1c2c(c(CSc3nnnn3-c3ccccc3)c(OC)c1OC)C(=O)OC2	Organic compounds	Benzenoids	Benzene and substituted derivatives	Benzoic acids and derivatives	Gallic acid and derivatives			Alkaloids
9942623488644292945	673	0.4887	13.8797	494.2873	508.167	HXKQKEQCNBMZJW	2-[2-(6,7-dimethoxy(2-1,2,3,4-tetrahydroisoquinolyl))-2-oxoethylthio]-4-phenyl -5,6,7-trihydrocyclopenta[1,2-b]pyridine-3-carbonitrile	COc1cc2c(cc1OC)CN(C(=O)CSc1nc3c(c(-c4ccccc4)c1C#N)CCC3)CC2	Organic compounds	Organoheterocyclic compounds	Pyridines and derivatives	Phenylpyridines	Phenylpyridines			
9942623488644292945	676	0.6069	397.1127	494.2873	891.4	OOKSNNJCBKFTNL	(7S,9E,11S,12R,13S,14S,15S,16R,17S,18S,19E,21Z)-26-(4-benzylpiperidin-1-yl)-2,15,17-trihydroxy-11-methoxy-3,7,12,14,16,18,22-heptamethyl-6,23,27,29-tetraoxo-8,30-dioxa-24-azatetracyclo[23.3.1.1^{4,7}.0^{5,28}]triaconta-1,3,5(28),9,19,21,25-heptaen-13-...	O=C(OC1C(C)C(OC)C=COC2(OC3=C(C2=O)C=4C(=O)C(=C(NC(=O)C(=CC=CC(C)C(O)C(C)C(O)C1C)C)C(=O)C4C(O)=C3C)N5CCC(CC=6C=CC=CC6)CC5)C)C	Organic compounds	Phenylpropanoids and polyketides	Macrolactams		Macrolactams	Ansa macrolides	Macrolides	Polyketides
9942623488644292945	677	0.5521	241.9527	494.2873	736.24	UORKJWHZGSSNRL	methyl 3-(6-((6,7-dimethoxy-1-(3,4,5-trimethoxyphenyl)-3,4-dihydroisoquinolin-2(1H)-yl)methyl)-3-hydroxy-4-oxo-4H-pyran-2-yl)-3-(4-oxo-4H-chromen-3-yl)propanoate	O=C(OC)CC(C=1OC(=CC(=O)C1O)CN2CCC3=CC(OC)=C(OC)C=C3C2C4=CC(OC)=C(OC)C(OC)=C4)C5=COC=6C=CC=CC6C5=O	Organic compounds	Organoheterocyclic compounds	Tetrahydroisoquinolines	1-phenyltetrahydroisoquinolines	1-phenyltetrahydroisoquinolines			
10232166245252355846	678	0.409	232.2776	274.9944	507.272	SCIXGQOSKNXPSL	[(1S,9S,13R,14R)-14-hydroxy-14-(hydroxymethyl)-5,5-dimethyltetracyclo[11.2.1.0,?.0?,?]hexadecan-9-yl]methyl (2E)-3-(3,4-dihydroxyphenyl)prop-2-enoate	CC(C)(CCC1)C2[C@]1(COC(/C=C/c(cc1)cc(O)c1O)=O)C(CC[C@H](C1)[C@@](CO)(C3)O)[C@]13CC2	Organic compounds	Lipids and lipid-like molecules	Prenol lipids	Diterpenoids	Kaurane diterpenoids	Kaurane and Phyllocladane diterpenoids	Diterpenoids	Terpenoids
10232166245252355846	679	0.409	190.2886	274.9944	465.283	DQOOFQPFNNGTHL	4-[3-methyl-5-(5,6,7-trihydroxy-1,2,4a,5-tetramethyl-3,4,6,7,8,8a-hexahydro-2H-naphthalen-1-yl)pentoxy]-4-oxobutanoic acid [IIN-based on: CCMSLIB00000848208]	CC(CCOC(=O)CCC(O)=O)CCC1(C)C(C)CCC2(C)C1CC(O)C(O)C2(C)O	Organic compounds	Lipids and lipid-like molecules	Prenol lipids	Diterpenoids	Colensane and clerodane diterpenoids	Colensane and Clerodane diterpenoids	Diterpenoids	Terpenoids
10232166245252355846	680	0.2939	256.3156	274.9944	531.31	IWRAOCFRRTWUDF	Kukoamine B	O=C(NCCCNCCCCN(C(=O)CCC1=CC=C(O)C(O)=C1)CCCN)CCC2=CC=C(O)C(O)=C2	Organic compounds	Benzenoids	Phenols	Benzenediols	Catechols	Polyamines	Ornithine alkaloids	Alkaloids
10232166245252355846	681	0.409	478.4326	274.9944	753.427	CPKXIKIVLSMABL	[3-methyl-1-[3-methyl-1-[3-methyl-1-[3-methyl-1-oxo-1-(2,3,4,5,6-pentahydroxyhexoxy)pentan-2-yl]oxy-1-oxopentan-2-yl]oxy-1-oxopentan-2-yl]oxy-1-oxopentan-2-yl] 2-hydroxy-3-methylpentanoate [IIN-based on: CCMSLIB00000848597]	CCC(C)C(O)C(=O)OC(C(C)CC)C(=O)OC(C(C)CC)C(=O)OC(C(C)CC)C(=O)OC(C(C)CC)C(=O)OCC(O)C(O)C(O)C(O)CO	Organic compounds	Organic acids and derivatives	Peptidomimetics	Depsipeptides	Depsipeptides	Polyesters	Linear polyketides	Polyketides
10232166245252355846	682	0.409	747.7456	274.9944	1022.74	SOFMPBOQLPVEQZ	TG(22:6/22:6/22:6)	CC/C=C\C/C=C/C/C=C\C/C=C/C/C=C\C/C=C\CCC(=O)OCC(COC(=O)CC/C=C\C/C=C/C/C=C\C/C=C\C/C=C\C/C=C\CC)OC(=O)CC/C=C\C/C=C\C/C=C\C/C=C\C/C=C\C/C=C\CC	['SOFMPBOQLPVEQZ', '', '', '', '', '']	Triacylglycerols	Glycerolipids	Fatty acids	False			
10232166245252355846	683	0.5539	439.4296	274.9944	714.424	FVLNZPLZBXQIAL	1,2,6,6,10,17,20-heptamethyl-12-oxo-17-{N-[4-(phenyldiazenyl)phenyl]carbamoyl} pentacyclo[12.8.0.0<2,11>.0<5,10>.0<15,20>]docos-13-en-7-yl acetate	CC(=O)OC1CCC2(C)C(CCC3(C)C2C(=O)C=C2C4CC(C)(C(=O)Nc5ccc(N=Nc6ccccc6)cc5)CCC4(C)CCC23C)C1(C)C	Organic compounds	Lipids and lipid-like molecules	Prenol lipids	Triterpenoids	Triterpenoids	Oleanane triterpenoids	Triterpenoids	Terpenoids
10232166245252355846	684	0.409	470.4726	274.9944	745.467	VPGRYOFKCNULNK	DEOXYCORTICOSTERONE ACETATE	CC(=O)OCC(=O)C1CCC2C1(CCC3C2CCC4=CC(=O)CCC34C)C	Organic compounds	Lipids and lipid-like molecules	Steroids and steroid derivatives	Pregnane steroids	Gluco/mineralocorticoids, progestogins and derivatives	Pregnane steroids	Steroids	Terpenoids
10232166245252355846	685	0.409	234.2576	274.9944	509.252	UQWXAEVMTJFVFA	KU036-11-3-2	OC1=CC(C(O)=O)=CC2=C1[C@H](C)CC[C@@]2([H])[C@](C)([H])CC/C=C(C)\COC(/C=C\C3=CC=C(O)C(OC)=C3)=O	Organic compounds	Lipids and lipid-like molecules	Prenol lipids	Diterpenoids	Biflorane and serrulatane diterpenoids	Serrulatane and Biflorane diterpenoids	Diterpenoids	Terpenoids
10232166245252355846	686	0.409	172.3486	274.9944	447.343	ZVFDTKUVRCTHQE	Diisodecyl phthalate	CC(C)CCCCCCCOC(=O)C1=CC=CC=C1C(=O)OCCCCCCCC(C)C	Organic compounds	Benzenoids	Benzene and substituted derivatives	Benzoic acids and derivatives	Benzoic acid esters	Shikimic acids and derivatives; Simple phenolic acids	Phenolic acids (C6-C1)	Shikimates and Phenylpropanoids
10232166245252355846	687	0.409	348.3936	274.9944	623.388	CADNMISJDLVPCK	Roccellic Acid	CCCCCCCCCCCC[C@@H](C(=O)O)[C@H](C)C(=O)O	Organic compounds	Lipids and lipid-like molecules	Fatty Acyls	Fatty acids and conjugates	Long-chain fatty acids	Branched fatty acids; Dicarboxylic acids	Fatty Acids and Conjugates	Fatty acids
10232166245252355846	688	0.409	444.3296	274.9944	719.324	BENIATCKWZLKMA	[3-methyl-1-[3-methyl-1-[3-methyl-1-oxo-1-(2,3,4,5,6-pentahydroxyhexoxy)pentan-2-yl]oxy-1-oxopentan-2-yl]oxy-1-oxopentan-2-yl] 2-acetyloxy-3-methylpentanoate [IIN-based on: CCMSLIB00000846625]	CCC(C)C(OC(C)=O)C(=O)OC(C(C)CC)C(=O)OC(C(C)CC)C(=O)OC(C(C)CC)C(=O)OCC(O)C(O)C(O)C(O)CO	Organic compounds	Organic acids and derivatives	Peptidomimetics	Depsipeptides	Depsipeptides	Polyesters	Linear polyketides	Polyketides
10232166245252355846	689	0.409	502.4326	274.9944	777.427	HOFGZJTZROMXRO	[3-methyl-1-[3-methyl-1-[3-methyl-1-[3-methyl-1-oxo-1-(1,3,4,5,6-pentahydroxyhexan-2-yloxy)pentan-2-yl]oxy-1-oxopentan-2-yl]oxy-1-oxopentan-2-yl]oxy-1-oxopentan-2-yl] 2-acetyloxy-3-methylpentanoate [IIN-based: Match]	CCC(C)C(OC(C)=O)C(=O)OC(C(C)CC)C(=O)OC(C(C)CC)C(=O)OC(C(C)CC)C(=O)OC(C(C)CC)C(=O)OC(CO)C(O)C(O)C(O)CO	Organic compounds	Organic acids and derivatives	Carboxylic acids and derivatives	Hexacarboxylic acids and derivatives	Hexacarboxylic acids and derivatives	Polyesters	Linear polyketides	Polyketides
10232166245252355846	690	0.409	161.2536	274.9944	436.248	NWNQOAZCDWMOGB	(2E)-1-[2-(2-ethoxyphenyl)-6-hydroxy-3-azabicyclo[4.4.0]dec-3-yl]-3-(4-methoxy phenyl)prop-2-en-1-one	CCOc1ccccc1C1C2CCCCC2(O)CCN1C(=O)C=Cc1ccc(OC)cc1								
10232166245252355846	691	0.409	200.0856	274.9944	475.08	YDDGKXBLOXEEMN	Chicoric acid	O=C(OC(C(=O)O)C(OC(=O)C=CC1=CC=C(O)C(O)=C1)C(=O)O)C=CC2=CC=C(O)C(O)=C2	Organic compounds	Organic acids and derivatives	Carboxylic acids and derivatives	Tetracarboxylic acids and derivatives	Tetracarboxylic acids and derivatives	Cinnamic acids and derivatives	Phenylpropanoids (C6-C3)	Shikimates and Phenylpropanoids
10232166245252355846	692	0.409	380.2346	274.9944	655.229	NZHGWWWHIYHZNX	Tranilast	COC1=C(C=C(C=C1)/C=C/C(=O)NC2=CC=CC=C2C(=O)O)OC	Organic compounds	Phenylpropanoids and polyketides	Cinnamic acids and derivatives	Cinnamic acid amides	N-cinnamoylanthranilic acids	Cinnamic acid amides	Phenylpropanoids (C6-C3)	Amino acids and Peptides; Shikimates and Phenylpropanoids
10232166245252355846	693	0.409	166.7056	274.9944	441.7	AOXXVRDKZLRGTJ	Ganoderol B	OCC(=CCCC(C)C1CCC2(C3=CCC4C(C3=CCC12C)(C)CCC(O)C4(C)C)C)C	Organic compounds	Lipids and lipid-like molecules	Prenol lipids	Triterpenoids	Triterpenoids	Lanostane, Tirucallane and Euphane triterpenoids	Triterpenoids	Terpenoids
10232166245252355846	694	0.4887	314.4056	274.9944	589.4	HLFDBGBBWUJBTJ	1,2,6,6,10,17,20-heptamethyl-12-oxo-17-(N-(2-pyridyl)carbamoyl)pentacyclo[12.8 .0.0<2,11>.0<5,10>.0<15,20>]docos-13-en-7-yl acetate	CC(=O)OC1CCC2(C)C(CCC3(C)C2C(=O)C=C2C4CC(C)(C(O)=Nc5ccccn5)CCC4(C)CCC23C)C1(C)C	Organic compounds	Lipids and lipid-like molecules	Prenol lipids	Triterpenoids	Triterpenoids	Oleanane triterpenoids	Triterpenoids	Terpenoids
10232166245252355846	696	0.409	257.4436	274.9944	532.438	GHKOFFNLGXMVNJ	Didodecyl 3,3'-thiodipropionate [IIN-based on: CCMSLIB00003378404]	CCCCCCCCCCCCOC(=O)CCSCCC(=O)OCCCCCCCCCCCC	Organic compounds	Organic acids and derivatives	Carboxylic acids and derivatives	Dicarboxylic acids and derivatives	Dicarboxylic acids and derivatives	Wax monoesters	Fatty esters	Fatty acids
10232166245252355846	697	0.5273	31.7624	274.9944	243.232	XKLJLHAPJBUBNL	12-Methyltetradecanoic acid	CCC(C)CCCCCCCCCCC(=O)O	Organic compounds	Lipids and lipid-like molecules	Fatty Acyls	Fatty acids and conjugates	Long-chain fatty acids	Branched fatty acids	Fatty Acids and Conjugates	Fatty acids
10232166245252355846	698	0.3459	85.1856	274.9944	360.18	KDIKNBJFJOYFNY	n-homoveratroylhomoveratrylamine	O=C(NCCC1=CC=C(OC)C(OC)=C1)CC2=CC=C(OC)C(OC)=C2	Organic compounds	Benzenoids	Benzene and substituted derivatives	Methoxybenzenes	Dimethoxybenzenes	Phenylethylamines	Tyrosine alkaloids	Alkaloids
10232166245252355846	699	0.409	160.3006	274.9944	435.295	SCABKEBYDRTODC	bis[2-(2-butoxyethoxy)ethyl] hexanedioate	CCCCOCCOCCOC(=O)CCCCC(=O)OCCOCCOCCCC	Organic compounds	Lipids and lipid-like molecules	Fatty Acyls	Fatty acid esters	Fatty acid esters	Triacylglycerols	Glycerolipids	Fatty acids
10232166245252355846	700	0.3459	56.1956	274.9944	331.19	VOWAEIGWURALJQ	Dicyclohexyl benzene-1,2-dicarboxylate	O=C(OC1CCCCC1)C1=CC=CC=C1C(=O)OC1CCCCC1	Organic compounds	Benzenoids	Benzene and substituted derivatives	Benzoic acids and derivatives	Benzoic acid esters			
10232166245252355846	702	0.409	298.3996	274.9944	573.394	RSIHSRDYCUFFLA	h_39_boldenone	O[C@H]1CCC2C3CCC4=CC(C=C[C@]4(C)C3CC[C@@]21C)=O	Organic compounds	Lipids and lipid-like molecules	Steroids and steroid derivatives	Androstane steroids	Androgens and derivatives	Androstane steroids	Steroids	Terpenoids
10232166245252355846	703	0.409	426.4316	274.9944	701.426	BCIUAQVTZYTSHZ	2,11,16-trihydroxy-9-(hydroxymethyl)-5,5-dimethyl-14-methylidenetetracyclo[11.2.1.0,?.0?,?]hexadecan-15-one	CC(C)(CCC1)C(CC2O)C1(CO)C(C(CC(C1O)C3=C)O)C12C3=O	Organic compounds	Lipids and lipid-like molecules	Prenol lipids	Diterpenoids	Kaurane diterpenoids	Kaurane and Phyllocladane diterpenoids	Diterpenoids	Terpenoids
10232166245252355846	704	0.409	195.2776	274.9944	470.272	IOFATHVLOIXNOR	{[1,4a-dimethyl-7-(methylethyl)(1,2,3,4,9,10,10a,4a-octahydrophenanthryl)]meth yl}[(4-methoxy-3-methylphenyl)sulfonyl]amine	COc1ccc(S(=O)(=O)NCC2(C)CCCC3(C)c4ccc(C(C)C)cc4CCC23)cc1C	Organic compounds	Lipids and lipid-like molecules	Prenol lipids	Diterpenoids	Diterpenoids	Abietane diterpenoids	Diterpenoids	Terpenoids
10232166245252355846	705	0.4887	210.3686	274.9944	485.363	RMIVRCBSQPCSCQ	ST092794	COC(=O)C1(C)CCC2(C)CCC3(C)C(=CC(=O)C4C5(C)CCC(O)C(C)(C)C5CCC43C)C2C1	Organic compounds	Lipids and lipid-like molecules	Prenol lipids	Triterpenoids	Triterpenoids	Oleanane triterpenoids	Triterpenoids	Terpenoids
10232166245252355846	706	0.4887	314.4056	274.9944	589.4	HLFDBGBBWUJBTJ	1,2,6,6,10,17,20-heptamethyl-12-oxo-17-(N-(2-pyridyl)carbamoyl)pentacyclo[12.8 .0.0<2,11>.0<5,10>.0<15,20>]docos-13-en-7-yl acetate	CC(=O)OC1CCC2(C)C(CCC3(C)C2C(=O)C=C2C4CC(C)(C(O)=Nc5ccccn5)CCC4(C)CCC23C)C1(C)C	Organic compounds	Lipids and lipid-like molecules	Prenol lipids	Triterpenoids	Triterpenoids	Oleanane triterpenoids	Triterpenoids	Terpenoids
10232166245252355846	707	0.409	344.3756	274.9944	619.37	MIVGUYBAQIHKPJ	Desferrioxamine G1	NCCCCCN(O)C(=O)CCC(=O)NCCCCCN(O)C(=O)CCC(=O)NCCCCCN(O)C(=O)CCC(O)=O	Organic compounds	Lipids and lipid-like molecules	Fatty Acyls	Fatty amides	N-acyl amines	N-acyl amines	Fatty amides	Fatty acids
10232166245252355846	708	0.409	515.5736	274.9944	790.568	MZWQZYDNVSKPPF	Isorangiformic acid	O=C(O)C[C@@H]([C@H](CCCCCCCCCCCCCC)C(=O)O)C(=O)OC	Organic compounds	Organic acids and derivatives	Carboxylic acids and derivatives	Tricarboxylic acids and derivatives	Tricarboxylic acids and derivatives	Dicarboxylic acids	Fatty Acids and Conjugates	Fatty acids
10232166245252355846	709	0.409	160.3006	274.9944	435.295	SCABKEBYDRTODC	bis[2-(2-butoxyethoxy)ethyl] hexanedioate	CCCCOCCOCCOC(=O)CCCCC(=O)OCCOCCOCCCC	Organic compounds	Lipids and lipid-like molecules	Fatty Acyls	Fatty acid esters	Fatty acid esters	Triacylglycerols	Glycerolipids	Fatty acids
10232166245252355846	710	0.409	256.1616	274.9944	531.156	XMAYWYJOQHXEEK	"""1-[4-[4-[[(2R,4S)-2-(2,4-dichlorophenyl)-2-(imidazol-1-ylmethyl)-1,3-dioxolan-4-yl]methoxy]phenyl]piperazin-1-yl]ethanone"""	CC(=O)N1CCN(CC1)C2=CC=C(C=C2)OC[C@H]3CO[C@](O3)(CN4C=CN=C4)C5=C(C=C(C=C5)Cl)Cl	Organic compounds	Organoheterocyclic compounds	Diazinanes	Piperazines	Phenylpiperazines			Alkaloids
10232166245252355846	711	0.409	210.2206	274.9944	485.215	NNOMPFCNQCRAIO	3-[7-hydroxy-8-(2-hydroxypropan-2-yl)-11-methoxy-4,5a,9-trimethyl-1-oxo-3,6,7,8,9a,10-hexahydro-[2]benzofuro[5,6-b]chromen-9-yl]propanoic acid	COc1c2c(c(C)c3c1C(=O)OC3)OC1(C)CC(O)C(C(C)(C)O)C(C)(CCC(=O)O)C1C2	Organic compounds	Organoheterocyclic compounds	Benzopyrans	1-benzopyrans	Xanthenes	Tetraketide meroterpenoids	Meroterpenoids	Polyketides; Terpenoids
10232166245252355846	712	0.3459	38.3166	274.9944	313.311	RLCKHJSFHOZMDR	Phytanic acid	CC(C)CCCC(C)CCCC(C)CCCC(C)CC(O)=O	Organic compounds	Lipids and lipid-like molecules	Prenol lipids	Diterpenoids	Acyclic diterpenoids	Branched fatty acids	Fatty Acids and Conjugates	Fatty acids; Terpenoids
10232166245252355846	713	0.2939	34.0436	274.9944	309.038	YXAKCQIIROBKOP	(1E,4Z,6E)-5-hydroxy-1,7-bis(4-hydroxyphenyl)hepta-1,4,6-trien-3-one	O=C(/C=C(O)/C=C/c1ccc(O)cc1)/C=C/c1ccc(O)cc1	Organic compounds	Phenylpropanoids and polyketides	Diarylheptanoids	Linear diarylheptanoids	Curcuminoids	Linear diarylheptanoids	Diarylheptanoids	Shikimates and Phenylpropanoids
10232166245252355846	714	0.409	224.3756	274.9944	499.37	RIXNFYQZWDGQAE	3-O-acetyloleanolic acid	O=C(OC1CCC2(C)C3CC=C4C5CC(C)(C)CCC5(C(=O)O)CCC4(C)C3(C)CCC2C1(C)C)C	Organic compounds	Lipids and lipid-like molecules	Prenol lipids	Triterpenoids	Triterpenoids	Oleanane triterpenoids	Triterpenoids	Terpenoids
10232166245252355846	715	0.3504	587.6896	274.9944	862.684	ACTIUHUUMQJHFO	CoQ10	CC1=C(C(=O)C(=C(C1=O)OC)OC)C/C=C(\C)/CC/C=C(\C)/CC/C=C(\C)/CC/C=C(\C)/CC/C=C(\C)/CC/C=C(\C)/CC/C=C(\C)/CC/C=C(\C)/CC/C=C(\C)/CCC=C(C)C	Organic compounds	Lipids and lipid-like molecules	Prenol lipids	Quinone and hydroquinone lipids	Ubiquinones	Prenyl quinone meroterpenoids	Meroterpenoids	Terpenoids
10232166245252355846	716	0.409	278.3916	274.9944	553.386	IELOKBJPULMYRW	D-.alpha.-Tocopherol Succinate	Cc1c(C)c2c(c(C)c1OC(=O)CCC(=O)O)CCC(C)(CCCC(C)CCCC(C)CCCC(C)C)O2	Organic compounds	Lipids and lipid-like molecules	Prenol lipids	Quinone and hydroquinone lipids	Vitamin E compounds	Prenyl quinone meroterpenoids	Meroterpenoids	Terpenoids
10232166245252355846	717	0.409	222.3656	274.9944	497.36	FPMQKXQOBKDVHF	Bryodulcosigenin	O=C1CC2(C)C(CCC2(C)C3CC=C4C(CCC(O)C4(C)C)C13C)C(C)CCC(O)C(O)(C)C	Organic compounds	Lipids and lipid-like molecules	Steroids and steroid derivatives	Cucurbitacins	Cucurbitacins	Cucurbitane triterpenoids	Triterpenoids	Terpenoids
10232166245252355846	718	0.4887	198.3686	274.9944	473.363	MMQUESDXUKYFEN		CC(C(O)\C=C\C(C)(C)O)C1CCC2(C)C3C(=O)/C=C/4C(CCC(O)C4(C)C)C3(C)CCC12C	Organic compounds	Lipids and lipid-like molecules	Steroids and steroid derivatives	Cucurbitacins	Cucurbitacins	Cucurbitane triterpenoids	Triterpenoids	Terpenoids
10232166245252355846	719	0.4887	314.4056	274.9944	589.4	HLFDBGBBWUJBTJ	1,2,6,6,10,17,20-heptamethyl-12-oxo-17-(N-(2-pyridyl)carbamoyl)pentacyclo[12.8 .0.0<2,11>.0<5,10>.0<15,20>]docos-13-en-7-yl acetate	CC(=O)OC1CCC2(C)C(CCC3(C)C2C(=O)C=C2C4CC(C)(C(O)=Nc5ccccn5)CCC4(C)CCC23C)C1(C)C	Organic compounds	Lipids and lipid-like molecules	Prenol lipids	Triterpenoids	Triterpenoids	Oleanane triterpenoids	Triterpenoids	Terpenoids
10232166245252355846	720	0.409	587.6896	274.9944	862.684	ACTIUHUUMQJHFO	CoQ10	CC1=C(C(=O)C(=C(C1=O)OC)OC)C/C=C(\C)/CC/C=C(\C)/CC/C=C(\C)/CC/C=C(\C)/CC/C=C(\C)/CC/C=C(\C)/CC/C=C(\C)/CC/C=C(\C)/CC/C=C(\C)/CCC=C(C)C	Organic compounds	Lipids and lipid-like molecules	Prenol lipids	Quinone and hydroquinone lipids	Ubiquinones	Prenyl quinone meroterpenoids	Meroterpenoids	Terpenoids
10232166245252355846	721	0.409	516.4606	274.9944	791.455	VNBPNPCSBYXRNC	2-[5-[2-[2-[5-[2-[2-[5-[2-[2-[5-(2-hydroxybutyl)oxolan-2-yl]propanoyloxy]propyl]oxolan-2-yl]propanoyloxy]propyl]oxolan-2-yl]propanoyloxy]propyl]oxolan-2-yl]propanoic acid	CCC(O)CC1CCC(C(C)C(=O)OC(C)CC2CCC(C(C)C(=O)OC(C)CC3CCC(C(C)C(=O)OC(C)CC4CCC(C(C)C(=O)O)O4)O3)O2)O1	Organic compounds	Organic acids and derivatives	Carboxylic acids and derivatives	Tetracarboxylic acids and derivatives	Tetracarboxylic acids and derivatives	Macrotetrolides	Polyethers	Polyketides
10232166245252355846	722	0.409	172.3486	274.9944	447.343	ZVFDTKUVRCTHQE	Diisodecyl phthalate	CC(C)CCCCCCCOC(=O)C1=CC=CC=C1C(=O)OCCCCCCCC(C)C	Organic compounds	Benzenoids	Benzene and substituted derivatives	Benzoic acids and derivatives	Benzoic acid esters	Shikimic acids and derivatives; Simple phenolic acids	Phenolic acids (C6-C1)	Shikimates and Phenylpropanoids
10232166245252355846	723	0.409	272.4066	274.9944	547.401	KRADHMIOFJQKEZ	Tri-2-ethylhexyl trimellitate	CCCCC(CC)COC(=O)C1=CC(=C(C=C1)C(=O)OCC(CC)CCCC)C(=O)OCC(CC)CCCC	Organic compounds	Benzenoids	Benzene and substituted derivatives	Benzoic acids and derivatives	Benzoic acid esters	Simple phenolic acids	Phenolic acids (C6-C1)	Shikimates and Phenylpropanoids
10232166245252355846	724	0.409	242.1926	274.9944	517.187	YQBNJPACAUPNLV	3-methoxy-2-propan-2-ylfuro[3,2-g]chromen-7-one [IIN-based on: CCMSLIB00000846301]	COC1=C(OC2=C1C=C3C=CC(=O)OC3=C2)C(C)C	Organic compounds	Phenylpropanoids and polyketides	Coumarins and derivatives	Furanocoumarins	Psoralens	Furocoumarins; Simple coumarins	Coumarins	Shikimates and Phenylpropanoids
10232166245252355846	725	0.409	242.1926	274.9944	517.187	YQBNJPACAUPNLV	3-methoxy-2-propan-2-ylfuro[3,2-g]chromen-7-one [IIN-based on: CCMSLIB00000846301]	COC1=C(OC2=C1C=C3C=CC(=O)OC3=C2)C(C)C	Organic compounds	Phenylpropanoids and polyketides	Coumarins and derivatives	Furanocoumarins	Psoralens	Furocoumarins; Simple coumarins	Coumarins	Shikimates and Phenylpropanoids
10232166245252355846	726	0.5235	91.2236	274.9944	366.218	VEPRXSBWMULVMA	(E)-N-(2-(benzylamino)-2-oxo-1-(pyridin-3-yl)ethyl)-N-butylbut-2-enamide	C/C=C/C(=O)N(CCCC)C(C(=O)NCc1ccccc1)c2cccnc2	Organic compounds	Organic acids and derivatives	Carboxylic acids and derivatives	Amino acids, peptides, and analogues	Alpha amino acids and derivatives	Pyridine alkaloids	Nicotinic acid alkaloids	Alkaloids
10232166245252355846	727	0.409	172.3486	274.9944	447.343	ZVFDTKUVRCTHQE	Diisodecyl phthalate	CC(C)CCCCCCCOC(=O)C1=CC=CC=C1C(=O)OCCCCCCCC(C)C	Organic compounds	Benzenoids	Benzene and substituted derivatives	Benzoic acids and derivatives	Benzoic acid esters	Shikimic acids and derivatives; Simple phenolic acids	Phenolic acids (C6-C1)	Shikimates and Phenylpropanoids
10232166245252355846	728	0.409	195.2776	274.9944	470.272	IOFATHVLOIXNOR	{[1,4a-dimethyl-7-(methylethyl)(1,2,3,4,9,10,10a,4a-octahydrophenanthryl)]meth yl}[(4-methoxy-3-methylphenyl)sulfonyl]amine	COc1ccc(S(=O)(=O)NCC2(C)CCCC3(C)c4ccc(C(C)C)cc4CCC23)cc1C	Organic compounds	Lipids and lipid-like molecules	Prenol lipids	Diterpenoids	Diterpenoids	Abietane diterpenoids	Diterpenoids	Terpenoids
10232166245252355846	729	0.409	224.3756	274.9944	499.37	QFJUYMMIBFBOJY	panaxatriol	OC1CC2C3(C)CCC(O)C(C)(C)C3C(O)CC2(C)C4(C)CCC(C14)C5(OC(C)(C)CCC5)C	Organic compounds	Lipids and lipid-like molecules	Prenol lipids	Terpene glycosides	Triterpene saponins	Dammarane and Protostane triterpenoids	Triterpenoids	Terpenoids
10232166245252355846	730	0.409	385.4076	274.9944	660.402	HJTFEFVAIMJPHF	1,2,6,6,10,17,20-heptamethyl-17-(N-naphthylcarbamoyl)-12-oxopentacyclo[12.8.0. 0<2,11>.0<5,10>.0<15,20>]docos-13-en-7-yl acetate	CC(=O)OC1CCC2(C)C(CCC3(C)C2C(=O)C=C2C4CC(C)(C(O)=Nc5cccc6ccccc56)CCC4(C)CCC23C)C1(C)C	Organic compounds	Lipids and lipid-like molecules	Prenol lipids	Triterpenoids	Triterpenoids	Oleanane triterpenoids	Triterpenoids	Terpenoids
10232166245252355846	731	0.409	291.4966	274.9944	566.491	XEQQGHISHUGMIP	DG(14:0/18:1/0:0)	CCCCCCCCCCCCCC(=O)OC[C@H](CO)OC(=O)CCCCCCC/C=C\CCCCCCCC	Organic compounds	Lipids and lipid-like molecules	Glycerolipids	Diradylglycerols	1,2-diacylglycerols	Diacylglycerols	Glycerolipids	Fatty acids
10232166245252355846	732	0.409	515.5736	274.9944	790.568	MZWQZYDNVSKPPF	Isorangiformic acid	O=C(O)C[C@@H]([C@H](CCCCCCCCCCCCCC)C(=O)O)C(=O)OC	Organic compounds	Organic acids and derivatives	Carboxylic acids and derivatives	Tricarboxylic acids and derivatives	Tricarboxylic acids and derivatives	Dicarboxylic acids	Fatty Acids and Conjugates	Fatty acids
10232166245252355846	733	0.3436	161.2536	274.9944	436.248	NWNQOAZCDWMOGB	(2E)-1-[2-(2-ethoxyphenyl)-6-hydroxy-3-azabicyclo[4.4.0]dec-3-yl]-3-(4-methoxy phenyl)prop-2-en-1-one	CCOc1ccccc1C1C2CCCCC2(O)CCN1C(=O)C=Cc1ccc(OC)cc1								
10232166245252355846	734	0.409	160.3006	274.9944	435.295	SCABKEBYDRTODC	bis[2-(2-butoxyethoxy)ethyl] hexanedioate	CCCCOCCOCCOC(=O)CCCCC(=O)OCCOCCOCCCC	Organic compounds	Lipids and lipid-like molecules	Fatty Acyls	Fatty acid esters	Fatty acid esters	Triacylglycerols	Glycerolipids	Fatty acids
10232166245252355846	735	0.3459	75.1226	274.9944	350.117	DYCHUHSHQIYFAI	Metazachlor BH 479-9	CC1=CC=CC(C)=C1N(CN1C=CC=N1)C(=O)CS(=O)CC(O)=O	Organic compounds	Benzenoids	Benzene and substituted derivatives	Anilides	Anilides		Peptide alkaloids	Alkaloids
10232166245252355846	736	0.409	160.3006	274.9944	435.295	SCABKEBYDRTODC	bis[2-(2-butoxyethoxy)ethyl] hexanedioate	CCCCOCCOCCOC(=O)CCCCC(=O)OCCOCCOCCCC	Organic compounds	Lipids and lipid-like molecules	Fatty Acyls	Fatty acid esters	Fatty acid esters	Triacylglycerols	Glycerolipids	Fatty acids
10232166245252355846	737	0.3459	27.0056	274.9944	302.0	JRWZLRBJNMZMFE	Dobutamine	CC(NCCc(c2)cc(O)c(O)c2)CCc(c1)ccc(O)c1	Organic compounds	Benzenoids	Phenols	Benzenediols	Catecholamines and derivatives	Phenylethylamines	Tyrosine alkaloids	Alkaloids
10232166245252355846	738	0.409	326.3666	274.9944	601.361	LXYFNICVBDMTSH	Trp-DCA	C[C@H](CCC(N[C@H](C(O)=O)CC1=CNC2=C1C=CC=C2)=O)[C@H]3CC[C@@]4([H])[C@]5([H])CC[C@]6([H])C[C@H](O)CC[C@]6(C)[C@H]5C[C@H](O)[C@@]43C	Organic compounds	Lipids and lipid-like molecules	Steroids and steroid derivatives	Bile acids, alcohols and derivatives	Dihydroxy bile acids, alcohols and derivatives	Cholane steroids	Steroids	Terpenoids
10232166245252355846	739	0.3459	68.1916	274.9944	343.186	DAOGFHQPAHSMQS	1_proprionylpyrrolidine_2_carboxylic_acid	CCC(=O)N1CCCC1C(=O)O	Organic compounds	Organic acids and derivatives	Carboxylic acids and derivatives	Amino acids, peptides, and analogues	N-acyl-alpha amino acids	Dipeptides	Small peptides	Amino acids and Peptides
10232166245252355846	740	0.4887	234.2616	274.9944	509.256	UQWXAEVMTJFVFA	KU036-11-5	OC1=CC(C(O)=O)=CC2=C1[C@H](C)CC[C@@]2([H])[C@](C)([H])CC/C=C(C)\COC(/C=C/C3=CC(OC)=C(O)C=C3)=O	Organic compounds	Lipids and lipid-like molecules	Prenol lipids	Diterpenoids	Biflorane and serrulatane diterpenoids	Serrulatane and Biflorane diterpenoids	Diterpenoids	Terpenoids
10232166245252355846	741	0.409	230.3356	274.9944	505.33	KPKYWYZPIVAHKU	Polyporenic acid C	O=C(O)C(CCC(=C)C(C)C)C1C(O)CC2(C3=CCC4C(C(=O)CCC4(C3=CCC12C)C)(C)C)C	Organic compounds	Lipids and lipid-like molecules	Steroids and steroid derivatives	Bile acids, alcohols and derivatives	Monohydroxy bile acids, alcohols and derivatives	Lanostane, Tirucallane and Euphane triterpenoids	Triterpenoids	Terpenoids
10232166245252355846	742	0.409	224.3756	274.9944	499.37	RIXNFYQZWDGQAE	3-O-acetyloleanolic acid	O=C(OC1CCC2(C)C3CC=C4C5CC(C)(C)CCC5(C(=O)O)CCC4(C)C3(C)CCC2C1(C)C)C	Organic compounds	Lipids and lipid-like molecules	Prenol lipids	Triterpenoids	Triterpenoids	Oleanane triterpenoids	Triterpenoids	Terpenoids
10232166245252355846	743	0.4127	385.4076	274.9944	660.402	HJTFEFVAIMJPHF	1,2,6,6,10,17,20-heptamethyl-17-(N-naphthylcarbamoyl)-12-oxopentacyclo[12.8.0. 0<2,11>.0<5,10>.0<15,20>]docos-13-en-7-yl acetate	CC(=O)OC1CCC2(C)C(CCC3(C)C2C(=O)C=C2C4CC(C)(C(O)=Nc5cccc6ccccc56)CCC4(C)CCC23C)C1(C)C	Organic compounds	Lipids and lipid-like molecules	Prenol lipids	Triterpenoids	Triterpenoids	Oleanane triterpenoids	Triterpenoids	Terpenoids
10232166245252355846	744	0.5523	564.5686	274.9944	839.563	DKPMWHFRUGMUKF	hyocholic acid	C[C@H](CCC(=O)O)[C@H]1CC[C@@H]2[C@@]1(CC[C@H]3[C@H]2[C@@H]([C@@H]([C@H]4[C@@]3(CC[C@H](C4)O)C)O)O)C	Organic compounds	Lipids and lipid-like molecules	Steroids and steroid derivatives	Bile acids, alcohols and derivatives	Trihydroxy bile acids, alcohols and derivatives	Cholane steroids	Steroids	Terpenoids
10232166245252355846	745	0.3459	65.2076	274.9944	340.202	LHXNOIJYMKZGEP	N-benzyl-2-(N-butylacetamido)-2-(pyridin-3-yl)acetamide	CCCCN(C(C)=O)C(C(=O)NCc1ccccc1)c2cccnc2	Organic compounds	Organic acids and derivatives	Carboxylic acids and derivatives	Amino acids, peptides, and analogues	Alpha amino acids and derivatives	Pyridine alkaloids	Nicotinic acid alkaloids	Alkaloids
10232166245252355846	746	0.409	272.4066	274.9944	547.401	KRADHMIOFJQKEZ	Tri-2-ethylhexyl trimellitate	CCCCC(CC)COC(=O)C1=CC(=C(C=C1)C(=O)OCC(CC)CCCC)C(=O)OCC(CC)CCCC	Organic compounds	Benzenoids	Benzene and substituted derivatives	Benzoic acids and derivatives	Benzoic acid esters	Simple phenolic acids	Phenolic acids (C6-C1)	Shikimates and Phenylpropanoids
10232166245252355846	747	0.409	172.3556	274.9944	447.35	ZVFDTKUVRCTHQE	Diisodecyl phthalate	CC(C)CCCCCCCOC(=O)C1=CC=CC=C1C(=O)OCCCCCCCC(C)C	Organic compounds	Benzenoids	Benzene and substituted derivatives	Benzoic acids and derivatives	Benzoic acid esters	Shikimic acids and derivatives; Simple phenolic acids	Phenolic acids (C6-C1)	Shikimates and Phenylpropanoids
10232166245252355846	748	0.409	160.3006	274.9944	435.295	SCABKEBYDRTODC	bis[2-(2-butoxyethoxy)ethyl] hexanedioate	CCCCOCCOCCOC(=O)CCCCC(=O)OCCOCCOCCCC	Organic compounds	Lipids and lipid-like molecules	Fatty Acyls	Fatty acid esters	Fatty acid esters	Triacylglycerols	Glycerolipids	Fatty acids
10232166245252355846	749	0.409	326.1376	274.9944	601.132	TUUBGLDJKKCMRH	7-[3-[(2R,3R,4R)-3,4-dihydroxy-4-(hydroxymethyl)oxolan-2-yl]oxy-4,5-dihydroxy-6-(hydroxymethyl)oxan-2-yl]oxy-3-(4-methoxyphenyl)chromen-4-one	COc1ccc(-c2coc3cc(OC4OC(CO)C(O)C(O)C4O[C@H]4OC[C@](O)(CO)[C@H]4O)ccc3c2=O)cc1	Organic compounds	Phenylpropanoids and polyketides	Isoflavonoids	Isoflavonoid O-glycosides	Isoflavonoid O-glycosides	Isoflavones	Isoflavonoids	Shikimates and Phenylpropanoids
14474037681873664984	750	0.5552	54.0886	538.2594	592.348	DBUCFOVFALNEOO	Cevadine	C/C=C(/C)C(=O)O[C@H]1CC[C@@]2(C)[C@@H]3CC[C@@H]4[C@@]2(C[C@@]2(O)[C@@H]5CN6C[C@@H](C)CC[C@H]6[C@@](C)(O)[C@@]5(O)[C@@H](O)C[C@@]42O)O[C@]13O	Organic compounds	Lipids and lipid-like molecules	Steroids and steroid derivatives	Steroidal alkaloids	Cerveratrum-type alkaloids	Steroidal alkaloids	Pseudoalkaloids	Alkaloids; Terpenoids
14474037681873664984	751	0.4887	51.1406	538.2594	589.4	HLFDBGBBWUJBTJ	1,2,6,6,10,17,20-heptamethyl-12-oxo-17-(N-(2-pyridyl)carbamoyl)pentacyclo[12.8 .0.0<2,11>.0<5,10>.0<15,20>]docos-13-en-7-yl acetate	CC(=O)OC1CCC2(C)C(CCC3(C)C2C(=O)C=C2C4CC(C)(C(O)=Nc5ccccn5)CCC4(C)CCC23C)C1(C)C	Organic compounds	Lipids and lipid-like molecules	Prenol lipids	Triterpenoids	Triterpenoids	Oleanane triterpenoids	Triterpenoids	Terpenoids
14474037681873664984	752	0.4887	154.1826	538.2594	692.442	FVLNZPLZBXQIAL	1,2,6,6,10,17,20-heptamethyl-12-oxo-17-{N-[4-(phenyldiazenyl)phenyl]carbamoyl} pentacyclo[12.8.0.0<2,11>.0<5,10>.0<15,20>]docos-13-en-7-yl acetate	CC(=O)OC1CCC2(C)C(CCC3(C)C2C(=O)C=C2C4CC(C)(C(=O)Nc5ccc(N=Nc6ccccc6)cc5)CCC4(C)CCC23C)C1(C)C	Organic compounds	Lipids and lipid-like molecules	Prenol lipids	Triterpenoids	Triterpenoids	Oleanane triterpenoids	Triterpenoids	Terpenoids
14474037681873664984	753	0.5782	563.4506	538.2594	1101.71	CEMZGPKUKMFNNF	phenylalanine conjugated chenodeoxycholic acid	CC(CCC(O)=N[C@@H](Cc1ccccc1)C(=O)O)[C@H]1CC[C@H]2[C@H]3[C@H](CCC21C)C1(C)CC[C@@H](O)C[C@H]1C[C@H]3O	Organic compounds	Lipids and lipid-like molecules	Steroids and steroid derivatives	Bile acids, alcohols and derivatives	Glycinated bile acids and derivatives	Cholane steroids	Steroids	Terpenoids
14474037681873664984	754	0.5529	79.0966	538.2594	617.356	UXWZMQPNSYWAHX	Tryptophan conjugated cholic acid	C[C@H](CCC(N[C@@H](CC1=CNC2=C1C=CC=C2)C(O)=O)=O)[C@H]3CC[C@@]4([H])[C@]5([H])[C@H](O)C[C@]6([H])C[C@H](O)CC[C@]6(C)[C@H]5C[C@H](O)[C@@]43C	Organic compounds	Lipids and lipid-like molecules	Steroids and steroid derivatives	Bile acids, alcohols and derivatives	Glycinated bile acids and derivatives	Cholane steroids	Steroids	Terpenoids
14474037681873664984	755	0.4887	324.7406	538.2594	863.0	YUNDIYNGCYJSTC	GalNAc-alpha-1-2Fuc-alpha-1-3GlcNAc-beta-1-2ThrNAc (ThrNAc; 3-acetamido-3-deoxythreose)	N(C(C(OC(C(O)2)C(OC(C3O)C(NC(C)=O)C(OC(C=O)(C(CO)(NC(C)=O)[H])[H])OC3CO)OC(C)C2O)1)C(O)C(O)C(CO)O1)C(C)=O	Organic compounds	Organic oxygen compounds	Organooxygen compounds	Carbohydrates and carbohydrate conjugates	Oligosaccharides	Aminosugars	Aminosugars and aminoglycosides	Carbohydrates
14474037681873664984	756	0.5551	62.0766	538.2594	600.336	XIYSEKITPHTMJT	16-butan-2-yl-10,11,14-trimethyl-13-propan-2-yl-3-prop-2-enyl-4-oxa-1,8,11,14,17-pentazabicyclo[17.3.0]docosane-2,5,9,12,15,18-hexone [IIN-based on: CCMSLIB00000847629]	CCC(C)C1NC(=O)C2CCCN2C(=O)C(CC=C)OC(=O)CCNC(=O)C(C)N(C)C(=O)C(C(C)C)N(C)C1=O	Organic compounds	Organic acids and derivatives	Peptidomimetics	Depsipeptides	Cyclic depsipeptides	Cyclic peptides; Depsipeptides	Oligopeptides	Amino acids and Peptides; Polyketides
14474037681873664984	757	0.4887	172.1516	538.2594	710.411	LWSPRPDSPCBAKK	Germbudine	CCC(C)C(=O)OC1C(O)C2C(CN3CC(C)CCC3C2(C)O)C2CC34OC5(O)C(CC(O)C3C12O)C4(C)CCC5OC(=O)C(C)(O)C(C)O	Organic compounds	Lipids and lipid-like molecules	Steroids and steroid derivatives	Steroidal alkaloids	Cerveratrum-type alkaloids	Steroidal alkaloids	Pseudoalkaloids	Alkaloids; Terpenoids
14474037681873664984	758	0.5529	202.7406	538.2594	741.0	NIFSOTSGUFBSPF	Antanapeptin C	CCCCCC1OC(=O)[C@H](C(C)CC)N(C)C(=O)[C@@H]2CCCN2C(=O)[C@@H](OC(=O)[C@H](CC2=CC=CC=C2)N(C)C(=O)[C@@H](NC(=O)C1C)C(C)C)C(C)C	Organic compounds	Organic acids and derivatives	Peptidomimetics	Depsipeptides	Cyclic depsipeptides	Cyclic peptides; Depsipeptides	Oligopeptides	Amino acids and Peptides; Polyketides
14474037681873664984	759	0.4887	117.0166	538.2594	655.276	XNBNKCLBGTWWSD	Coproporphyrin III	CC1=C(C2=CC3=C(C(=C(N3)C=C4C(=C(C(=N4)C=C5C(=C(C(=N5)C=C1N2)C)CCC(=O)O)C)CCC(=O)O)C)CCC(=O)O)CCC(=O)O	Organic compounds	Organoheterocyclic compounds	Tetrapyrroles and derivatives	Porphyrins	Porphyrins			Alkaloids
14474037681873664984	760	0.5521	1.0306	538.2594	539.29	DYOKDAQBNHPJFD	Ganoderic Acid A	O=C(O)C(C)CC(=O)CC(C)C1CC(O)C2(C3=C(C(=O)CC12C)C4(C)CCC(=O)C(C)(C)C4CC3O)C	Organic compounds	Lipids and lipid-like molecules	Prenol lipids	Triterpenoids	Triterpenoids	Lanostane, Tirucallane and Euphane triterpenoids	Triterpenoids	Terpenoids
14474037681873664984	761	0.4887	76.1106	538.2594	614.37	DHQFYEJMFMYGCV	Edpetiline	O=C1CC2C3CCC4C(CN5CC(C)CCC5C4(O)C)C3CC2C6(C)CCC(OC7OC(CO)C(O)C(O)C7O)CC16	Organic compounds	Lipids and lipid-like molecules	Steroids and steroid derivatives	Steroidal glycosides	Steroidal saponins	Steroidal alkaloids	Pseudoalkaloids	Alkaloids; Terpenoids
14474037681873664984	763	0.4887	41.1196	538.2594	579.379	CANKROYVEPINSI	Trp-HDCA	C[C@H](CCC(N[C@@H](CC1=CNC2=C1C=CC=C2)C(O)=O)=O)[C@H]3CC[C@@]4([H])[C@]5([H])C[C@H](O)[C@]6([H])C[C@H](O)CC[C@]6(C)[C@H]5CC[C@@]43C	Organic compounds	Lipids and lipid-like molecules	Steroids and steroid derivatives	Bile acids, alcohols and derivatives	Dihydroxy bile acids, alcohols and derivatives	Cholestane steroids	Steroids	Terpenoids
14474037681873664984	764	0.409	4.0464	538.2594	534.213	XYPWCJWXFYYGPA	10-methoxy-2,2-dimethylpyrano[3,2-g]chromen-8-one [IIN-based on: CCMSLIB00000847475]	COC1=C2OC(=O)C=CC2=CC3=C1OC(C)(C)C=C3	Organic compounds	Phenylpropanoids and polyketides	Coumarins and derivatives	Pyranocoumarins	Linear pyranocoumarins	Pyranocoumarins; Simple coumarins	Coumarins	Shikimates and Phenylpropanoids
14474037681873664984	765	0.4887	65.0194	538.2594	473.24	MLOBLGHQSJVJEQ	Moroidin-[QALVWRGH]	O=C1CCC(C(NC(C(NC(CC(C)C)C(NC(C(C)C)C(NC(C(NC(C(NCC(NC(CC2=CN3C=N2)C(O)=O)=O)=O)CCCNC(N)=N)=O)C4)=O)=O)=O)CC5=CC6=C(C=C5)C4=C3N6)=O)N1	Organic compounds	Organic acids and derivatives	Carboxylic acids and derivatives	Amino acids, peptides, and analogues	Oligopeptides	Cyclic peptides	Oligopeptides	Amino acids and Peptides
14474037681873664984	766	0.409	56.0806	538.2594	594.34	JETMSKKNSNPVER	LDOPA-DCA	C[C@H](CCC(N[C@H](C(O)=O)CC1=CC=C(O)C(O)=C1)=O)[C@H]2CC[C@@]3([H])[C@]4([H])CC[C@]5([H])C[C@H](O)CC[C@]5(C)[C@H]4C[C@H](O)[C@@]32C	Organic compounds	Lipids and lipid-like molecules	Steroids and steroid derivatives	Bile acids, alcohols and derivatives	Dihydroxy bile acids, alcohols and derivatives	Cholane steroids	Steroids	Terpenoids
14474037681873664984	767	0.4896	38.9856	538.2594	577.245	RRWXSVSMTCNULZ		CC(C)c1ccc(cc1)C2N3[C@@H](Cc4c2[nH]c5ccccc45)C(=O)N(C3=O)c6ccccc6C(=O)N7CCC[C@@H]7C(=O)O	Organic compounds	Organoheterocyclic compounds	Indoles and derivatives	Pyridoindoles	Beta carbolines	Carboline alkaloids	Tryptophan alkaloids	Alkaloids
14474037681873664984	769	0.409	55.0906	538.2594	593.35	ZMCWALAQRPULMT	5-[[4-[5-[[4-[5-[acetyl(hydroxy)amino]pentylamino]-4-oxobutanoyl]-hydroxyamino]pentylamino]-4-oxobutanoyl]-hydroxyamino]pentanoic acid	CC(=O)N(O)CCCCCN=C(O)CCC(=O)N(O)CCCCCN=C(O)CCC(=O)N(O)CCCCC(=O)O	Organic compounds	Lipids and lipid-like molecules	Fatty Acyls	Fatty amides	N-acyl amines	N-acyl amines	Fatty amides	Fatty acids
14474037681873664984	770	0.409	58.9094	538.2594	479.35	MIJYXULNPSFWEK	oleanolic acid	O=C(O)C12CCC(C)(C)CC2C3=CCC4C5(C)CCC(O)C(C)(C)C5CCC4(C)C3(C)CC1	Organic compounds	Lipids and lipid-like molecules	Prenol lipids	Triterpenoids	Triterpenoids	Oleanane triterpenoids	Triterpenoids	Terpenoids
14474037681873664984	771	0.409	37.9734	538.2594	500.286	SQMGCPHFHQGPIF	Aconine	OC1CC(OC)C23C4N(CC)CC1(COC)C3C(OC)C4C5(O)C(O)C(OC)C6(O)CC2C5C6O	Organic compounds	Lipids and lipid-like molecules	Prenol lipids	Diterpenoids	Aconitane-type diterpenoid alkaloids	Terpenoid alkaloids	Pseudoalkaloids	Alkaloids; Terpenoids
14474037681873664984	772	0.5521	76.0706	538.2594	614.33	DBUCFOVFALNEOO	636-24-8	CC=C(C)C(=O)OC1CCC2(C)C3CCC4C5(O)CC(O)C6(O)C(CN7CC(C)CCC7C6(C)O)C5(O)CC42OC13O	Organic compounds	Lipids and lipid-like molecules	Steroids and steroid derivatives	Steroidal alkaloids	Cerveratrum-type alkaloids	Steroidal alkaloids	Pseudoalkaloids	Alkaloids; Terpenoids
14474037681873664984	773	0.4887	40.0856	538.2594	578.345	GADRVMPNTDRMDU	Tyr-UDCA	C[C@H](CCC(N[C@H](C(O)=O)CC1=CC=C(O)C=C1)=O)[C@H]2CC[C@@]3([H])[C@]4([H])[C@@H](O)C[C@]5([H])C[C@@H](CC[C@]5(C)[C@H]4CC[C@@]32C)O	Organic compounds	Lipids and lipid-like molecules	Steroids and steroid derivatives	Bile acids, alcohols and derivatives	Glycinated bile acids and derivatives	Cholane steroids	Steroids	Terpenoids
14474037681873664984	774	0.5782	537.4106	538.2594	1075.67	CBUKBSJQVLLDJT	Glu-CA	C[C@H](CCC(N[C@H](C(O)=O)CCC(O)=O)=O)[C@H]1CC[C@@]2([H])[C@]3([H])[C@H](O)C[C@]4([H])C[C@H](O)CC[C@]4(C)[C@H]3C[C@H](O)[C@@]21C						Cholane steroids	Steroids	Terpenoids
14474037681873664984	775	0.409	87.0894	538.2594	451.17	UFUVJROSOIXJGR	Praeruptorin C	O=C1OC2=C(C=C1)C=CC=3OC(C)(C)C(OC(=O)C(=CC)C)C(OC(=O)CC(C)C)C32	Organic compounds	Phenylpropanoids and polyketides	Coumarins and derivatives	Pyranocoumarins	Angular pyranocoumarins	Pyranocoumarins	Coumarins	Shikimates and Phenylpropanoids
14474037681873664984	776	0.409	149.0906	538.2594	687.35	XONIDZKOFMZZPY	Cercic acid	O=C1CC[C@@H](C(N[C@H](C(N[C@@H](CC(C)C)C(N[C@@H](CC2=CC=CC=C2)C(N[C@H](C(O)=O)CC3=CN4C5=C3C=CC=C5)=O)=O)=O)[C@@]4(C)CC)=O)N1	Organic compounds	Organic Polymers	Polypeptides		Polypeptides	Cyclic peptides	Oligopeptides	Amino acids and Peptides
14474037681873664984	777	0.4887	28.9654	538.2594	509.294	CSKRCVQJKJFWGN	"""2,5-Piperazinedione, 3-[[1-(1,1-dimethyl-2-propen-1-yl)-1H-indol-3-yl]methyl]-6-[[2-(1,1-dimethyl-2-propen-1-yl)-1H-indol-3-yl]methyl]-, (3S,6S)_120157"""	CC(C=C)(C)C1=C(C[C@@H]2NC([C@H](CC3=CN(C(C)(C)C=C)C4=C3C=CC=C4)NC2=O)=O)C5=CC=CC=C5N1	Organic compounds	Organoheterocyclic compounds	Indoles and derivatives	N-alkylindoles	N-alkylindoles	Indole diketopiperazine alkaloids (L-Trp, L-Trp)	Peptide alkaloids	Alkaloids; Amino acids and Peptides
14474037681873664984	778	0.4887	35.9746	538.2594	574.234	YFGBQHOOROIVKG	Methionine_Enkephalin	[H]C([H])(c(c2[H])c(c(c(c2[H])O[H])[H])[H])C([H])(N([H])[H])C(N(C(C(N(C(C(N(C(C([H])([H])c(c1[H])c(c(c(c1[H])[H])[H])[H])([H])C(N(C([H])(C(=O)O[H])C([H])([H])C(SC([H])([H])[H])([H])[H])[H])=O)[H])=O)([H])[H])[H])=O)([H])[H])[H])=O	Organic compounds	Organic acids and derivatives	Carboxylic acids and derivatives	Amino acids, peptides, and analogues	Oligopeptides	Tripeptides	Small peptides	Amino acids and Peptides
14474037681873664984	779	0.3775	364.1684	538.2594	174.091	MOSRXMRJDACECK	Pargyline formamide	O=CN(CC#C)CC1=CC=CC=C1	Organic compounds	Benzenoids	Benzene and substituted derivatives		Benzene and substituted derivatives			
14474037681873664984	781	0.5529	63.1016	538.2594	601.361	CYHFCBVFHBCQHF	Trp-UDCA	C[C@H](CCC(N[C@H](C(O)=O)CC1=CNC2=C1C=CC=C2)=O)[C@H]3CC[C@@]4([H])[C@]5([H])[C@@H](O)C[C@]6([H])C[C@@H](CC[C@]6(C)[C@H]5CC[C@@]43C)O	Organic compounds	Lipids and lipid-like molecules	Steroids and steroid derivatives	Bile acids, alcohols and derivatives	Glycinated bile acids and derivatives	Cholane steroids	Steroids	Terpenoids
14474037681873664984	782	0.4887	11.0116	538.2594	549.271	KQGQONPKSKUHHT	N_Acetyl_L_tryptophan_ethyl_ester	CCOC(=O)C(CC1=CNC2=CC=CC=C21)NC(=O)C	Organic compounds	Organic acids and derivatives	Carboxylic acids and derivatives	Amino acids, peptides, and analogues	N-acyl-alpha amino acids and derivatives	Dipeptides	Small peptides	Amino acids and Peptides
14474037681873664984	783	0.4887	76.1106	538.2594	614.37	DHQFYEJMFMYGCV	Edpetiline	O=C1CC2C3CCC4C(CN5CC(C)CCC5C4(O)C)C3CC2C6(C)CCC(OC7OC(CO)C(O)C(O)C7O)CC16	Organic compounds	Lipids and lipid-like molecules	Steroids and steroid derivatives	Steroidal glycosides	Steroidal saponins	Steroidal alkaloids	Pseudoalkaloids	Alkaloids; Terpenoids
14474037681873664984	784	0.4887	27.9494	538.2594	510.31	RNPABQVCNAUEIY	(3S,4S,4aS,6R,6aS,6bS,7S,8R,8aR,9S,9aS,12S,15aS,15bS,16aR,16bS)-9,12,16b-trimethyldocosahydro-1H-4,16a-epoxybenzo[4,5]indeno[1,2-h]pyrido[1,2-b]isoquinoline-3,4,6,6b,7,8,9-heptaol	OC1CC2C3(O)OC4(CC5C6CN7CC(C)CCC7C(O)(C)C6C(O)C(O)C5(O)C14)C2(C)CCC3O	Organic compounds	Lipids and lipid-like molecules	Steroids and steroid derivatives	Steroidal alkaloids	Cerveratrum-type alkaloids	Steroidal alkaloids	Pseudoalkaloids	Alkaloids; Terpenoids
14474037681873664984	785	0.4887	117.1126	538.2594	655.372	PTPCWEVNYOLFMA	1,2,6,6,10,17,20-heptamethyl-17-[N-(3-nitrophenyl)carbamoyl]-12-oxopentacyclo[ 12.8.0.0<2,11>.0<5,10>.0<15,20>]docos-13-en-7-yl acetate	CC(=O)OC1CCC2(C)C(CCC3(C)C2C(=O)C=C2C4CC(C)(C(O)=Nc5cccc([N+](=O)[O-])c5)CCC4(C)CCC23C)C1(C)C	Organic compounds	Lipids and lipid-like molecules	Prenol lipids	Triterpenoids	Triterpenoids			
14474037681873664984	786	0.409	1038.6506	538.2594	1576.91	OESVNVWXOTVKHT	2-[[1-[2-[[2-[[2-[[2-[[2-[[2-[[2-[[2-[(2-acetamido-3-phenylpropanoyl)amino]-2-methylpropanoyl]amino]-2-methylpropanoyl]amino]-2-methylpropanoyl]amino]-3-methylbutanoyl]amino]acetyl]amino]-4-methylpentanoyl]amino]-2-methylpropanoyl]amino]-2-methylpropanoyl]-4-hydroxypyrrolidine-2-carbonyl]amino]-N-[1-[4-hydroxy-2-[[1-[(1-hydroxy-3-phenylpropan-2-yl)amino]-2-methyl-1-oxopropan-2-yl]carbamoyl]pyrrolidin-1-yl]-2-methyl-1-oxopropan-2-yl]pentanediamide	CC(C)CC(NC(=O)CNC(=O)C(NC(=O)C(C)(C)NC(=O)C(C)(C)NC(=O)C(C)(C)NC(=O)C(CC1=CC=CC=C1)NC(C)=O)C(C)C)C(=O)NC(C)(C)C(=O)NC(C)(C)C(=O)N2CC(O)CC2C(=O)NC(CCC(N)=O)C(=O)NC(C)(C)C(=O)N3CC(O)CC3C(=O)NC(C)(C)C(=O)NC(CO)CC4=CC=CC=C4	Organic compounds	Organic acids and derivatives	Carboxylic acids and derivatives	Amino acids, peptides, and analogues	Oligopeptides	Linear peptides	Oligopeptides	Amino acids and Peptides
14474037681873664984	787	0.6653	77.0404	538.2594	461.219	VOZWTVJISAVWFI		COc1ccc(CCNC(=O)[C@H](C)N2C(=O)N3CCc4c([nH]c5ccccc45)[C@@]3(C)C2=O)cc1	Organic compounds	Organic acids and derivatives	Carboxylic acids and derivatives	Amino acids, peptides, and analogues	Dipeptides	Carboline alkaloids	Tryptophan alkaloids	Alkaloids
14474037681873664984	788	0.6094	315.8996	538.2594	854.159	QHHKKMYHDBRONY	3-hydroxybutanoyl CoA	O=C(SCCNC(CCNC(C(C(C)(C)COP(OP(OCC1C(OP(O)(O)=O)C(O)C(N2C(N=CN=C3N)=C3N=C2)O1)(O)=O)(O)=O)O)=O)=O)CC(O)C	Organic compounds	Lipids and lipid-like molecules	Fatty Acyls	Fatty acyl thioesters	3-hydroxyacyl CoAs	Fatty acyl CoAs	Fatty esters	Fatty acids
14474037681873664984	789	0.5529	75.0716	538.2594	613.331	UMKHUVRCCMAOBN	WS-7338-B;_BE-18257-B_32402_dereplictor_pv_1.38423e-16	[H]OC(=O)C([H])([H])C([H])([H])C1([H])N([H])C(=O)C([H])(N([H])C(=O)C([H])(N([H])C(=O)C([H])(N([H])C(=O)C([H])(N([H])C1=O)C([H])([H])[H])C([H])(C([H])([H])[H])C([H])([H])C([H])([H])[H])C([H])([H])C([H])(C([H])([H])[H])C([H])([H])[H])C([H])([H])C1=C([H])N([H])C2=C1C([H])=C([H])C([H])=C2[H]	Organic compounds	Organic acids and derivatives	Carboxylic acids and derivatives	Amino acids, peptides, and analogues	Oligopeptides	Cyclic peptides	Oligopeptides	Amino acids and Peptides
14474037681873664984	790	0.409	122.1586	538.2594	660.418	SNPUUTQIPHTWGL	4-[2-[[4-[[2-[(2-acetamido-3-methylbutanoyl)amino]-3-methylbutanoyl]amino]-3-hydroxy-6-methylheptanoyl]amino]propanoylamino]-3,7-dihydroxy-6-methylheptanoic acid [IIN-based: Match]	CC(C)CC(NC(=O)C(NC(=O)C(NC(C)=O)C(C)C)C(C)C)C(O)CC(=O)NC(C)C(=O)NC(CC(C)CO)C(O)CC(O)=O	Organic compounds	Organic acids and derivatives	Peptidomimetics	Hybrid peptides	Hybrid peptides	Linear peptides	Oligopeptides	Amino acids and Peptides
14474037681873664984	791	0.5547	290.1006	538.2594	828.36	WDQNDXPFEWOQRR	(7S,9E,11S,12R,13S,14S,15S,16R,17S,18S,19E,21Z)-13-(acetyloxy)-15,17-dihydroxy-11-methoxy-3,7,12,14,16,18,22-heptamethyl-6,23,27,29-tetraoxo-8,30-dioxa-24-azatetracyclo[23.3.1.1^{4,7}.0^{5,28}]triaconta-1,3,5(28),9,19,21,25-heptaen-2-yl cyclohexanecar...	O=C1C=C2NC(=O)C(=CC=CC(C)C(O)C(C)C(O)C(C)C(OC(=O)C)C(C)C(OC)C=COC3(OC4=C(C3=O)C1=C(C2=O)C(OC(=O)C5CCCCC5)=C4C)C)C	Organic compounds	Phenylpropanoids and polyketides	Macrolactams		Macrolactams	Ansa macrolides	Macrolides	Polyketides
14474037681873664984	792	0.5528	32.0826	538.2594	570.342	FDUSWCPTGFAWMG	LDOPA-gMCA	C[C@H](CCC(N[C@@H](CC1=CC=C(O)C(O)=C1)C(O)=O)=O)[C@H]2CC[C@@]3([H])[C@]4([H])[C@H](O)[C@H](O)[C@]5([H])C[C@H](O)CC[C@]5(C)[C@H]4CC[C@@]32C	Organic compounds	Lipids and lipid-like molecules	Steroids and steroid derivatives	Bile acids, alcohols and derivatives	Trihydroxy bile acids, alcohols and derivatives	Cholane steroids	Steroids	Terpenoids
14474037681873664984	793	0.5521	55.0344	538.2594	483.225	LCAMLBZQFNLJDC	2-[6-hydroxy-2-(4-hydroxy-3-methoxyphenyl)-3-azabicyclo[4.4.0]dec-3-yl]-N-naph thylacetamide	COc1cc(C2C3CCCCC3(O)CCN2CC(O)=Nc2cccc3ccccc23)ccc1O	Organic compounds	Organoheterocyclic compounds	Piperidines	Phenylpiperidines	Phenylpiperidines			
14474037681873664984	795	0.4887	13.1136	538.2594	551.373	FLGGZSYODYRWKA	1,2,6,6,10,17,20-heptamethyl-12-oxo-17-(prop-2-ynyloxycarbonyl)pentacyclo[12.8 .0.0<2,11>.0<5,10>.0<15,20>]docos-13-en-7-yl acetate	C#CCOC(=O)C1(C)CCC2(C)CCC3(C)C(=CC(=O)C4C5(C)CCC(OC(C)=O)C(C)(C)C5CCC43C)C2C1	Organic compounds	Lipids and lipid-like molecules	Prenol lipids	Triterpenoids	Triterpenoids			
14474037681873664984	796	0.409	63.1016	538.2594	601.361	LXYFNICVBDMTSH	Trp-DCA	C[C@H](CCC(N[C@H](C(O)=O)CC1=CNC2=C1C=CC=C2)=O)[C@H]3CC[C@@]4([H])[C@]5([H])CC[C@]6([H])C[C@H](O)CC[C@]6(C)[C@H]5C[C@H](O)[C@@]43C	Organic compounds	Lipids and lipid-like molecules	Steroids and steroid derivatives	Bile acids, alcohols and derivatives	Dihydroxy bile acids, alcohols and derivatives	Cholane steroids	Steroids	Terpenoids
14474037681873664984	797	0.4096	43.8594	538.2594	494.4	NPNDUIMQBJIGQS	Zygadenin	C[C@H]1CC[C@H]2[C@@]([C@@H]3[C@@H](CN2C1)[C@@H]4C[C@@]56[C@H]([C@@]4([C@H]([C@@H]3O)O)O)CC[C@H]7[C@@]5(CC[C@@H]([C@]7(O6)O)O)C)(C)O	Organic compounds	Lipids and lipid-like molecules	Steroids and steroid derivatives	Steroidal alkaloids	Cerveratrum-type alkaloids	Steroidal alkaloids	Pseudoalkaloids	Alkaloids; Terpenoids
14474037681873664984	798	0.4887	125.0966	538.2594	663.356	OSDHWYZIXWDLGD	2-[2-[(2-acetamido-4-methylpentanoyl)amino]propanoylamino]-3-hydroxypropanoic acid [IIN-based on: CCMSLIB00000847807]	CC(C)CC(NC(C)=O)C(=O)NC(C)C(=O)NC(CO)C(O)=O	Organic compounds	Organic acids and derivatives	Carboxylic acids and derivatives	Amino acids, peptides, and analogues	Oligopeptides	Tripeptides	Small peptides	Amino acids and Peptides
14474037681873664984	799	0.4887	65.1264	538.2594	473.133	BYYQYXVAWXAYQC	"N-Acetyl-L-trytophan 3,5-bis(trifluoromethyl)benzyl ester148451-96-1"""	CC(=O)N[C@@H](Cc1c[nH]c2ccccc12)C(=O)OCc3cc(cc(c3)C(F)(F)F)C(F)(F)F	Organic compounds	Organic acids and derivatives	Carboxylic acids and derivatives	Amino acids, peptides, and analogues	N-acyl-alpha amino acids and derivatives			Alkaloids
14474037681873664984	800	0.4896	63.1016	538.2594	601.361	CANKROYVEPINSI	Trp-HDCA	C[C@H](CCC(N[C@@H](CC1=CNC2=C1C=CC=C2)C(O)=O)=O)[C@H]3CC[C@@]4([H])[C@]5([H])C[C@H](O)[C@]6([H])C[C@H](O)CC[C@]6(C)[C@H]5CC[C@@]43C	Organic compounds	Lipids and lipid-like molecules	Steroids and steroid derivatives	Bile acids, alcohols and derivatives	Dihydroxy bile acids, alcohols and derivatives	Cholestane steroids	Steroids	Terpenoids
14474037681873664984	801	0.409	24.0906	538.2594	562.35	QACHFJUEZNFUSH	Phe-HDCA	C[C@H](CCC(N[C@H](C(O)=O)CC1=CC=CC=C1)=O)[C@H]2CC[C@@]3([H])[C@]4([H])C[C@H](O)[C@]5([H])C[C@H](O)CC[C@]5(C)[C@H]4CC[C@@]32C	Organic compounds	Lipids and lipid-like molecules	Steroids and steroid derivatives	Bile acids, alcohols and derivatives	Dihydroxy bile acids, alcohols and derivatives	Cholestane steroids	Steroids	Terpenoids
14474037681873664984	802	0.409	69.9294	538.2594	468.33	DLOTUJUSJVIXDW	2-((4R)-4-((3R,5R,8R,9S,12S,14S,17R)-3,12-dihydroxy-10,13-dimethylhexadecahydro-1H-cyclopenta[a]phenanthren-17-yl)pentanamido)acetic acid hydrate	O=C(O)CNC(=O)CCC(C)C1CCC2C3CCC4CC(O)CCC4(C)C3CC(O)C12C.O	Organic compounds	Lipids and lipid-like molecules	Steroids and steroid derivatives	Bile acids, alcohols and derivatives	Glycinated bile acids and derivatives	Cholane steroids	Steroids	Terpenoids
14474037681873664984	803	0.4896	79.0966	538.2594	617.356	UXWZMQPNSYWAHX	Trp-CA	C[C@H](CCC(N[C@H](C(O)=O)CC1=CNC2=C1C=CC=C2)=O)[C@H]3CC[C@@]4([H])[C@]5([H])[C@H](O)C[C@]6([H])C[C@H](O)CC[C@]6(C)[C@H]5C[C@H](O)[C@@]43C	Organic compounds	Lipids and lipid-like molecules	Steroids and steroid derivatives	Bile acids, alcohols and derivatives	Glycinated bile acids and derivatives	Cholane steroids	Steroids	Terpenoids
14474037681873664984	804	0.409	34.9694	538.2594	503.29	NKDFYOWSKOHCCO	Beta-Ecdysterone	O=C1C=C2C(CCC3(C)C(CCC23O)C(O)(C)C(O)CCC(O)(C)C)C4(C)CC(O)C(O)CC14	Organic compounds	Lipids and lipid-like molecules	Steroids and steroid derivatives	Bile acids, alcohols and derivatives	Hydroxy bile acids, alcohols and derivatives	Ecdysteroids	Steroids	Terpenoids
14474037681873664984	805	0.4832	103.1494	538.2594	435.11	PYCVAPSSQZGPRC	5-[(3,4-dimethoxyphenyl)carbonylamino]-2-[(4-methylphenyl)amino]-1,3-thiazole- 4-carboxamide	COc1ccc(C(O)=Nc2sc(Nc3ccc(C)cc3)nc2C(N)=O)cc1OC	Organic compounds	Benzenoids	Benzene and substituted derivatives	Methoxybenzenes	Dimethoxybenzenes			
14474037681873664984	806	0.552	559.3906	538.2594	1097.65	CBUKBSJQVLLDJT	Glu-CA	C[C@H](CCC(N[C@H](C(O)=O)CCC(O)=O)=O)[C@H]1CC[C@@]2([H])[C@]3([H])[C@H](O)C[C@]4([H])C[C@H](O)CC[C@]4(C)[C@H]3C[C@H](O)[C@@]21C						Cholane steroids	Steroids	Terpenoids
14474037681873664984	807	0.409	15.9064	538.2594	522.353	CBEIHVWVTGRGDR	13-hydroxy-6-(1-hydroxyethyl)-3-(hydroxymethyl)-12,14-dimethyl-15-nonyl-9-propan-2-yl-1-oxa-4,7,10-triazacyclopentadecane-2,5,8,11-tetrone [IIN-based on: CCMSLIB00000846388]	CCCCCCCCCC1OC(=O)C(CO)NC(=O)C(NC(=O)C(NC(=O)C(C)C(O)C1C)C(C)C)C(C)O	Organic compounds	Organic acids and derivatives	Peptidomimetics	Depsipeptides	Cyclic depsipeptides	Cyclic peptides; Depsipeptides; Lipopeptides	Oligopeptides	Amino acids and Peptides; Polyketides
14474037681873664984	808	0.409	73.0094	538.2594	465.25	DRLFMBDRBRZALE	Melatonin	COc1ccc2[nH]cc(CCN=C(C)O)c2c1	Organic compounds	Organoheterocyclic compounds	Indoles and derivatives	Indoles	3-alkylindoles	Simple indole alkaloids	Tryptophan alkaloids	Alkaloids
14474037681873664984	809	0.4887	163.2006	538.2594	701.46	XNGHQBADKGIWEW	Thermoactinoamide_B	O=C(N[C@@H](CC(C)C)C(N[C@H](CC(C)C)C(N[C@H]1CC(C)C)=O)=O)[C@H](C(C)C)NC([C@@H](CC2=CC=C(O)C=C2)NC([C@@H](C(C)C)NC1=O)=O)=O	Organic compounds	Organic acids and derivatives	Carboxylic acids and derivatives	Amino acids, peptides, and analogues	Oligopeptides	Cyclic peptides	Oligopeptides	Amino acids and Peptides
14474037681873664984	810	0.5524	595.4406	538.2594	1133.7	XIKDVEJWBTZILX	Phe-aMCA	C[C@H](CCC(N[C@@H](CC1=CC=CC=C1)C(O)=O)=O)[C@H]2CC[C@@]3([H])[C@]4([H])[C@H](O)[C@@H](O)[C@]5([H])C[C@H](O)CC[C@]5(C)[C@H]4CC[C@@]32C	Organic compounds	Lipids and lipid-like molecules	Steroids and steroid derivatives	Bile acids, alcohols and derivatives	Trihydroxy bile acids, alcohols and derivatives	Cholestane steroids	Steroids	Terpenoids
14474037681873664984	811	0.5728	9.9294	538.2594	528.33	JFAHLVMHOMALOB	Pro-CA	C[C@H](CCC(N1C(C(O)=O)CCC1)=O)[C@H]2CC[C@@]3([H])[C@]4([H])[C@H](O)C[C@]5([H])C[C@H](O)CC[C@]5(C)[C@H]4C[C@H](O)[C@@]32C	Organic compounds	Lipids and lipid-like molecules	Steroids and steroid derivatives	Bile acids, alcohols and derivatives	Trihydroxy bile acids, alcohols and derivatives	Cholane steroids	Steroids	Terpenoids
14474037681873664984	812	0.5275	276.2594	538.2594	262.0	AJHCSUXXECOXOY	Gly-Trp	C1=CC=C2C(=C1)C(=CN2)C[C@@H](C(=O)O)NC(=O)CN	Organic compounds	Organic acids and derivatives	Carboxylic acids and derivatives	Amino acids, peptides, and analogues	Peptides	Dipeptides	Small peptides	Amino acids and Peptides
14474037681873664984	813	0.2939	213.2164	538.2594	325.043	DJJCXFVJDGTHFX	URIDINE-5-MONOPHOSPHATE	C1=CN([C@H]2[C@@H]([C@@H]([C@@H](COP(=O)(O)O)O2)O)O)C(=O)N=C1O	Organic compounds	Nucleosides, nucleotides, and analogues	Pyrimidine nucleotides	Pyrimidine ribonucleotides	Pyrimidine ribonucleoside monophosphates	Pyrimidine nucleos(t)ides	Nucleosides	Carbohydrates
14474037681873664984	814	0.5526	33.1236	538.2594	571.383	IGVZUMPVFZKTRH	Arg-CDCA	C[C@H](CCC(N[C@H](C(O)=O)CCCNC(N)=N)=O)[C@H]1CC[C@@]2([H])[C@]3([H])[C@H](O)C[C@]4([H])C[C@H](O)CC[C@]4(C)[C@H]3CC[C@@]21C	Organic compounds	Lipids and lipid-like molecules	Steroids and steroid derivatives	Bile acids, alcohols and derivatives	Glycinated bile acids and derivatives	Cholane steroids	Steroids	Terpenoids
14474037681873664984	815	0.5783	56.0806	538.2594	594.34	VLRUVFSQMXAAOI	Tyr-bMCA	C[C@H](CCC(N[C@H](C(O)=O)CC1=CC=C(O)C=C1)=O)[C@H]2CC[C@@]3([H])[C@]4([H])[C@@H](O)[C@@H](O)[C@]5([H])C[C@H](O)CC[C@]5(C)[C@H]4CC[C@@]32C	Organic compounds	Lipids and lipid-like molecules	Steroids and steroid derivatives	Bile acids, alcohols and derivatives	Trihydroxy bile acids, alcohols and derivatives	Cholestane steroids	Steroids	Terpenoids
7587237039600355076	816	0.409	250.2587	197.0913	447.35	ZVFDTKUVRCTHQE	Diisodecyl phthalate	CC(C)CCCCCCCOC(=O)C1=CC=CC=C1C(=O)OCCCCCCCC(C)C	Organic compounds	Benzenoids	Benzene and substituted derivatives	Benzoic acids and derivatives	Benzoic acid esters	Shikimic acids and derivatives; Simple phenolic acids	Phenolic acids (C6-C1)	Shikimates and Phenylpropanoids
7587237039600355076	817	0.409	666.5997	197.0913	863.691	ACTIUHUUMQJHFO	Ubidecarenone	COC1=C(OC)C(=O)C(C/C=C(\C)CC/C=C(\C)CC/C=C(\C)CC/C=C(\C)CC/C=C(\C)CC/C=C(\C)CC/C=C(\C)CC/C=C(\C)CC/C=C(\C)CCC=C(C)C)=C(C)C1=O	Organic compounds	Lipids and lipid-like molecules	Prenol lipids	Quinone and hydroquinone lipids	Ubiquinones	Prenyl quinone meroterpenoids	Meroterpenoids	Terpenoids
7587237039600355076	818	0.409	238.2037	197.0913	435.295	SCABKEBYDRTODC	bis[2-(2-butoxyethoxy)ethyl] hexanedioate	CCCCOCCOCCOC(=O)CCCCC(=O)OCCOCCOCCCC	Organic compounds	Lipids and lipid-like molecules	Fatty Acyls	Fatty acid esters	Fatty acid esters	Triacylglycerols	Glycerolipids	Fatty acids
7587237039600355076	819	0.409	238.2037	197.0913	435.295	SCABKEBYDRTODC	bis[2-(2-butoxyethoxy)ethyl] hexanedioate	CCCCOCCOCCOC(=O)CCCCC(=O)OCCOCCOCCCC	Organic compounds	Lipids and lipid-like molecules	Fatty Acyls	Fatty acid esters	Fatty acid esters	Triacylglycerols	Glycerolipids	Fatty acids
7587237039600355076	820	0.409	238.2037	197.0913	435.295	SCABKEBYDRTODC	bis[2-(2-butoxyethoxy)ethyl] hexanedioate	CCCCOCCOCCOC(=O)CCCCC(=O)OCCOCCOCCCC	Organic compounds	Lipids and lipid-like molecules	Fatty Acyls	Fatty acid esters	Fatty acid esters	Triacylglycerols	Glycerolipids	Fatty acids
7587237039600355076	821	0.409	238.2037	197.0913	435.295	SCABKEBYDRTODC	bis[2-(2-butoxyethoxy)ethyl] hexanedioate	CCCCOCCOCCOC(=O)CCCCC(=O)OCCOCCOCCCC	Organic compounds	Lipids and lipid-like molecules	Fatty Acyls	Fatty acid esters	Fatty acid esters	Triacylglycerols	Glycerolipids	Fatty acids
7587237039600355076	822	0.3459	108.0717	197.0913	305.163	MEHUJCGAYMDLEL	Aleuretic Acid	O=C(O)CCCCCCC[C@H](O)[C@H](O)CCCCCCO	Organic compounds	Lipids and lipid-like molecules	Fatty Acyls	Fatty acids and conjugates	Long-chain fatty acids	Hydroxy fatty acids	Fatty Acids and Conjugates	Fatty acids
7587237039600355076	823	0.409	238.2037	197.0913	435.295	SCABKEBYDRTODC	bis[2-(2-butoxyethoxy)ethyl] hexanedioate	CCCCOCCOCCOC(=O)CCCCC(=O)OCCOCCOCCCC	Organic compounds	Lipids and lipid-like molecules	Fatty Acyls	Fatty acid esters	Fatty acid esters	Triacylglycerols	Glycerolipids	Fatty acids
7587237039600355076	824	0.409	254.1337	197.0913	451.225	INRCFVYVWPWZJS	5-[(Z)-14-(3,5-dihydroxyphenyl)tetradec-8-enyl]benzene-1,3-diol	Oc1cc(O)cc(CCCCC/C=C\CCCCCCCc2cc(O)cc(O)c2)c1	Organic compounds	Benzenoids	Phenols	Benzenediols	Resorcinols	Catechols with side chains	Aromatic polyketides	Polyketides
7587237039600355076	825	0.409	665.5927	197.0913	862.684	ACTIUHUUMQJHFO	CoQ10	CC1=C(C(=O)C(=C(C1=O)OC)OC)C/C=C(\C)/CC/C=C(\C)/CC/C=C(\C)/CC/C=C(\C)/CC/C=C(\C)/CC/C=C(\C)/CC/C=C(\C)/CC/C=C(\C)/CC/C=C(\C)/CCC=C(C)C	Organic compounds	Lipids and lipid-like molecules	Prenol lipids	Quinone and hydroquinone lipids	Ubiquinones	Prenyl quinone meroterpenoids	Meroterpenoids	Terpenoids
7587237039600355076	826	0.409	236.1897	197.0913	433.281	HTCUURQJNZBKIA	(2R)-2-[(2R,5S)-5-[(2S)-2-hydroxybutyl]oxolan-2-yl]propanoic acid [IIN-based on: CCMSLIB00000848005]	CC[C@H](O)C[C@@H]1CC[C@@H](O1)[C@@H](C)C(O)=O	Organic compounds	Organoheterocyclic compounds	Oxolanes		Oxolanes			
7587237039600355076	827	0.409	310.8867	197.0913	507.978	VWGAYSCWLXQJBQ	Iodosulfuron-methyl	CC1=NC(=NC(=N1)OC)NC(=O)NS(=O)(=O)C2=C(C=CC(=C2)I)C(=O)OC	Organic compounds	Organic nitrogen compounds	Organonitrogen compounds	Sulfonylureas	S-triazinyl-2-sulfonylureas			Alkaloids
7587237039600355076	828	0.409	250.2587	197.0913	447.35	ZVFDTKUVRCTHQE	Diisodecyl phthalate	CC(C)CCCCCCCOC(=O)C1=CC=CC=C1C(=O)OCCCCCCCC(C)C	Organic compounds	Benzenoids	Benzene and substituted derivatives	Benzoic acids and derivatives	Benzoic acid esters	Shikimic acids and derivatives; Simple phenolic acids	Phenolic acids (C6-C1)	Shikimates and Phenylpropanoids
7587237039600355076	829	0.409	250.2537	197.0913	447.345	ZVFDTKUVRCTHQE	Diisodecyl phthalate	CC(C)CCCCCCCOC(=O)C1=CC=CC=C1C(=O)OCCCCCCCC(C)C	Organic compounds	Benzenoids	Benzene and substituted derivatives	Benzoic acids and derivatives	Benzoic acid esters	Shikimic acids and derivatives; Simple phenolic acids	Phenolic acids (C6-C1)	Shikimates and Phenylpropanoids
7587237039600355076	830	0.409	238.2037	197.0913	435.295	SCABKEBYDRTODC	bis[2-(2-butoxyethoxy)ethyl] hexanedioate	CCCCOCCOCCOC(=O)CCCCC(=O)OCCOCCOCCCC	Organic compounds	Lipids and lipid-like molecules	Fatty Acyls	Fatty acid esters	Fatty acid esters	Triacylglycerols	Glycerolipids	Fatty acids
7587237039600355076	831	0.409	254.1337	197.0913	451.225	INRCFVYVWPWZJS	5-[(Z)-14-(3,5-dihydroxyphenyl)tetradec-8-enyl]benzene-1,3-diol	Oc1cc(O)cc(CCCCC/C=C\CCCCCCCc2cc(O)cc(O)c2)c1	Organic compounds	Benzenoids	Phenols	Benzenediols	Resorcinols	Catechols with side chains	Aromatic polyketides	Polyketides
7587237039600355076	832	0.409	238.2037	197.0913	435.295	SCABKEBYDRTODC	bis[2-(2-butoxyethoxy)ethyl] hexanedioate	CCCCOCCOCCOC(=O)CCCCC(=O)OCCOCCOCCCC	Organic compounds	Lipids and lipid-like molecules	Fatty Acyls	Fatty acid esters	Fatty acid esters	Triacylglycerols	Glycerolipids	Fatty acids
7587237039600355076	833	0.3459	206.1417	197.0913	403.233	QZCLKYGREBVARF	tributyl 2-acetyloxypropane-1,2,3-tricarboxylate	CCCCOC(=O)CC(CC(=O)OCCCC)(OC(C)=O)C(=O)OCCCC	Organic compounds	Organic acids and derivatives	Carboxylic acids and derivatives	Tetracarboxylic acids and derivatives	Tetracarboxylic acids and derivatives	Wax monoesters	Fatty esters	Fatty acids
7587237039600355076	834	0.409	250.2537	197.0913	447.345	ZVFDTKUVRCTHQE	Diisodecyl phthalate	CC(C)CCCCCCCOC(=O)C1=CC=CC=C1C(=O)OCCCCCCCC(C)C	Organic compounds	Benzenoids	Benzene and substituted derivatives	Benzoic acids and derivatives	Benzoic acid esters	Shikimic acids and derivatives; Simple phenolic acids	Phenolic acids (C6-C1)	Shikimates and Phenylpropanoids
7587237039600355076	835	0.409	331.2097	197.0913	528.301	NJYYDRBRLSOFNG	[3-methyl-1-[3-methyl-1-oxo-1-(2,3,4,5,6-pentahydroxyhexoxy)pentan-2-yl]oxy-1-oxobutan-2-yl] 2-hydroxy-3-methylpentanoate [IIN-based on: CCMSLIB00000847843]	CCC(C)C(O)C(=O)OC(C(C)C)C(=O)OC(C(C)CC)C(=O)OCC(O)C(O)C(O)C(O)CO	Organic compounds	Organic acids and derivatives	Peptidomimetics	Depsipeptides	Depsipeptides	Polyesters	Linear polyketides	Polyketides
7587237039600355076	836	0.409	238.2037	197.0913	435.295	SCABKEBYDRTODC	bis[2-(2-butoxyethoxy)ethyl] hexanedioate	CCCCOCCOCCOC(=O)CCCCC(=O)OCCOCCOCCCC	Organic compounds	Lipids and lipid-like molecules	Fatty Acyls	Fatty acid esters	Fatty acid esters	Triacylglycerols	Glycerolipids	Fatty acids
7587237039600355076	837	0.409	238.2037	197.0913	435.295	SCABKEBYDRTODC	bis[2-(2-butoxyethoxy)ethyl] hexanedioate	CCCCOCCOCCOC(=O)CCCCC(=O)OCCOCCOCCCC	Organic compounds	Lipids and lipid-like molecules	Fatty Acyls	Fatty acid esters	Fatty acid esters	Triacylglycerols	Glycerolipids	Fatty acids
7587237039600355076	838	0.409	254.1337	197.0913	451.225	INRCFVYVWPWZJS	5-[(Z)-14-(3,5-dihydroxyphenyl)tetradec-8-enyl]benzene-1,3-diol	Oc1cc(O)cc(CCCCC/C=C\CCCCCCCc2cc(O)cc(O)c2)c1	Organic compounds	Benzenoids	Phenols	Benzenediols	Resorcinols	Catechols with side chains	Aromatic polyketides	Polyketides
7587237039600355076	839	0.409	238.2037	197.0913	435.295	SCABKEBYDRTODC	bis[2-(2-butoxyethoxy)ethyl] hexanedioate	CCCCOCCOCCOC(=O)CCCCC(=O)OCCOCCOCCCC	Organic compounds	Lipids and lipid-like molecules	Fatty Acyls	Fatty acid esters	Fatty acid esters	Triacylglycerols	Glycerolipids	Fatty acids
7587237039600355076	840	0.3775	98.1347	197.0913	295.226	UKKBPFNFZNYGPP	Photopyrone D	CC(C)CCCCCCC1=C(C=C(OC1=O)CC(C)C)O	Organic compounds	Organoheterocyclic compounds	Pyrans	Pyranones and derivatives	Pyranones and derivatives	2-pyrone derivatives	Cyclic polyketides	Polyketides
7587237039600355076	841	0.409	238.2037	197.0913	435.295	SCABKEBYDRTODC	bis[2-(2-butoxyethoxy)ethyl] hexanedioate	CCCCOCCOCCOC(=O)CCCCC(=O)OCCOCCOCCCC	Organic compounds	Lipids and lipid-like molecules	Fatty Acyls	Fatty acid esters	Fatty acid esters	Triacylglycerols	Glycerolipids	Fatty acids
7587237039600355076	842	0.3459	104.0647	197.0913	301.156	FCNLMUQPSJEBQE	3-methoxy-2-(3-methylbut-2-enyl)-5-pentylphenol	CCCCCc1cc(O)c(CC=C(C)C)c(OC)c1	Organic compounds	Benzenoids	Phenols	Methoxyphenols	Methoxyphenols	Cannabinoids	Meroterpenoids	Polyketides
7587237039600355076	843	0.409	601.3567	197.0913	798.448	OXQSHEREUUUCEE	2,3,4,5,6-pentahydroxyhexyl 2-[2-[2-[2-(2-acetyloxy-3-methylbutanoyl)oxy-3-methylpentanoyl]oxy-3-methylpentanoyl]oxy-3-methylpentanoyl]oxy-3-methylpentanoate [IIN-based on: CCMSLIB00000848686]	CCC(C)C(OC(=O)C(OC(=O)C(OC(=O)C(OC(=O)C(OC(C)=O)C(C)C)C(C)CC)C(C)CC)C(C)CC)C(=O)OCC(O)C(O)C(O)C(O)CO	Organic compounds	Organic acids and derivatives	Carboxylic acids and derivatives	Hexacarboxylic acids and derivatives	Hexacarboxylic acids and derivatives	Polyesters	Linear polyketides	Polyketides
7587237039600355076	844	0.5486	13.9893	197.0913	183.102	SZBDLUWYHDLLAG	Germicidin B	CCc1c(O)cc(C(C)C)oc1=O	Organic compounds	Organoheterocyclic compounds	Pyrans	Pyranones and derivatives	Pyranones and derivatives	2-pyrone derivatives	Cyclic polyketides	Polyketides
7587237039600355076	845	0.3786	13.9893	197.0913	183.102	SZBDLUWYHDLLAG	Germicidin B	CCc1c(O)cc(C(C)C)oc1=O	Organic compounds	Organoheterocyclic compounds	Pyrans	Pyranones and derivatives	Pyranones and derivatives	2-pyrone derivatives	Cyclic polyketides	Polyketides
7587237039600355076	846	0.409	238.2037	197.0913	435.295	SCABKEBYDRTODC	bis[2-(2-butoxyethoxy)ethyl] hexanedioate	CCCCOCCOCCOC(=O)CCCCC(=O)OCCOCCOCCCC	Organic compounds	Lipids and lipid-like molecules	Fatty Acyls	Fatty acid esters	Fatty acid esters	Triacylglycerols	Glycerolipids	Fatty acids
7587237039600355076	847	0.3775	13.9893	197.0913	183.102	SZBDLUWYHDLLAG	Germicidin B	CCc1c(O)cc(C(C)C)oc1=O	Organic compounds	Organoheterocyclic compounds	Pyrans	Pyranones and derivatives	Pyranones and derivatives	2-pyrone derivatives	Cyclic polyketides	Polyketides
7587237039600355076	848	0.5284	13.9893	197.0913	183.102	SZBDLUWYHDLLAG	Germicidin B	CCc1c(O)cc(C(C)C)oc1=O	Organic compounds	Organoheterocyclic compounds	Pyrans	Pyranones and derivatives	Pyranones and derivatives	2-pyrone derivatives	Cyclic polyketides	Polyketides
7587237039600355076	849	0.3459	198.0537	197.0913	395.145	WTDRDQBEARUVNC	L_DOPA	C1=CC(=C(C=C1CC(C(=O)O)N)O)O	Organic compounds	Organic acids and derivatives	Carboxylic acids and derivatives	Amino acids, peptides, and analogues	Tyrosine and derivatives	Aminoacids; Phenylethylamines	Tyrosine alkaloids; Small peptides	Alkaloids; Amino acids and Peptides
7587237039600355076	850	0.409	238.2037	197.0913	435.295	SCABKEBYDRTODC	bis[2-(2-butoxyethoxy)ethyl] hexanedioate	CCCCOCCOCCOC(=O)CCCCC(=O)OCCOCCOCCCC	Organic compounds	Lipids and lipid-like molecules	Fatty Acyls	Fatty acid esters	Fatty acid esters	Triacylglycerols	Glycerolipids	Fatty acids
7587237039600355076	851	0.3775	28.0053	197.0913	169.086	SRGRIOXSONGZCM	Germicidin D	CC1=C(C=C(OC1=O)C(C)C)O	Organic compounds	Organoheterocyclic compounds	Pyrans	Pyranones and derivatives	Pyranones and derivatives	2-pyrone derivatives	Cyclic polyketides	Polyketides
7587237039600355076	852	0.409	594.3637	197.0913	791.455	VNBPNPCSBYXRNC	2-[5-[2-[2-[5-[2-[2-[5-[2-[2-[5-(2-hydroxybutyl)oxolan-2-yl]propanoyloxy]propyl]oxolan-2-yl]propanoyloxy]propyl]oxolan-2-yl]propanoyloxy]propyl]oxolan-2-yl]propanoic acid	CCC(O)CC1CCC(C(C)C(=O)OC(C)CC2CCC(C(C)C(=O)OC(C)CC3CCC(C(C)C(=O)OC(C)CC4CCC(C(C)C(=O)O)O4)O3)O2)O1	Organic compounds	Organic acids and derivatives	Carboxylic acids and derivatives	Tetracarboxylic acids and derivatives	Tetracarboxylic acids and derivatives	Macrotetrolides	Polyethers	Polyketides
7587237039600355076	853	0.3459	99.9787	197.0913	297.07	VGEREEWJJVICBM	Phloretin	O=C(C=1C(O)=CC(O)=CC1O)CCC2=CC=C(O)C=C2	Organic compounds	Phenylpropanoids and polyketides	Linear 1,3-diarylpropanoids	Chalcones and dihydrochalcones	2'-Hydroxy-dihydrochalcones	Chalcones	Flavonoids	Shikimates and Phenylpropanoids
7587237039600355076	854	0.5279	0.0257	197.0913	197.117	NPQKQKITPJTEBK	Germicidin A	CCc1c(O)cc([C@@H](C)CC)oc1=O	Organic compounds	Organoheterocyclic compounds	Pyrans	Pyranones and derivatives	Pyranones and derivatives	2-pyrone derivatives	Cyclic polyketides	Polyketides
7587237039600355076	855	0.3041	0.0243	197.0913	197.067	OTSBKHHWSQYEHK	Uric acid, 1,3-dimethyl-	CN1C2=C(C(=O)N(C1=O)C)NC(=O)N2	Organic compounds	Organoheterocyclic compounds	Imidazopyrimidines	Purines and purine derivatives	Xanthines	Purine alkaloids	Pseudoalkaloids	Alkaloids
7587237039600355076	856	0.409	238.2037	197.0913	435.295	SCABKEBYDRTODC	bis[2-(2-butoxyethoxy)ethyl] hexanedioate	CCCCOCCOCCOC(=O)CCCCC(=O)OCCOCCOCCCC	Organic compounds	Lipids and lipid-like molecules	Fatty Acyls	Fatty acid esters	Fatty acid esters	Triacylglycerols	Glycerolipids	Fatty acids
7587237039600355076	857	0.409	250.2517	197.0913	447.343	ZVFDTKUVRCTHQE	Diisodecyl phthalate	CC(C)CCCCCCCOC(=O)C1=CC=CC=C1C(=O)OCCCCCCCC(C)C	Organic compounds	Benzenoids	Benzene and substituted derivatives	Benzoic acids and derivatives	Benzoic acid esters	Shikimic acids and derivatives; Simple phenolic acids	Phenolic acids (C6-C1)	Shikimates and Phenylpropanoids
7587237039600355076	858	0.5495	16.0193	197.0913	181.072	QUNWUDVFRNGTCO	PARAXANTHINE	CN1C=NC2=C1C(=O)N(C)C(=N2)O	Organic compounds	Organoheterocyclic compounds	Imidazopyrimidines	Purines and purine derivatives	Xanthines	Purine alkaloids	Pseudoalkaloids	Alkaloids
7587237039600355076	859	0.5279	17.0157	197.0913	214.107	OJOBTAOGJIWAGB	Acetosyringone	COc1cc(C(C)=O)cc(OC)c1O	Organic compounds	Organic oxygen compounds	Organooxygen compounds	Carbonyl compounds	Alkyl-phenylketones			Shikimates and Phenylpropanoids
7587237039600355076	860	0.409	250.2537	197.0913	447.345	ZVFDTKUVRCTHQE	Diisodecyl phthalate	CC(C)CCCCCCCOC(=O)C1=CC=CC=C1C(=O)OCCCCCCCC(C)C	Organic compounds	Benzenoids	Benzene and substituted derivatives	Benzoic acids and derivatives	Benzoic acid esters	Shikimic acids and derivatives; Simple phenolic acids	Phenolic acids (C6-C1)	Shikimates and Phenylpropanoids
7587237039600355076	861	0.409	256.0277	197.0913	453.119	PXDNXJSDGQBLKS	foramsulfuron	CN(C)C(=O)c1ccc(cc1S(=O)(=O)NC(=O)Nc2nc(cc(n2)OC)OC)NC=O	Organic compounds	Organic nitrogen compounds	Organonitrogen compounds	Sulfonylureas	Pyrimidinyl-2-sulfonylureas			Alkaloids
7587237039600355076	862	0.409	250.2517	197.0913	447.343	ZVFDTKUVRCTHQE	Diisodecyl phthalate	CC(C)CCCCCCCOC(=O)C1=CC=CC=C1C(=O)OCCCCCCCC(C)C	Organic compounds	Benzenoids	Benzene and substituted derivatives	Benzoic acids and derivatives	Benzoic acid esters	Shikimic acids and derivatives; Simple phenolic acids	Phenolic acids (C6-C1)	Shikimates and Phenylpropanoids
7587237039600355076	863	0.409	582.4027	197.0913	779.494	DFQMKYUSAALDDY	(1R,2R,5R,7R,10S,11S,14S,16S,19R,20R,23R,25R,28S,29S,32S,34S)-5,14,23-Triethyl-2,11,20,29,32-pentamethyl-4,13,22,31,37,38,39,40-octaoxapentacyclo[32.2.1.1~7,10~.1~16,19~.1~25,28~]tetracontane-3,12,21,30-tetrone	CC[C@@H]1C[C@H]2CC[C@H](O2)[C@H](C)C(=O)O[C@@H](CC)C[C@@H]3CC[C@@H](O3)[C@@H](C)C(=O)O[C@H](CC)C[C@H]4CC[C@H](O4)[C@H](C)C(=O)O[C@@H](C)C[C@@H]5CC[C@@H](O5)[C@@H](C)C(=O)O1	Organic compounds	Phenylpropanoids and polyketides	Macrolides and analogues		Macrolides and analogues	Macrotetrolides	Polyethers	Polyketides
7587237039600355076	864	0.3459	193.1177	197.0913	390.209	VVUAHGLHHLVKDR	[3-hydroxy-1-[3-hydroxy-1-oxo-1-(2,3,4,5,6-pentahydroxyhexoxy)decan-5-yl]oxy-1-oxodecan-5-yl] 3,5-dihydroxydecanoate [IIN-based on: CCMSLIB00000846752]	CCCCCC(O)CC(O)CC(=O)OC(CCCCC)CC(O)CC(=O)OC(CCCCC)CC(O)CC(=O)OCC(O)C(O)C(O)C(O)CO	Organic compounds	Organic acids and derivatives	Carboxylic acids and derivatives	Tricarboxylic acids and derivatives	Tricarboxylic acids and derivatives			Fatty acids; Polyketides
7587237039600355076	865	0.409	238.2037	197.0913	435.295	SCABKEBYDRTODC	bis[2-(2-butoxyethoxy)ethyl] hexanedioate	CCCCOCCOCCOC(=O)CCCCC(=O)OCCOCCOCCCC	Organic compounds	Lipids and lipid-like molecules	Fatty Acyls	Fatty acid esters	Fatty acid esters	Triacylglycerols	Glycerolipids	Fatty acids
7587237039600355076	866	0.4439	13.9893	197.0913	183.102	SZBDLUWYHDLLAG	Germicidin B	CCc1c(O)cc(C(C)C)oc1=O	Organic compounds	Organoheterocyclic compounds	Pyrans	Pyranones and derivatives	Pyranones and derivatives	2-pyrone derivatives	Cyclic polyketides	Polyketides
7587237039600355076	867	0.5284	16.0213	197.0913	181.07	QUNWUDVFRNGTCO	PARAXANTHINE	CN1C=NC2=C1C(=O)N(C(=O)N2)C	Organic compounds	Organoheterocyclic compounds	Imidazopyrimidines	Purines and purine derivatives	Xanthines	Purine alkaloids	Pseudoalkaloids	Alkaloids
7587237039600355076	868	0.3459	108.1317	197.0913	305.223	BPPLKQBWCCXAFG	N-benzyl-2-(N-butylpropionamido)butanamide	CCCCN(C(=O)CC)C(CC)C(=O)NCc1ccccc1	Organic compounds	Organic acids and derivatives	Carboxylic acids and derivatives	Amino acids, peptides, and analogues	Alpha amino acids and derivatives	Dipeptides; Phenylalanine-derived alkaloids	Pseudoalkaloids; Small peptides	Alkaloids; Amino acids and Peptides
7587237039600355076	869	0.5355	13.9893	197.0913	183.102	SZBDLUWYHDLLAG	Germicidin B	CCc1c(O)cc(C(C)C)oc1=O	Organic compounds	Organoheterocyclic compounds	Pyrans	Pyranones and derivatives	Pyranones and derivatives	2-pyrone derivatives	Cyclic polyketides	Polyketides
7587237039600355076	870	0.409	260.1147	197.0913	457.206	IQQUGRMXXJTLNW	6-[(1S,2R)-1,2-dihydroxypentyl]-4-methoxypyran-2-one [IIN-based on: CCMSLIB00000845037]	CCC[C@@H](O)[C@H](O)C1=CC(OC)=CC(=O)O1	Organic compounds	Organoheterocyclic compounds	Pyrans	Pyranones and derivatives	Pyranones and derivatives	2-pyrone derivatives	Cyclic polyketides	Polyketides
7587237039600355076	871	0.409	665.5927	197.0913	862.684	ACTIUHUUMQJHFO	CoQ10	CC1=C(C(=O)C(=C(C1=O)OC)OC)C/C=C(\C)/CC/C=C(\C)/CC/C=C(\C)/CC/C=C(\C)/CC/C=C(\C)/CC/C=C(\C)/CC/C=C(\C)/CC/C=C(\C)/CC/C=C(\C)/CCC=C(C)C	Organic compounds	Lipids and lipid-like molecules	Prenol lipids	Quinone and hydroquinone lipids	Ubiquinones	Prenyl quinone meroterpenoids	Meroterpenoids	Terpenoids
4429367621208950258	872	0.409	197.1435	273.1285	470.272	IOFATHVLOIXNOR	{[1,4a-dimethyl-7-(methylethyl)(1,2,3,4,9,10,10a,4a-octahydrophenanthryl)]meth yl}[(4-methoxy-3-methylphenyl)sulfonyl]amine	COc1ccc(S(=O)(=O)NCC2(C)CCCC3(C)c4ccc(C(C)C)cc4CCC23)cc1C	Organic compounds	Lipids and lipid-like molecules	Prenol lipids	Diterpenoids	Diterpenoids	Abietane diterpenoids	Diterpenoids	Terpenoids
4429367621208950258	873	0.409	197.1435	273.1285	470.272	IOFATHVLOIXNOR	{[1,4a-dimethyl-7-(methylethyl)(1,2,3,4,9,10,10a,4a-octahydrophenanthryl)]meth yl}[(4-methoxy-3-methylphenyl)sulfonyl]amine	COc1ccc(S(=O)(=O)NCC2(C)CCCC3(C)c4ccc(C(C)C)cc4CCC23)cc1C	Organic compounds	Lipids and lipid-like molecules	Prenol lipids	Diterpenoids	Diterpenoids	Abietane diterpenoids	Diterpenoids	Terpenoids
4429367621208950258	874	0.409	226.2415	273.1285	499.37	RIXNFYQZWDGQAE	3-O-acetyloleanolic acid	O=C(OC1CCC2(C)C3CC=C4C5CC(C)(C)CCC5(C(=O)O)CCC4(C)C3(C)CCC2C1(C)C)C	Organic compounds	Lipids and lipid-like molecules	Prenol lipids	Triterpenoids	Triterpenoids	Oleanane triterpenoids	Triterpenoids	Terpenoids
4429367621208950258	875	0.4887	202.2035	273.1285	475.332	VUKJILLDBZDVEJ	(2E)-1-{2-[4-(diethylamino)phenyl]-6-hydroxy-3-azabicyclo[4.4.0]dec-3-yl}-3-[4 -(methylethyl)phenyl]prop-2-en-1-one	CCN(CC)c1ccc(C2C3CCCCC3(O)CCN2C(=O)C=Cc2ccc(C(C)C)cc2)cc1								Terpenoids
4429367621208950258	876	0.409	232.2015	273.1285	505.33	KPKYWYZPIVAHKU	Polyporenic acid C	O=C(O)C(CCC(=C)C(C)C)C1C(O)CC2(C3=CCC4C(C(=O)CCC4(C3=CCC12C)C)(C)C)C	Organic compounds	Lipids and lipid-like molecules	Steroids and steroid derivatives	Bile acids, alcohols and derivatives	Monohydroxy bile acids, alcohols and derivatives	Lanostane, Tirucallane and Euphane triterpenoids	Triterpenoids	Terpenoids
4429367621208950258	877	0.6246	0.0005	273.1285	273.128	ZBMZVLHSJCTVON	Sotalol	CC(C)NCC(C1=CC=C(C=C1)NS(=O)(=O)C)O	Organic compounds	Benzenoids	Benzene and substituted derivatives	Sulfanilides	Sulfanilides	Phenylethylamines	Tyrosine alkaloids	Alkaloids
4429367621208950258	878	0.409	160.3015	273.1285	433.43	CNNRPFQICPFDPO	1-Octacosanol	OCCCCCCCCCCCCCCCCCCCCCCCCCCCC	Organic compounds	Lipids and lipid-like molecules	Fatty Acyls	Fatty alcohols	Fatty alcohols	Fatty alcohols	Fatty acyls	Fatty acids
4429367621208950258	879	0.409	234.1435	273.1285	507.272	SCIXGQOSKNXPSL	[(1S,9S,13R,14R)-14-hydroxy-14-(hydroxymethyl)-5,5-dimethyltetracyclo[11.2.1.0,?.0?,?]hexadecan-9-yl]methyl (2E)-3-(3,4-dihydroxyphenyl)prop-2-enoate	CC(C)(CCC1)C2[C@]1(COC(/C=C/c(cc1)cc(O)c1O)=O)C(CC[C@H](C1)[C@@](CO)(C3)O)[C@]13CC2	Organic compounds	Lipids and lipid-like molecules	Prenol lipids	Diterpenoids	Kaurane diterpenoids	Kaurane and Phyllocladane diterpenoids	Diterpenoids	Terpenoids
4429367621208950258	880	0.409	199.9185	273.1285	473.047	DADORNULUZJURA	2-({4-methoxy-3-[(2,4,6-trichlorophenoxy)methyl]phenyl}methylene)-3,4-dihydron aphthalen-1-one	COc1ccc(C=C2CCc3ccccc3C2=O)cc1COc1c(Cl)cc(Cl)cc1Cl	Organic compounds	Benzenoids	Tetralins		Tetralins	Flavanones	Flavonoids	Shikimates and Phenylpropanoids
4429367621208950258	881	0.409	197.1435	273.1285	470.272	IOFATHVLOIXNOR	{[1,4a-dimethyl-7-(methylethyl)(1,2,3,4,9,10,10a,4a-octahydrophenanthryl)]meth yl}[(4-methoxy-3-methylphenyl)sulfonyl]amine	COc1ccc(S(=O)(=O)NCC2(C)CCCC3(C)c4ccc(C(C)C)cc4CCC23)cc1C	Organic compounds	Lipids and lipid-like molecules	Prenol lipids	Diterpenoids	Diterpenoids	Abietane diterpenoids	Diterpenoids	Terpenoids
4429367621208950258	882	0.409	180.2085	273.1285	453.337	AHMMSNQYOPMLSX	Boldenone_Undecylenate	[H]C(C(C([H])([H])[H])14)(C(C([H])(C([H])([H])C4([H])[H])2)([H])C(C([H])([H])C(=C([H])3)C2(C([H])([H])[H])C(=C(C(=O)3)[H])[H])([H])[H])C(C(C1(OC(C(C(C([H])([H])C([H])([H])C([H])([H])C(C(C(C([H])=C([H])[H])([H])[H])([H])[H])([H])[H])([H])[H])([H])[H])=O)[H])([H])[H])([H])[H]	Organic compounds	Lipids and lipid-like molecules	Steroids and steroid derivatives	Steroid esters	Steroid esters	Cholestane steroids	Steroids	Terpenoids
4429367621208950258	883	0.409	191.1015	273.1285	464.23	RWSJPESCUJCQNS	"(2S)-2-[[(2S)-2-(1,2-dihydroimidazo[1,2-a]benzimidazole-3-carbonylamino)-4-methylpentanoyl]amino]-3-phenylpropanoic acid"""	CC(C)C[C@H](NC(=O)N1CCn2c1nc3ccccc23)C(=O)N[C@@H](Cc4ccccc4)C(=O)O	Organic compounds	Organic acids and derivatives	Carboxylic acids and derivatives	Amino acids, peptides, and analogues	Dipeptides	Tripeptides	Small peptides	Amino acids and Peptides
4429367621208950258	884	0.409	472.4115	273.1285	745.54	OHFNMJLLKAYZIA	"""(7R,9S,10R,13R,14S,17R)-7-hydroxy-17-((R)-5-hydroxypentan-2-yl)-10,13-dimethyl-6,7,8,9,10,11,12,13,14,15,16,17-dodecahydro-3H-cyclopenta[a]phenanthren-3-one"""	C[C@H](CCCO)[C@H]1CC[C@H]2[C@]3([H])[C@H](O)CC4=CC(C=C[C@]4(C)[C@H]3CC[C@@]21C)=O	Organic compounds	Lipids and lipid-like molecules	Steroids and steroid derivatives	Bile acids, alcohols and derivatives	Dihydroxy bile acids, alcohols and derivatives	Cholestane steroids	Steroids	Terpenoids
4429367621208950258	885	0.5284	33.9895	273.1285	307.118	BVDHPBILFRQGEC	3H-Oxireno[h][3]benzoxacyclododecin-7,13(2H,8H)-dione, 1a,4,5,13a-tetrahydro-10,12-dihydroxy-5-methyl-	CC1CCCC2OC2C(=O)C3=C(CC(=O)O1)C=C(O)C=C3O	Organic compounds	Organic oxygen compounds	Organooxygen compounds	Carbonyl compounds	Aryl alkyl ketones	Zearalenones	Macrolides	Polyketides
4429367621208950258	886	0.409	267.9845	273.1285	541.113	YLQLFNHURAYJDR	6,7,3'-Trihydroxyflavone	O=c1cc(-c2cccc(O)c2)oc2cc(O)c(O)cc12	Organic compounds	Phenylpropanoids and polyketides	Flavonoids	Flavones	Flavones	Flavones	Flavonoids	Shikimates and Phenylpropanoids
4429367621208950258	887	0.3459	19.0775	273.1285	292.206	DOMXUEMWDBAQBQ	Terbinafine	CC(C)(C)C#C/C=C/CN(C)CC1=CC=CC2=CC=CC=C21	Organic compounds	Benzenoids	Naphthalenes		Naphthalenes	Hydrocarbons	Fatty acyls	Fatty acids
4429367621208950258	888	0.3459	18.0075	273.1285	291.136	KIDYUEHQXIEBGK	3,6-diphenylcyclohexane-1,2-diol	OC1C(c2ccccc2)CCC(c2ccccc2)C1O	Organic compounds	Organic oxygen compounds	Organooxygen compounds	Alcohols and polyols	Cyclohexanols			Shikimates and Phenylpropanoids
4429367621208950258	889	0.409	180.2085	273.1285	453.337	AHMMSNQYOPMLSX	Boldenone_Undecylenate	[H]C(C(C([H])([H])[H])14)(C(C([H])(C([H])([H])C4([H])[H])2)([H])C(C([H])([H])C(=C([H])3)C2(C([H])([H])[H])C(=C(C(=O)3)[H])[H])([H])[H])C(C(C1(OC(C(C(C([H])([H])C([H])([H])C([H])([H])C(C(C(C([H])=C([H])[H])([H])[H])([H])[H])([H])[H])([H])[H])([H])[H])=O)[H])([H])[H])([H])[H]	Organic compounds	Lipids and lipid-like molecules	Steroids and steroid derivatives	Steroid esters	Steroid esters	Cholestane steroids	Steroids	Terpenoids
4429367621208950258	890	0.409	224.2315	273.1285	497.36	FPMQKXQOBKDVHF	Bryodulcosigenin	O=C1CC2(C)C(CCC2(C)C3CC=C4C(CCC(O)C4(C)C)C13C)C(C)CCC(O)C(O)(C)C	Organic compounds	Lipids and lipid-like molecules	Steroids and steroid derivatives	Cucurbitacins	Cucurbitacins	Cucurbitane triterpenoids	Triterpenoids	Terpenoids
4429367621208950258	891	0.409	178.1555	273.1285	451.284	KQJSQWZMSAGSHN	celastrol	CC1=C(O)C(=O)C=C2C1=CC=C1C2(C)CCC2(C)C3CC(C)(C(=O)O)CCC3(C)CCC12C	Organic compounds	Lipids and lipid-like molecules	Prenol lipids	Triterpenoids	Triterpenoids		Triterpenoids	Terpenoids
4429367621208950258	892	0.4893	197.1435	273.1285	470.272	IOFATHVLOIXNOR	{[1,4a-dimethyl-7-(methylethyl)(1,2,3,4,9,10,10a,4a-octahydrophenanthryl)]meth yl}[(4-methoxy-3-methylphenyl)sulfonyl]amine	COc1ccc(S(=O)(=O)NCC2(C)CCCC3(C)c4ccc(C(C)C)cc4CCC23)cc1C	Organic compounds	Lipids and lipid-like molecules	Prenol lipids	Diterpenoids	Diterpenoids	Abietane diterpenoids	Diterpenoids	Terpenoids
4429367621208950258	893	0.6832	0.0005	273.1285	273.128	ZBMZVLHSJCTVON	Sotalol	CC(C)NCC(C1=CC=C(C=C1)NS(=O)(=O)C)O	Organic compounds	Benzenoids	Benzene and substituted derivatives	Sulfanilides	Sulfanilides	Phenylethylamines	Tyrosine alkaloids	Alkaloids
4429367621208950258	894	0.6246	0.0005	273.1285	273.128	ZBMZVLHSJCTVON	Sotalol	CC(C)NCC(C1=CC=C(C=C1)NS(=O)(=O)C)O	Organic compounds	Benzenoids	Benzene and substituted derivatives	Sulfanilides	Sulfanilides	Phenylethylamines	Tyrosine alkaloids	Alkaloids
4429367621208950258	895	0.6246	0.0005	273.1285	273.128	ZBMZVLHSJCTVON	Sotalol	CC(C)NCC(C1=CC=C(C=C1)NS(=O)(=O)C)O	Organic compounds	Benzenoids	Benzene and substituted derivatives	Sulfanilides	Sulfanilides	Phenylethylamines	Tyrosine alkaloids	Alkaloids
4429367621208950258	896	0.409	322.2475	273.1285	595.376	RSIHSRDYCUFFLA	h_39_boldenone	O[C@H]1CCC2C3CCC4=CC(C=C[C@]4(C)C3CC[C@@]21C)=O	Organic compounds	Lipids and lipid-like molecules	Steroids and steroid derivatives	Androstane steroids	Androgens and derivatives	Androstane steroids	Steroids	Terpenoids
4429367621208950258	897	0.409	346.3255	273.1285	619.454	VFRBLIGIRLWBKM	3-{2-hydroxy-7-[5-(1,4,5-trihydroxynonadecyl)oxolan-2-yl]heptyl}-5-methyl-2,5-dihydrofuran-2-one	CCCCCCCCCCCCCCC(C(CCC(C1OC(CCCCCC(CC2=CC(C)OC2=O)O)CC1)O)O)O	Organic compounds	Lipids and lipid-like molecules	Fatty Acyls	Fatty alcohols	Annonaceous acetogenins	Acetogenins	Linear polyketides	Polyketides
4429367621208950258	898	0.409	180.2085	273.1285	453.337	AHMMSNQYOPMLSX	Boldenone_Undecylenate	[H]C(C(C([H])([H])[H])14)(C(C([H])(C([H])([H])C4([H])[H])2)([H])C(C([H])([H])C(=C([H])3)C2(C([H])([H])[H])C(=C(C(=O)3)[H])[H])([H])[H])C(C(C1(OC(C(C(C([H])([H])C([H])([H])C([H])([H])C(C(C(C([H])=C([H])[H])([H])[H])([H])[H])([H])[H])([H])[H])([H])[H])=O)[H])([H])[H])([H])[H]	Organic compounds	Lipids and lipid-like molecules	Steroids and steroid derivatives	Steroid esters	Steroid esters	Cholestane steroids	Steroids	Terpenoids
4429367621208950258	899	0.409	192.2415	273.1285	465.37	XUARCIYIVXVTAE	OLEAN-12-ENE-3B,28-DIOL	OCC12CCC(C)C(C)C2C3=CCC4C5(C)CCC(O)C(C)(C)C5CCC4(C)C3(C)CC1	Organic compounds	Lipids and lipid-like molecules	Prenol lipids	Triterpenoids	Triterpenoids	Ursane and Taraxastane triterpenoids	Triterpenoids	Terpenoids
4429367621208950258	900	0.409	310.1395	273.1285	583.268	PFDVWJCSCYDRMZ	tri-Coumaroyl spermidine	C1=CC(=CC=C1C=CC(=O)NCCCCN(CCCNC(=O)C=CC2=CC=C(C=C2)O)C(=O)C=CC3=CC=C(C=C3)O)O	Organic compounds	Phenylpropanoids and polyketides	Cinnamic acids and derivatives	Hydroxycinnamic acids and derivatives	Coumaric acids and derivatives	Polyamines	Ornithine alkaloids	Alkaloids
4429367621208950258	901	0.409	607.5895	273.1285	880.718	ACTIUHUUMQJHFO	Ubidecarenone	COC1=C(OC)C(=O)C(C/C=C(\C)CC/C=C(\C)CC/C=C(\C)CC/C=C(\C)CC/C=C(\C)CC/C=C(\C)CC/C=C(\C)CC/C=C(\C)CC/C=C(\C)CCC=C(C)C)=C(C)C1=O	Organic compounds	Lipids and lipid-like molecules	Prenol lipids	Quinone and hydroquinone lipids	Ubiquinones	Prenyl quinone meroterpenoids	Meroterpenoids	Terpenoids
4429367621208950258	902	0.409	234.1435	273.1285	507.272	SCIXGQOSKNXPSL	[(1S,9S,13R,14R)-14-hydroxy-14-(hydroxymethyl)-5,5-dimethyltetracyclo[11.2.1.0,?.0?,?]hexadecan-9-yl]methyl (2E)-3-(3,4-dihydroxyphenyl)prop-2-enoate	CC(C)(CCC1)C2[C@]1(COC(/C=C/c(cc1)cc(O)c1O)=O)C(CC[C@H](C1)[C@@](CO)(C3)O)[C@]13CC2	Organic compounds	Lipids and lipid-like molecules	Prenol lipids	Diterpenoids	Kaurane diterpenoids	Kaurane and Phyllocladane diterpenoids	Diterpenoids	Terpenoids
4429367621208950258	903	0.409	160.3015	273.1285	433.43	CNNRPFQICPFDPO	1-Octacosanol	OCCCCCCCCCCCCCCCCCCCCCCCCCCCC	Organic compounds	Lipids and lipid-like molecules	Fatty Acyls	Fatty alcohols	Fatty alcohols	Fatty alcohols	Fatty acyls	Fatty acids
4429367621208950258	904	0.409	346.4845	273.1285	619.613	JZJYYCFYGXPUMF	Oleoyl ethylamide	CCCCCCCC/C=C\CCCCCCCC(=O)NCC	Organic compounds	Lipids and lipid-like molecules	Fatty Acyls	Fatty amides	N-acyl amines	N-acyl amines	Fatty amides	Fatty acids
4429367621208950258	905	0.409	232.2015	273.1285	505.33	KPKYWYZPIVAHKU	Polyporenic acid C	O=C(O)C(CCC(=C)C(C)C)C1C(O)CC2(C3=CCC4C(C(=O)CCC4(C3=CCC12C)C)(C)C)C	Organic compounds	Lipids and lipid-like molecules	Steroids and steroid derivatives	Bile acids, alcohols and derivatives	Monohydroxy bile acids, alcohols and derivatives	Lanostane, Tirucallane and Euphane triterpenoids	Triterpenoids	Terpenoids
4429367621208950258	906	0.409	472.4115	273.1285	745.54	OHFNMJLLKAYZIA	"""(7R,9S,10R,13R,14S,17R)-7-hydroxy-17-((R)-5-hydroxypentan-2-yl)-10,13-dimethyl-6,7,8,9,10,11,12,13,14,15,16,17-dodecahydro-3H-cyclopenta[a]phenanthren-3-one"""	C[C@H](CCCO)[C@H]1CC[C@H]2[C@]3([H])[C@H](O)CC4=CC(C=C[C@]4(C)[C@H]3CC[C@@]21C)=O	Organic compounds	Lipids and lipid-like molecules	Steroids and steroid derivatives	Bile acids, alcohols and derivatives	Dihydroxy bile acids, alcohols and derivatives	Cholestane steroids	Steroids	Terpenoids
4429367621208950258	907	0.409	163.0695	273.1285	436.198	SDNXPMNXCUDQGQ	"(2R)-2-[[(2S)-2-(1,2-dihydroimidazo[1,2-a]benzimidazole-3-carbonylamino)-3-methylbutanoyl]amino]-2-phenylacetic acid"""	CC(C)[C@H](NC(=O)N1CCn2c1nc3ccccc23)C(=O)N[C@@H](C(=O)O)c4ccccc4	Organic compounds	Organic acids and derivatives	Carboxylic acids and derivatives	Amino acids, peptides, and analogues	Dipeptides			Alkaloids; Amino acids and Peptides
4429367621208950258	908	0.409	160.3015	273.1285	433.43	CNNRPFQICPFDPO	1-Octacosanol	OCCCCCCCCCCCCCCCCCCCCCCCCCCCC	Organic compounds	Lipids and lipid-like molecules	Fatty Acyls	Fatty alcohols	Fatty alcohols	Fatty alcohols	Fatty acyls	Fatty acids
4429367621208950258	909	0.409	200.0525	273.1285	473.181	QZZMDINWSWWNKM	Glomellic acid	Oc1c(C(=O)Oc2cc(O)c(C(=O)O)c(CC(=O)CCC)c2)c(CC(=O)CCC)cc(OC)c1	Organic compounds	Phenylpropanoids and polyketides	Depsides and depsidones		Depsides and depsidones	Depsides	Aromatic polyketides	Polyketides
4429367621208950258	910	0.409	267.9845	273.1285	541.113	YLQLFNHURAYJDR	6,7,3'-Trihydroxyflavone	O=c1cc(-c2cccc(O)c2)oc2cc(O)c(O)cc12	Organic compounds	Phenylpropanoids and polyketides	Flavonoids	Flavones	Flavones	Flavones	Flavonoids	Shikimates and Phenylpropanoids
4429367621208950258	911	0.409	312.3015	273.1285	585.43	BTKOBXLKOUNJAZ	[17-hydroxy-1,2,14,18,18-pentamethyl-8-(1-methylvinyl)pentacyclo[11.8.0.0<2,10 >.0<5,9>.0<14,19>]henicos-5-yl]methyl (2E)-3-(4-methoxyphenyl)prop-2-enoate	C=C(C)C1CCC2(COC(=O)C=Cc3ccc(OC)cc3)CCC3(C)C(CCC4C5(C)CCC(O)C(C)(C)C5CCC43C)C12	Organic compounds	Lipids and lipid-like molecules	Prenol lipids	Triterpenoids	Triterpenoids	Lupane triterpenoids	Triterpenoids	Terpenoids
4429367621208950258	912	0.409	197.1435	273.1285	470.272	IOFATHVLOIXNOR	{[1,4a-dimethyl-7-(methylethyl)(1,2,3,4,9,10,10a,4a-octahydrophenanthryl)]meth yl}[(4-methoxy-3-methylphenyl)sulfonyl]amine	COc1ccc(S(=O)(=O)NCC2(C)CCCC3(C)c4ccc(C(C)C)cc4CCC23)cc1C	Organic compounds	Lipids and lipid-like molecules	Prenol lipids	Diterpenoids	Diterpenoids	Abietane diterpenoids	Diterpenoids	Terpenoids
4429367621208950258	913	0.409	180.2085	273.1285	453.337	AHMMSNQYOPMLSX	Boldenone_Undecylenate	[H]C(C(C([H])([H])[H])14)(C(C([H])(C([H])([H])C4([H])[H])2)([H])C(C([H])([H])C(=C([H])3)C2(C([H])([H])[H])C(=C(C(=O)3)[H])[H])([H])[H])C(C(C1(OC(C(C(C([H])([H])C([H])([H])C([H])([H])C(C(C(C([H])=C([H])[H])([H])[H])([H])[H])([H])[H])([H])[H])([H])[H])=O)[H])([H])[H])([H])[H]	Organic compounds	Lipids and lipid-like molecules	Steroids and steroid derivatives	Steroid esters	Steroid esters	Cholestane steroids	Steroids	Terpenoids
4429367621208950258	914	0.409	180.2085	273.1285	453.337	AHMMSNQYOPMLSX	Boldenone_Undecylenate	[H]C(C(C([H])([H])[H])14)(C(C([H])(C([H])([H])C4([H])[H])2)([H])C(C([H])([H])C(=C([H])3)C2(C([H])([H])[H])C(=C(C(=O)3)[H])[H])([H])[H])C(C(C1(OC(C(C(C([H])([H])C([H])([H])C([H])([H])C(C(C(C([H])=C([H])[H])([H])[H])([H])[H])([H])[H])([H])[H])([H])[H])=O)[H])([H])[H])([H])[H]	Organic compounds	Lipids and lipid-like molecules	Steroids and steroid derivatives	Steroid esters	Steroid esters	Cholestane steroids	Steroids	Terpenoids
4429367621208950258	915	0.409	192.2415	273.1285	465.37	FVWJYYTZTCVBKE	(3beta)-lup-20(29)-ene-3,28-diol	OCC12CCC(C(=C)C)C2C3CCC4C5(C)CCC(O)C(C)(C)C5CCC4(C)C3(C)CC1	Organic compounds	Lipids and lipid-like molecules	Prenol lipids	Triterpenoids	Triterpenoids	Lupane triterpenoids	Triterpenoids	Terpenoids
4429367621208950258	916	0.409	508.3415	273.1285	781.47	WRYJYFCCMSVEPQ	Saikosaponin B2	OCC1OC(OC2C(O)C(OC(C)C2O)OC3CCC4(C)C5C=CC6=C7CC(C)(C)CCC7(CO)C(O)CC6(C)C5(C)CCC4C3(C)CO)C(O)C(O)C1O	Organic compounds	Lipids and lipid-like molecules	Prenol lipids	Terpene glycosides	Triterpene saponins	Oleanane triterpenoids	Triterpenoids	Terpenoids
4429367621208950258	917	0.4887	222.1455	273.1285	495.274	IYHZCJNEODJYKB	Schweinfurthin E	COC1=CC(\C=C\C2=CC(O)=C(CC=C(C)C)C(O)=C2)=CC2=C1OC1(C)CC(O)C(O)C(C)(C)C1C2	Organic compounds	Organoheterocyclic compounds	Benzopyrans	1-benzopyrans	Xanthenes	Monomeric stilbenes	Stilbenoids	Shikimates and Phenylpropanoids
4429367621208950258	918	0.409	228.0995	273.1285	501.228	XVPZRKIQCKKYNE	2-benzyl-1-methyl-1,4-dihydroquinazolin-4-one	CN(C(Cc1ccccc1)=N1)c(cccc2)c2C1=O	Organic compounds	Organoheterocyclic compounds	Diazanaphthalenes	Benzodiazines	Quinazolines	Quinazoline alkaloids	Anthranilic acid alkaloids	Alkaloids
4429367621208950258	919	0.409	159.9635	273.1285	433.092	QXKHYNVANLEOEG	9-methoxy-7H-furo[3,2-g]chromen-7-one	COc(c(occ1)c1cc1C=C2)c1OC2=O	Organic compounds	Phenylpropanoids and polyketides	Coumarins and derivatives	Furanocoumarins	8-methoxypsoralens	Furocoumarins; Simple coumarins	Coumarins	Shikimates and Phenylpropanoids
17351696255561211830	920	0.409	116.0602	414.2988	530.359	RTDQSSMYUXUAHN	Citrulline-CA	C[C@H](CCC(N[C@H](C(O)=O)CCCNC(N)=O)=O)[C@H]1CC[C@@]2([H])[C@]3([H])[C@H](O)C[C@]4([H])C[C@H](O)CC[C@]4(C)[C@H]3C[C@H](O)[C@@]21C	Organic compounds	Lipids and lipid-like molecules	Steroids and steroid derivatives	Bile acids, alcohols and derivatives	Trihydroxy bile acids, alcohols and derivatives	Cholane steroids	Steroids	Terpenoids
17351696255561211830	922	0.409	85.9812	414.2988	500.28	SQMGCPHFHQGPIF	Aconine	OC1CC(OC)C23C4N(CC)CC1(COC)C3C(OC)C4C5(O)C(O)C(OC)C6(O)CC2C5C6O	Organic compounds	Lipids and lipid-like molecules	Prenol lipids	Diterpenoids	Aconitane-type diterpenoid alkaloids	Terpenoid alkaloids	Pseudoalkaloids	Alkaloids; Terpenoids
17351696255561211830	923	0.409	96.7012	414.2988	511.0	KZVHAGNFWJIOMX	Jamaicamide B	CO\C(CCNC(=O)CC\C=C\C(C)CC\C(CCCC#C)=C\Cl)=C\C(=O)N1C(C)C=CC1=O	Organic compounds	Lipids and lipid-like molecules	Fatty Acyls	Fatty amides	N-acyl amines			
17351696255561211830	924	0.409	35.8012	414.2988	450.1	WVULKSPCQVQLCU	glycodeoxycholate	C(C2([H])3)CC([H])(C1)C(C)(C(CC([H])(O)C(C(C([H])(C)CCC(=O)NCC(O)=O)([H])4)(C)C(CC4)3[H])([H])2)CCC1([H])O	Organic compounds	Lipids and lipid-like molecules	Steroids and steroid derivatives	Bile acids, alcohols and derivatives	Glycinated bile acids and derivatives	Cholane steroids	Steroids	Terpenoids
17351696255561211830	925	0.4887	59.0642	414.2988	473.363	QGNVMEXLLPGQEV	Saikogenin D	OCC12C(=C3C=CC4C5(C)CCC(O)C(C)(CO)C5CCC4(C)C3(C)CC1O)CC(C)(C)CC2	Organic compounds	Lipids and lipid-like molecules	Prenol lipids	Triterpenoids	Triterpenoids	Oleanane triterpenoids	Triterpenoids	Terpenoids
17351696255561211830	926	0.409	55.7842	414.2988	470.083	ODRHNGNRVVELAJ	Magnoflorine Iodide	[I-].OC=1C(OC)=CC=C2C1C=3C(O)=C(OC)C=C4C3C(C2)[N+](C)(C)CC4	Organic compounds	Alkaloids and derivatives	Aporphines		Aporphines			
17351696255561211830	927	0.5521	63.0312	414.2988	477.33	SLJTWDNVZKIDAU	Liquidambaric acid	O=C(O)C12CCC(C(=C)C)C2C3CCC4C5(C)CCC(=O)C(C)(C)C5CCC4(C)C3(C)CC1	Organic compounds	Lipids and lipid-like molecules	Prenol lipids	Triterpenoids	Triterpenoids	Lupane triterpenoids	Triterpenoids	Terpenoids
17351696255561211830	931	0.4887	194.8812	414.2988	609.18	VGGSULWDCMWZPO	Spinosin	O=C1C=C(OC=2C=C(OC)C(=C(O)C12)C3OC(CO)C(O)C(O)C3OC4OC(CO)C(O)C(O)C4O)C=5C=CC(O)=CC5	Organic compounds	Phenylpropanoids and polyketides	Flavonoids	Flavonoid glycosides	Flavonoid C-glycosides	Flavones	Flavonoids	Shikimates and Phenylpropanoids
17351696255561211830	932	0.409	51.0722	414.2988	465.371	IOPDFSGGBHSXSV	Ainidiol	OC1CCC2(C)C(CCC3(C)C2CCC4C5C(C(=C)CCC5(C)C(O)CC43C)C)C1(C)C	Organic compounds	Lipids and lipid-like molecules	Prenol lipids	Triterpenoids	Triterpenoids	Ursane and Taraxastane triterpenoids	Triterpenoids	Terpenoids
17351696255561211830	933	0.409	107.0112	414.2988	521.31	RPCTUYZLPGGPJD	Precyasterone	O=C1OC(CC(C(O)C)C1C)C(O)(C)C2CCC3(O)C4=CC(=O)C5CC(O)C(O)CC5(C)C4CCC23C	Organic compounds	Lipids and lipid-like molecules	Steroids and steroid derivatives	Steroid lactones	Withanolides and derivatives	Ecdysteroids	Steroids	Terpenoids
17351696255561211830	935	0.6052	503.2482	414.2988	917.547	MYBAONSAUGZRAX	Notoginsenoside Fe	OCC1OC(OCC2OC(OC(C)(CCC=C(C)C)C3CCC4(C)C3C(O)CC5C6(C)CCC(OC7OC(CO)C(O)C(O)C7O)C(C)(C)C6CCC54C)C(O)C(O)C2O)C(O)C1O	Organic compounds	Lipids and lipid-like molecules	Prenol lipids	Triterpenoids	Triterpenoids	Dammarane and Protostane triterpenoids	Triterpenoids	Terpenoids
17351696255561211830	936	0.4887	223.9582	414.2988	638.257	AAIIJIOWYALNCC		C[C@@H]1CCC2C(C)(C)[C@H](OC(C)=O)[C@@H](C[C@]2(C)[C@@]13CC4=C(O3)C5=C(C=C4O)C(=O)N(C5)[C@@H](CCC(O)=O)C(O)=O)OC(C)=O	Organic compounds	Organic acids and derivatives	Carboxylic acids and derivatives	Amino acids, peptides, and analogues	Glutamic acid and derivatives	Drimane sesquiterpenoids; Spriromeroterpenoids	Meroterpenoids; Sesquiterpenoids	Terpenoids
17351696255561211830	937	0.409	309.1092	414.2988	723.408	YGVSZJJKFQFKBE	1-(furan-3-yl)-2-(4,5,6-trihydroxy-1,2,4a,5-tetramethyl-decahydronaphthalen-1-yl)ethan-1-one	CC(CC1O)C(C)(CC(c2cocc2)=O)C(CCC2O)C1(C)C2(C)O	Organic compounds	Lipids and lipid-like molecules	Prenol lipids	Diterpenoids	Colensane and clerodane diterpenoids	Colensane and Clerodane diterpenoids	Diterpenoids	Terpenoids
17351696255561211830	938	0.409	26.8832	414.2988	441.182	BFVCXYLQNGCSNB	Clindamycin N-oxide	CCCC1CC(C(NC(C(Cl)C)C2C(O)C(O)C(O)C(SC)O2)=O)[N+](C)([O-])C1	Organic compounds	Organic oxygen compounds	Organooxygen compounds	Carbohydrates and carbohydrate conjugates	Thioglycosides			
17351696255561211830	939	0.5491	18.0412	414.2988	432.34	IUKLSMSEHKDIIP	Peimine	OC1CCC2(C)C(C1)C(O)CC3C4CCC5C(CN6CC(C)CCC6C5(O)C)C4CC32	Organic compounds	Lipids and lipid-like molecules	Steroids and steroid derivatives	Steroidal alkaloids	Cerveratrum-type alkaloids	Steroidal alkaloids	Pseudoalkaloids	Alkaloids; Terpenoids
17351696255561211830	940	0.5491	18.0412	414.2988	432.34	IUKLSMSEHKDIIP	Peimine	OC1CCC2(C)C(C1)C(O)CC3C4CCC5C(CN6CC(C)CCC6C5(O)C)C4CC32	Organic compounds	Lipids and lipid-like molecules	Steroids and steroid derivatives	Steroidal alkaloids	Cerveratrum-type alkaloids	Steroidal alkaloids	Pseudoalkaloids	Alkaloids; Terpenoids
17351696255561211830	941	0.7589	0.0012	414.2988	414.3	GHCZAUBVMUEKKP	GLYCOCHENODEOXYCHOLATE	CC(CCC(=O)NCC(=O)O)C1CCC2C1(CCC3C2C(CC4C3(CCC(C4)O)C)O)C	Organic compounds	Lipids and lipid-like molecules	Steroids and steroid derivatives	Bile acids, alcohols and derivatives	Glycinated bile acids and derivatives	Cholane steroids; Cholestane steroids	Steroids	Terpenoids
17351696255561211830	942	0.6337	409.1812	414.2988	823.48	SLAWMGMTBGDBFT	Mogroside II A2	OCC1OC(OCC2OC(OC3CCC4C(=CCC5C4(C)C(O)CC6(C)C(CCC56C)C(C)CCC(O)C(O)(C)C)C3(C)C)C(O)C(O)C2O)C(O)C(O)C1O	Organic compounds	Lipids and lipid-like molecules	Steroids and steroid derivatives	Steroidal glycosides	Cucurbitacin glycosides	Cucurbitane triterpenoids	Triterpenoids	Terpenoids
17351696255561211830	943	0.409	19.8832	414.2988	434.182	JTJJJLSLKZFEPJ	Meleagrine	CC(C)(C=C)[C@@]12C=C(C(=O)N\3[C@]1(NC(=O)/C3=C\C4=CN=CN4)N(C5=CC=CC=C25)OC)O	Organic compounds	Organoheterocyclic compounds	Indoles and derivatives	Pyridoindoles	Pyridoindolones	Imidazole alkaloids	Histidine alkaloids	Alkaloids
17351696255561211830	945	0.409	125.2292	414.2988	539.528	GCGTXOVNNFGTPQ	Cer(d18:0/16:0)	CCCCCCCCCCCCCCC[C@H]([C@H](CO)NC(=O)CCCCCCCCCCCCCCC)O	Organic compounds	Lipids and lipid-like molecules	Sphingolipids	Ceramides	Long-chain ceramides	Ceramides	Sphingolipids	Fatty acids
17351696255561211830	946	0.409	97.0512	414.2988	511.35	HZKFYHKCBBWPIX	Alteramide A	CC[C@H]1C[C@@H]2C[C@H]3/C=C\C=C/C(=O)NCC[C@@H]([C@H]4C(=O)/C(=C(\C=C/C=C\[C@@H]([C@H]3[C@@H]2[C@H]1C)O)/O)/C(=O)N4)O	Organic compounds	Phenylpropanoids and polyketides	Macrolactams		Macrolactams	Macrocyclic tetramic acids	Macrolides	Amino acids and Peptides; Polyketides
17351696255561211830	947	0.409	44.9312	414.2988	459.23	KBKUJJFDSHBPPA	Cinobufotalin	O=C1OC=C(C=C1)C2C(OC(=O)C)C3OC34C5CCC6(O)CC(O)CCC6(C)C5CCC24C	Organic compounds	Lipids and lipid-like molecules	Steroids and steroid derivatives	Steroid lactones	Bufanolides and derivatives	Bufadienolides	Steroids	Terpenoids
17351696255561211830	948	0.4887	197.1412	414.2988	611.44	QADGRUZLZSCZEY	Citrinadin C	C[C@H]1C[C@H](C[C@H]2N1C[C@@]3(C[C@@]4(C5=CC=CC(=C5NC4=O)C(=O)[C@@H]6C(O6)(C)C)C([C@]3(C2)O)(C)C)NC)OC(=O)[C@H](C(C)C)NC	Organic compounds	Organic acids and derivatives	Carboxylic acids and derivatives	Amino acids, peptides, and analogues	Delta amino acids and derivatives			Alkaloids
17351696255561211830	949	0.6074	409.1812	414.2988	823.48	SLAWMGMTBGDBFT	Mogroside II A2	OCC1OC(OCC2OC(OC3CCC4C(=CCC5C4(C)C(O)CC6(C)C(CCC56C)C(C)CCC(O)C(O)(C)C)C3(C)C)C(O)C(O)C2O)C(O)C(O)C1O	Organic compounds	Lipids and lipid-like molecules	Steroids and steroid derivatives	Steroidal glycosides	Cucurbitacin glycosides	Cucurbitane triterpenoids	Triterpenoids	Terpenoids
17351696255561211830	950	0.5491	18.0412	414.2988	432.34	IUKLSMSEHKDIIP	Peimine	OC1CCC2(C)C(C1)C(O)CC3C4CCC5C(CN6CC(C)CCC6C5(O)C)C4CC32	Organic compounds	Lipids and lipid-like molecules	Steroids and steroid derivatives	Steroidal alkaloids	Cerveratrum-type alkaloids	Steroidal alkaloids	Pseudoalkaloids	Alkaloids; Terpenoids
17351696255561211830	951	0.409	60.8412	414.2988	475.14	TUFBUBIMKZRZLD	(Z)-9-(4-hydroxyphenyl)-2-(2,3,4-trimethoxybenzylidene)-8,9-dihydro-2H-furo[2,3-f]chromene-3,7-dione	O=C1OC2=CC=C3C(=O)C(OC3=C2C(C4=CC=C(O)C=C4)C1)=CC5=CC=C(OC)C(OC)=C5OC	Organic compounds	Phenylpropanoids and polyketides	Diarylheptanoids	Linear diarylheptanoids	Linear diarylheptanoids	Aurones; Neoflavonoids	Flavonoids	Shikimates and Phenylpropanoids
17351696255561211830	954	0.5521	114.0312	414.2988	528.33	TVPOLIFUNGGLJS	Pro-aMCA	C[C@H](CCC(N1C(C(O)=O)CCC1)=O)[C@H]2CC[C@@]3([H])[C@]4([H])[C@H](O)[C@@H](O)[C@]5([H])C[C@H](O)CC[C@]5(C)[C@H]4CC[C@@]32C	Organic compounds	Lipids and lipid-like molecules	Steroids and steroid derivatives	Bile acids, alcohols and derivatives	Trihydroxy bile acids, alcohols and derivatives	Cholane steroids	Steroids	Terpenoids
17351696255561211830	955	0.409	59.9842	414.2988	474.283	DBODJJZRZFZBBD	Chasmanine	OC1C2CC3C1C(O)(CC2OC)C4C(OC)C5C6(COC)CN(CC)C4C35C(OC)CC6	Organic compounds	Lipids and lipid-like molecules	Prenol lipids	Diterpenoids	Aconitane-type diterpenoid alkaloids	Terpenoid alkaloids	Pseudoalkaloids	Alkaloids; Terpenoids
17351696255561211830	956	0.4887	57.0412	414.2988	471.34	YIMHGPSYDOGBPI	11-Keto-beta-boswellic acid	O=C(O)C1(C)C(O)CCC2(C)C3C(=O)C=C4C5C(C)C(C)CCC5(C)CCC4(C)C3(C)CCC12	Organic compounds	Lipids and lipid-like molecules	Prenol lipids	Triterpenoids	Triterpenoids	Ursane and Taraxastane triterpenoids	Triterpenoids	Terpenoids
17351696255561211830	957	0.6286	804.5412	414.2988	1218.84	FOAIGCPESMNWQP	MSJ00171 Leucinostatin A	CN(C)C[C@H](C)NC(=O)CCNC(=O)C(C)(C)NC(=O)C(C)(C)NC(=O)[C@H](CC(C)C)NC(=O)[C@H](CC(C)C)NC(=O)C(C)(C)NC(=O)[C@@H](NC(=O)[C@H](C[C@H](C)C[C@@H](O)CC(=O)CC)NC(=O)[C@@H]1C[C@H](C)CN1C(=O)/C=C/[C@@H](C)CC)[C@H](O)C(C)C	Organic compounds	Organic acids and derivatives	Peptidomimetics	Hybrid peptides	Hybrid peptides	Peptaibols	Oligopeptides	Amino acids and Peptides
17351696255561211830	958	0.409	81.0312	414.2988	495.33	IJRBORPEVKCEQD	24-epimakisterone A	O=C1C=C2C(CCC3(C)C(CCC23O)C(O)(C)C(O)CC(C)C(O)(C)C)C4(C)CC(O)C(O)CC14	Organic compounds	Lipids and lipid-like molecules	Steroids and steroid derivatives	Bile acids, alcohols and derivatives	Hydroxy bile acids, alcohols and derivatives	Ecdysteroids	Steroids	Terpenoids
17351696255561211830	959	0.6074	409.1812	414.2988	823.48	SLAWMGMTBGDBFT	Mogroside II A2	OCC1OC(OCC2OC(OC3CCC4C(=CCC5C4(C)C(O)CC6(C)C(CCC56C)C(C)CCC(O)C(O)(C)C)C3(C)C)C(O)C(O)C2O)C(O)C(O)C1O	Organic compounds	Lipids and lipid-like molecules	Steroids and steroid derivatives	Steroidal glycosides	Cucurbitacin glycosides	Cucurbitane triterpenoids	Triterpenoids	Terpenoids
17351696255561211830	961	0.4887	121.0412	414.2988	535.34	HMMGKOVEOFBCAU	3-Acetyl-11-keto-beta-boswellic Acid	O=C(OC1CCC2(C)C3C(=O)C=C4C5C(C)C(C)CCC5(C)CCC4(C)C3(C)CCC2C1(C(=O)O)C)C	Organic compounds	Lipids and lipid-like molecules	Prenol lipids	Triterpenoids	Triterpenoids	Serratane triterpenoids; Ursane and Taraxastane triterpenoids	Triterpenoids	Terpenoids
17351696255561211830	963	0.2939	4.9082	414.2988	419.207	NLJJSPKWNBUDNS	Gomisin H	OC1=C(OC)C(OC)=CC2=C1C3=C(OC)C(OC)=C(OC)C=C3CC(O)(C)C(C)C2	Organic compounds	Phenylpropanoids and polyketides	Tannins	Hydrolyzable tannins	Hydrolyzable tannins	Dibenzocyclooctadienes lignans	Lignans	Shikimates and Phenylpropanoids
17351696255561211830	964	0.4887	117.9912	414.2988	532.29	RNPABQVCNAUEIY	(3S,4S,4aS,6R,6aS,6bS,7S,8R,8aR,9S,9aS,12S,15aS,15bS,16aR,16bS)-9,12,16b-trimethyldocosahydro-1H-4,16a-epoxybenzo[4,5]indeno[1,2-h]pyrido[1,2-b]isoquinoline-3,4,6,6b,7,8,9-heptaol	OC1CC2C3(O)OC4(CC5C6CN7CC(C)CCC7C(O)(C)C6C(O)C(O)C5(O)C14)C2(C)CCC3O	Organic compounds	Lipids and lipid-like molecules	Steroids and steroid derivatives	Steroidal alkaloids	Cerveratrum-type alkaloids	Steroidal alkaloids	Pseudoalkaloids	Alkaloids; Terpenoids
17351696255561211830	965	0.552	260.3012	414.2988	674.6	NQQDXUQABFCHGS	Stenophylline A	C[C@H]1CC[C@H]2[C@@H]([C@@H]3[C@@H](CN2C1)[C@@H]4CC56[C@H](C4[C@@]([C@@H]3O)(C/C=C(/C)\C(=O)O)O)[C@@H](CC7[C@@]5(CC[C@]([C@]7(O6)O)(C/C=C(/C)\C(=O)O)O)C)O)C	Organic compounds	Lipids and lipid-like molecules	Prenol lipids	Sesterterpenoids	Sesterterpenoids	Steroidal alkaloids	Pseudoalkaloids	Alkaloids; Terpenoids
17351696255561211830	966	0.4837	856.3112	414.2988	1270.61	JNSUDLCASPZEHI	Solasodine base + 2H, 1Acetyl, O-Hex, O-Hex-Hex-Hex-Pen	CC1C2C(CC3C4CCC5CC(CCC5(C)C4CCC23C)OC2OC(CO)C(OC3OC(CO)C(OC4OCC(O)C(O)C4O)C(O)C3OC3OC(CO)C(O)C(O)C3O)C(O)C2O)OC11NCC(COC2OC(CO)C(O)C(O)C2O)CC1OC(C)=O	Organic compounds	Lipids and lipid-like molecules	Steroids and steroid derivatives	Steroidal glycosides	Steroidal saponins	Steroidal alkaloids	Pseudoalkaloids	Alkaloids; Terpenoids
17351696255561211830	967	0.4887	219.0912	414.2988	633.39	DOFHBPYYAMNAKG	1,2,6,6,10,17,20-heptamethyl-17-[N-(4-nitrophenyl)carbamoyl]-12-oxopentacyclo[ 12.8.0.0<2,11>.0<5,10>.0<15,20>]docos-13-en-7-yl acetate	CC(=O)OC1CCC2(C)C(CCC3(C)C2C(=O)C=C2C4CC(C)(C(=O)Nc5ccc([N+](=O)[O-])cc5)CCC4(C)CCC23C)C1(C)C	Organic compounds	Lipids and lipid-like molecules	Prenol lipids	Triterpenoids	Triterpenoids			
17443073056666521057	968	0.6074	299.0199	472.2101	771.23	POMAQDQEVHXLGT	Typhaneoside	O=C1C(OC2OC(COC3OC(C)C(O)C(O)C3O)C(O)C(O)C2OC4OC(C)C(O)C(O)C4O)=C(OC=5C=C(O)C=C(O)C15)C=6C=CC(O)=C(OC)C6	Organic compounds	Phenylpropanoids and polyketides	Flavonoids	Flavonoid glycosides	Flavonoid-3-O-glycosides	Flavonols	Flavonoids	Shikimates and Phenylpropanoids
17443073056666521057	969	0.409	124.9409	472.2101	597.151	AFDANKUHSLVEBJ	(2S,3S)-8-[(2R,3S)-5,7-dihydroxy-2-(4-hydroxyphenyl)-4-oxo-2,3-dihydrochromen-3-yl]-3,5,7-trihydroxy-2-(4-hydroxyphenyl)-2,3-dihydrochromen-4-one	O=C1c2c(O)cc(O)c([C@@H]3C(=O)c4c(O)cc(O)cc4O[C@H]3c3ccc(O)cc3)c2O[C@@H](c2ccc(O)cc2)[C@@H]1O	Organic compounds	Phenylpropanoids and polyketides	Flavonoids	Biflavonoids and polyflavonoids	Biflavonoids and polyflavonoids	Dihydroflavonols; Flavanones	Flavonoids	Shikimates and Phenylpropanoids
17443073056666521057	970	0.6337	87.1099	472.2101	559.32	YDEXBRFCPBEZRK	[Gln1-Val9]-moroidin-[QLLVWRAH]	NC(C(NC(C(NC(CC(C)C)C(NC(C(C)C)C(NC(C(NC(C(NC(C)C(NC(CC1=CN2C=N1)C(NC(C(C)C)C(O)=O)=O)=O)=O)CCCNC(N)=N)=O)CC3=C2NC4=C3C=CC5=C4)=O)=O)=O)C5C(C)C)=O)CCC(N)=O	Organic compounds	Organic acids and derivatives	Carboxylic acids and derivatives	Amino acids, peptides, and analogues	Oligopeptides	Cyclic peptides	Oligopeptides	Amino acids and Peptides
17443073056666521057	971	0.4887	49.0699	472.2101	521.28	RAMWUGOWOZNHJJ	Amaranthipeptide A	O=C1CC[C@@H](C(N[C@H](C(N[C@@H](CC(C)C)C(N[C@@H]([C@@H](C)CC)C(N[C@@](C(N2[C@H](C3=O)CCC2)=O)([H])CC4=C(N5C=NC(C[C@@H](C(O)=O)NC([C@@H](N3)CCCNC(N)=N)=O)=C5)NC6=C4C=CC7=C6)=O)=O)=O)[C@@H]7C(C)C)=O)N1	Organic compounds	Organic acids and derivatives	Carboxylic acids and derivatives	Amino acids, peptides, and analogues	Oligopeptides	Cyclic peptides	Oligopeptides	Amino acids and Peptides
17443073056666521057	972	0.4887	17.9639	472.2101	490.174	IFJOEEYQNQPPHO	N-(3-methoxyphenyl)-2-[2-oxo-4-(2-1,2,3,4-tetrahydroisoquinolylcarbonyl)hydroq uinolyl]acetamide	COc1cccc(N=C(O)Cn2c(=O)cc(C(=O)N3CCc4ccccc4C3)c3ccccc32)c1	Organic compounds	Organoheterocyclic compounds	Quinolines and derivatives	Quinoline carboxamides	Quinoline carboxamides		Tryptophan alkaloids	Alkaloids
17443073056666521057	973	0.409	71.9759	472.2101	544.186	OSUWSLKXPZXDPE	cyclohexyl 4-(3-chloro-4-hydroxy-5-methoxyphenyl)-2-methyl-5-oxo-7-phenyl-1,4, 6,7,8-pentahydroquinoline-3-carboxylate	COc1cc(C2C(C(=O)OC3CCCCC3)=C(C)NC3=C2C(=O)CC(c2ccccc2)C3)cc(Cl)c1O	Organic compounds	Organoheterocyclic compounds	Quinolines and derivatives	Phenylquinolines	Phenylquinolines			Polyketides
17443073056666521057	974	0.4893	183.0659	472.2101	655.276	XNBNKCLBGTWWSD	COPROPORPHYRIN III	CC/1=C(CCC(=O)O)C/2=NC1=C/C3=C(C)C(=C(/C=C\4C(=C(C)/C(=C/C5=NC(=C2)/C(=C5CCC(=O)O)C)/N4)CCC(=O)O)N3)CCC(=O)O	Organic compounds	Organoheterocyclic compounds	Tetrapyrroles and derivatives	Porphyrins	Porphyrins			Alkaloids
17443073056666521057	975	0.4887	43.0529	472.2101	515.263	KEEQQEKLEZRLDS	iso-Roridine E	CC1=C[C@@H]2[C@@]3(CC1)COC(=O)/C=C(/CCO[C@@H](/C=C/C=C\C(=O)O[C@H]4[C@]3([C@]5(CO5)[C@@H](C4)O2)C)[C@H](C)O)\C	Organic compounds	Lipids and lipid-like molecules	Prenol lipids	Sesquiterpenoids	Trichothecenes	Trichothecane sesquiterpenoids	Sesquiterpenoids	Terpenoids
17443073056666521057	977	0.5281	136.1111	472.2101	336.099	AHNXAHUSBYWGKH	methyl 3-oxo-2-[(4-prop-2-enyloxyphenyl)methylene]benzo[b]furan-5-carboxylate	C=CCOc1ccc(C=C2Oc3ccc(C(=O)OC)cc3C2=O)cc1	Organic compounds	Phenylpropanoids and polyketides	Aurone flavonoids		Aurone flavonoids	Aurones	Flavonoids	Shikimates and Phenylpropanoids
17443073056666521057	978	0.4851	37.1001	472.2101	435.11	PYCVAPSSQZGPRC	5-[(3,4-dimethoxyphenyl)carbonylamino]-2-[(4-methylphenyl)amino]-1,3-thiazole- 4-carboxamide	COc1ccc(C(O)=Nc2sc(Nc3ccc(C)cc3)nc2C(N)=O)cc1OC	Organic compounds	Benzenoids	Benzene and substituted derivatives	Methoxybenzenes	Dimethoxybenzenes			
17443073056666521057	979	0.5279	312.0771	472.2101	160.133	QVDXUKJJGUSGLS	Leucine ethyl ester	COC(=O)C(N)CC(C)C	Organic compounds	Organic acids and derivatives	Carboxylic acids and derivatives	Amino acids, peptides, and analogues	Leucine and derivatives	Amino fatty acids; Aminoacids	Fatty Acids and Conjugates; Small peptides	Amino acids and Peptides; Fatty acids
17443073056666521057	980	0.5535	285.0651	472.2101	187.145	TVYWVSJGSHQWMT	Ile-Leu-Lys	CC[C@H](C)[C@@H](C(=O)N[C@@H](CC(C)C)C(=O)N[C@@H](CCCCN)C(=O)O)N	Organic compounds	Organic acids and derivatives	Carboxylic acids and derivatives	Amino acids, peptides, and analogues	Oligopeptides	Dipeptides; Tripeptides	Small peptides	Amino acids and Peptides
17443073056666521057	982	0.5292	76.9611	472.2101	395.249	RRKTZKIUPZVBMF	BRUCINE	COc1cc2c(cc1OC)[C@@]13CCN4CC5=CCO[C@H]6CC(=O)N2[C@H]1[C@H]6[C@H]5C[C@H]43	Organic compounds	Alkaloids and derivatives	Strychnos alkaloids		Strychnos alkaloids	Aspidosperma-Iboga hybrid type (Vinca alkaloids); Strychnos type	Tryptophan alkaloids	Alkaloids
17443073056666521057	983	0.409	81.0499	472.2101	553.26	JROGBPMEKVAPEH	Emetine Dihydrochloride	Cl.Cl.O(C=1C=C2C(=CC1OC)C(NCC2)CC3CC4C5=CC(OC)=C(OC)C=C5CCN4CC3CC)C	Organic compounds	Alkaloids and derivatives	Emetine alkaloids		Emetine alkaloids	Isoquinoline alkaloids; Terpenoid tetrahydroisoquinoline alkaloids	Tyrosine alkaloids	Alkaloids
17443073056666521057	986	0.5273	186.0661	472.2101	286.144	SLTUGLOWPHFQPU	(3,4-dimethoxyphenyl)-N-(2,5-dimethylphenyl)carboxamide	COc1ccc(C(O)=Nc2cc(C)ccc2C)cc1OC	Organic compounds	Benzenoids	Benzene and substituted derivatives	Anilides	Benzanilides			Shikimates and Phenylpropanoids
17443073056666521057	987	0.6569	239.0601	472.2101	233.15	DRCKHKZYDLJYFQ	Ile-Thr	CCC(C)C(C(=O)NC(C(C)O)C(=O)O)N	Organic compounds	Organic acids and derivatives	Carboxylic acids and derivatives	Amino acids, peptides, and analogues	Dipeptides	Dipeptides	Small peptides	Amino acids and Peptides
17443073056666521057	988	0.4887	69.9769	472.2101	542.187	FWSVZRJCNNFMSR	N-[2-(3,4-dimethoxyphenyl)ethyl]-2-{7-[(2-fluorophenyl)methyl]-1,3-dimethyl-2, 6-dioxo(1,3,7-trihydropurin-8-ylthio)}acetamide	COc1ccc(CCN=C(O)CSc2nc3c(c(=O)n(C)c(=O)n3C)n2Cc2ccccc2F)cc1OC	Organic compounds	Organoheterocyclic compounds	Imidazopyrimidines	Purines and purine derivatives	Xanthines	Purine alkaloids	Pseudoalkaloids	Alkaloids
17443073056666521057	989	0.409	158.9499	472.2101	631.16	QTVAYNGFFDZGDR	Kakkalide	O=C1C(=COC=2C=C(OC3OC(COC4OCC(O)C(O)C4O)C(O)C(O)C3O)C(OC)=C(O)C12)C=5C=CC(OC)=CC5	Organic compounds	Phenylpropanoids and polyketides	Isoflavonoids	Isoflavonoid O-glycosides	Isoflavonoid O-glycosides	Isoflavones	Isoflavonoids	Shikimates and Phenylpropanoids
17443073056666521057	990	0.409	9.1069	472.2101	481.317	RJZVWDTYEWCUAR	PC(15:0/0:0)	CCCCCCCCCCCCCCC(=O)OC[C@H](COP(=O)([O-])OCC[N+](C)(C)C)O	Organic compounds	Lipids and lipid-like molecules	Glycerophospholipids	Glycerophosphocholines	1-acyl-sn-glycero-3-phosphocholines			
17443073056666521057	991	0.5542	127.1561	472.2101	345.054	HQLYXMOPLKUDAQ	methyl 5-(2H-benzo[3,4-d]1,3-dioxolan-5-ylcarbonylamino)-4-cyano-3-methylthiop hene-2-carboxylate	COC(=O)c1sc(N=C(O)c2ccc3c(c2)OCO3)c(C#N)c1C	Organic compounds	Organoheterocyclic compounds	Benzodioxoles		Benzodioxoles			
17443073056666521057	993	0.409	133.8739	472.2101	606.084	MVMSCBBUIHUTGJ	GUANOSINE 5'-DIPHOSPHO-D-MANNOSE - 70.0 eV	NC1=NC2=C(N=CN2[C@@H]2O[C@H](COP(O)(=O)OP(O)(=O)O[C@H]3O[C@H](CO)[C@@H](O)[C@H](O)[C@@H]3O)[C@@H](O)[C@H]2O)C(=O)N1	Organic compounds	Nucleosides, nucleotides, and analogues	Purine nucleotides	Purine nucleotide sugars	Purine nucleotide sugars	Purine nucleos(t)ides	Nucleosides	Carbohydrates
17443073056666521057	997	0.6337	93.0899	472.2101	565.3	NNPROSRBNGTTNT	[Ala9-Ala10]-moroidin	CC(C)C1C(C(NC(CC(C)C)C(NC(C(C)C)C(NC(C(NC(C(NCC(NC(CC2=CN3C=N2)C(NC(C)C(NC(C)C(O)=O)=O)=O)=O)=O)CCCNC(N)=N)=O)CC4=C3NC5=C4C=CC1=C5)=O)=O)=O)NC(C6NC(CC6)=O)=O	Organic compounds	Organic Polymers	Polypeptides		Polypeptides	Cyclic peptides	Oligopeptides	Amino acids and Peptides
17443073056666521057	999	0.409	64.9999	472.2101	537.21	UFCGDBKFOKKVAC	Schisanwilsonin H	O=C(OC1C=2C=C(OC)C(OC)=C(OC)C2C3=C(OC)C=4OCOC4C=C3CC(C)C1(O)C)C=5C=CC=CC5	Organic compounds	Phenylpropanoids and polyketides	Tannins	Hydrolyzable tannins	Hydrolyzable tannins	Dibenzocyclooctadienes lignans	Lignans	Shikimates and Phenylpropanoids
17443073056666521057	1000	0.4887	214.3699	472.2101	686.58	KDTSHFARGAKYJN	dephospho CoA	CC(C)(COP(=O)(O)OP(=O)(O)OCC1C(C(C(O1)N2C=NC3=C2N=CN=C3N)O)O)C(C(=O)NCCC(=O)NCCS)O	Organic compounds	Nucleosides, nucleotides, and analogues	Purine nucleotides	Purine ribonucleotides	Purine ribonucleoside diphosphates	Fatty acyl CoAs	Fatty esters	Fatty acids
17443073056666521057	1001	0.409	373.1899	472.2101	845.4	KXCCPUJITGZBSJ	(8Z,8'Z)-8,8'-bis(((3,4-dimethoxyphenethyl)amino)methylene)-1,1',6,6'-tetrahydroxy-5,5'-diisopropyl-3,3'-dimethyl-[2,2'-binaphthalene]-7,7'(8H,8'H)-dione	O=C1C(O)=C(C=2C=C(C(=C(O)C2C1=CNCCC3=CC=C(OC)C(OC)=C3)C=4C(O)=C5C(=CNCCC6=CC=C(OC)C(OC)=C6)C(=O)C(O)=C(C5=CC4C)C(C)C)C)C(C)C	Organic compounds	Lignans, neolignans and related compounds			Lignans, neolignans and related compounds			Terpenoids
17443073056666521057	1002	0.6068	386.1899	472.2101	858.4	UXNQBNHINOSGKB	(7S,9E,11S,12R,13S,14S,15S,16R,17S,18S,19E,21Z)-2,15,17-trihydroxy-11-methoxy-3,7,12,14,16,18,22-heptamethyl-6,23,27,29-tetraoxo-26-[4-(pyrimidin-2-yl)piperazin-1-yl]-8,30-dioxa-24-azatetracyclo[23.3.1.1^{4,7}.0^{5,28}]triaconta-1,3,5(28),9,19,21,25-h...	O=C(OC1C(C)C(OC)C=COC2(OC3=C(C2=O)C=4C(=O)C(=C(NC(=O)C(=CC=CC(C)C(O)C(C)C(O)C1C)C)C(=O)C4C(O)=C3C)N5CCN(C6=NC=CC=N6)CC5)C)C	Organic compounds	Phenylpropanoids and polyketides	Macrolactams		Macrolactams	Ansa macrolides	Macrolides	Polyketides
17443073056666521057	1008	0.5327	64.9891	472.2101	407.221	OJMMVQQUTAEWLP	lincomycin	CCCC1CC(C(O)=NC(C(C)O)C2OC(SC)C(O)C(O)C2O)N(C)C1	Organic compounds	Organic oxygen compounds	Organooxygen compounds	Carbohydrates and carbohydrate conjugates	Thioglycosides	Aminoglycosides	Aminosugars and aminoglycosides	Carbohydrates
17443073056666521057	1009	0.3307	26.1751	472.2101	446.035	KVEQCVKVIFQSGC	N-{[4-methoxy-6-(trifluoromethyl)-1,3,5-triazin-2-yl]carbamoyl}-2-(trifluoromethyl)benzenesulfonamide	c1c(S(=O)(=O)NC(Nc2nc(nc(n2)C(F)(F)F)OC)=O)c(C(F)(F)F)ccc1	Organic compounds	Organic nitrogen compounds	Organonitrogen compounds	Sulfonylureas	S-triazinyl-2-sulfonylureas			Alkaloids
17443073056666521057	1010	0.5602	507.4879	472.2101	979.698	TVNLAWCTCXPKQY	Pro-UDCA	C[C@H](CCC(N1C(C(O)=O)CCC1)=O)[C@H]2CC[C@@]3([H])[C@]4([H])[C@@H](O)C[C@]5([H])C[C@@H](CC[C@]5(C)[C@H]4CC[C@@]32C)O	Organic compounds	Lipids and lipid-like molecules	Steroids and steroid derivatives	Bile acids, alcohols and derivatives	Dihydroxy bile acids, alcohols and derivatives	Cholane steroids	Steroids	Terpenoids
17443073056666521057	1011	0.5529	1.9401	472.2101	470.27	BQTYHFZQSAKNQU	Hypaconine	OC1C(OC)C2(O)CC3C(C2O)C1(O)C4C(OC)C5C6(COC)CN(C)C4C35C(OC)CC6	Organic compounds	Lipids and lipid-like molecules	Prenol lipids	Diterpenoids	Aconitane-type diterpenoid alkaloids	Terpenoid alkaloids	Pseudoalkaloids	Alkaloids; Terpenoids
17443073056666521057	1015	0.6097	306.9899	472.2101	779.2	VRYWDBDPXMHHGE	Kaempferol 3-sophoroside-7-rhamnoside	O=C1C(OC2OC(CO)C(O)C(O)C2OC3OC(CO)C(O)C(O)C3O)=C(OC4=CC(OC5OC(C)C(O)C(O)C5O)=CC(O)=C14)C=6C=CC(O)=CC6	Organic compounds	Phenylpropanoids and polyketides	Flavonoids	Flavonoid glycosides	Flavonoid-7-O-glycosides	Flavonols	Flavonoids	Shikimates and Phenylpropanoids
17443073056666521057	1016	0.409	61.9549	472.2101	534.165	FNOWZTMNFWPNII	ethyl 7-(4-chlorophenyl)-2-methyl-5-oxo-4-(3,4,5-trimethoxyphenyl)-1,4,6,7,8-p entahydroquinoline-3-carboxylate	CCOC(=O)C1=C(C)NC2=C(C(=O)CC(c3ccc(Cl)cc3)C2)C1c1cc(OC)c(OC)c(OC)c1	Organic compounds	Organoheterocyclic compounds	Quinolines and derivatives	Phenylquinolines	Phenylquinolines			
17443073056666521057	1017	0.4096	2.0051	472.2101	470.205	RIOFFQYFQSEETA	6-ethoxy-4-{[4-(2-indolinyl-2-oxoethyl)piperazinyl]methyl}chromen-2-one	CCOc1ccc2oc(=O)cc(CN3CCN(CC(=O)N4CCc5ccccc54)CC3)c2c1	Organic compounds	Phenylpropanoids and polyketides	Coumarins and derivatives		Coumarins and derivatives	Simple coumarins	Coumarins	Shikimates and Phenylpropanoids
17443073056666521057	1018	0.5529	1.9401	472.2101	470.27	BQTYHFZQSAKNQU	Hypaconine	OC1C(OC)C2(O)CC3C(C2O)C1(O)C4C(OC)C5C6(COC)CN(C)C4C35C(OC)CC6	Organic compounds	Lipids and lipid-like molecules	Prenol lipids	Diterpenoids	Aconitane-type diterpenoid alkaloids	Terpenoid alkaloids	Pseudoalkaloids	Alkaloids; Terpenoids
17443073056666521057	1019	0.6069	371.1399	472.2101	843.35	GOYSXGAZKUHVSU	(7S,9E,11S,12S,13S,14S,15S,16R,17S,18S,19E,21Z)-2,13,15,17-tetrahydroxy-11-methoxy-3,7,12,14,16,18,22-heptamethyl-26-[(4-phenylphenyl)amino]-8,30-dioxa-24-azatetracyclo[23.3.1.1^{4,7}.0^{5,28}]triaconta-1,3,5(28),9,19,21,25-heptaene-6,23,27,29-tetrone	O=C1NC=2C(=O)C=3C(O)=C(C=4OC(OC=CC(OC)C(C)C(O)C(C)C(O)C(C)C(O)C(C=CC=C1C)C)(C(=O)C4C3C(=O)C2NC=5C=CC(=CC5)C=6C=CC=CC6)C)C	Organic compounds	Phenylpropanoids and polyketides	Macrolactams		Macrolactams	Ansa macrolides	Macrolides	Polyketides
15601966555421525161	1021	0.6246	0.0001	273.1279	273.128	ZBMZVLHSJCTVON	Sotalol	CC(C)NCC(C1=CC=C(C=C1)NS(=O)(=O)C)O	Organic compounds	Benzenoids	Benzene and substituted derivatives	Sulfanilides	Sulfanilides	Phenylethylamines	Tyrosine alkaloids	Alkaloids
15601966555421525161	1022	0.409	248.2121	273.1279	521.34	APTNOIWSCDBIAS	Platycodigenin	O=C(O)C12CCC(C)(C)CC2C3=CCC4C5(C)CC(O)C(O)C(CO)(CO)C5CCC4(C)C3(C)CC1O	Organic compounds	Lipids and lipid-like molecules	Prenol lipids	Triterpenoids	Triterpenoids	Oleanane triterpenoids	Triterpenoids	Terpenoids
15601966555421525161	1023	0.6237	0.0001	273.1279	273.128	ZBMZVLHSJCTVON	Sotalol	CC(C)NCC(C1=CC=C(C=C1)NS(=O)(=O)C)O	Organic compounds	Benzenoids	Benzene and substituted derivatives	Sulfanilides	Sulfanilides	Phenylethylamines	Tyrosine alkaloids	Alkaloids
15601966555421525161	1024	0.409	696.5901	273.1279	969.718	RMIVRCBSQPCSCQ	ST092794	COC(=O)C1(C)CCC2(C)CCC3(C)C(=CC(=O)C4C5(C)CCC(O)C(C)(C)C5CCC43C)C2C1	Organic compounds	Lipids and lipid-like molecules	Prenol lipids	Triterpenoids	Triterpenoids	Oleanane triterpenoids	Triterpenoids	Terpenoids
15601966555421525161	1025	0.6237	0.0001	273.1279	273.128	ZBMZVLHSJCTVON	Sotalol	CC(C)NCC(C1=CC=C(C=C1)NS(=O)(=O)C)O	Organic compounds	Benzenoids	Benzene and substituted derivatives	Sulfanilides	Sulfanilides	Phenylethylamines	Tyrosine alkaloids	Alkaloids
15601966555421525161	1026	0.6237	0.0001	273.1279	273.128	ZBMZVLHSJCTVON	Sotalol	CC(C)NCC(C1=CC=C(C=C1)NS(=O)(=O)C)O	Organic compounds	Benzenoids	Benzene and substituted derivatives	Sulfanilides	Sulfanilides	Phenylethylamines	Tyrosine alkaloids	Alkaloids
15601966555421525161	1027	0.409	180.2091	273.1279	453.337	AHMMSNQYOPMLSX	Boldenone_Undecylenate	[H]C(C(C([H])([H])[H])14)(C(C([H])(C([H])([H])C4([H])[H])2)([H])C(C([H])([H])C(=C([H])3)C2(C([H])([H])[H])C(=C(C(=O)3)[H])[H])([H])[H])C(C(C1(OC(C(C(C([H])([H])C([H])([H])C([H])([H])C(C(C(C([H])=C([H])[H])([H])[H])([H])[H])([H])[H])([H])[H])([H])[H])=O)[H])([H])[H])([H])[H]	Organic compounds	Lipids and lipid-like molecules	Steroids and steroid derivatives	Steroid esters	Steroid esters	Cholestane steroids	Steroids	Terpenoids
15601966555421525161	1028	0.409	267.9851	273.1279	541.113	YLQLFNHURAYJDR	6,7,3'-Trihydroxyflavone	O=c1cc(-c2cccc(O)c2)oc2cc(O)c(O)cc12	Organic compounds	Phenylpropanoids and polyketides	Flavonoids	Flavones	Flavones	Flavones	Flavonoids	Shikimates and Phenylpropanoids
15601966555421525161	1029	0.6237	0.0001	273.1279	273.128	ZBMZVLHSJCTVON	Sotalol	CC(C)NCC(C1=CC=C(C=C1)NS(=O)(=O)C)O	Organic compounds	Benzenoids	Benzene and substituted derivatives	Sulfanilides	Sulfanilides	Phenylethylamines	Tyrosine alkaloids	Alkaloids
15601966555421525161	1031	0.409	234.1441	273.1279	507.272	SCIXGQOSKNXPSL	[(1S,9S,13R,14R)-14-hydroxy-14-(hydroxymethyl)-5,5-dimethyltetracyclo[11.2.1.0,?.0?,?]hexadecan-9-yl]methyl (2E)-3-(3,4-dihydroxyphenyl)prop-2-enoate	CC(C)(CCC1)C2[C@]1(COC(/C=C/c(cc1)cc(O)c1O)=O)C(CC[C@H](C1)[C@@](CO)(C3)O)[C@]13CC2	Organic compounds	Lipids and lipid-like molecules	Prenol lipids	Diterpenoids	Kaurane diterpenoids	Kaurane and Phyllocladane diterpenoids	Diterpenoids	Terpenoids
15601966555421525161	1035	0.5284	84.9849	273.1279	188.143	MEZLKOACVSPNER	(2R)-N-methyl-1-phenyl-N-prop-2-ynylpropan-2-amine	C[C@H](Cc1ccccc1)N(C)CC#C	Organic compounds	Benzenoids	Benzene and substituted derivatives	Phenethylamines	Amphetamines and derivatives	Phenylalanine-derived alkaloids	Pseudoalkaloids	Alkaloids
15601966555421525161	1036	0.409	178.0971	273.1279	451.225	INRCFVYVWPWZJS	5-[(Z)-14-(3,5-dihydroxyphenyl)tetradec-8-enyl]benzene-1,3-diol	Oc1cc(O)cc(CCCCC/C=C\CCCCCCCc2cc(O)cc(O)c2)c1	Organic compounds	Benzenoids	Phenols	Benzenediols	Resorcinols	Catechols with side chains	Aromatic polyketides	Polyketides
15601966555421525161	1039	0.6237	0.0001	273.1279	273.128	ZBMZVLHSJCTVON	Sotalol	CC(C)NCC(C1=CC=C(C=C1)NS(=O)(=O)C)O	Organic compounds	Benzenoids	Benzene and substituted derivatives	Sulfanilides	Sulfanilides	Phenylethylamines	Tyrosine alkaloids	Alkaloids
15601966555421525161	1041	0.6237	0.0001	273.1279	273.128	ZBMZVLHSJCTVON	Sotalol	CC(C)NCC(C1=CC=C(C=C1)NS(=O)(=O)C)O	Organic compounds	Benzenoids	Benzene and substituted derivatives	Sulfanilides	Sulfanilides	Phenylethylamines	Tyrosine alkaloids	Alkaloids
15601966555421525161	1042	0.6237	0.0001	273.1279	273.128	ZBMZVLHSJCTVON	Sotalol	CC(C)NCC(C1=CC=C(C=C1)NS(=O)(=O)C)O	Organic compounds	Benzenoids	Benzene and substituted derivatives	Sulfanilides	Sulfanilides	Phenylethylamines	Tyrosine alkaloids	Alkaloids
15601966555421525161	1043	0.409	256.0761	273.1279	529.204	RETJNOLVDRGHMX	[(2S,3R,4S,5S,6R)-3,4,5-trihydroxy-6-(hydroxymethyl)oxan-2-yl] (2S,4aS,6aR,10aS,10bS)-2-(furan-3-yl)-6a,10b-dimethyl-4-oxo-1,2,4a,5,6,9,10,10a-octahydrobenzo[f]isochromene-7-carboxylate	C[C@@]12C[C@@H](c3ccoc3)OC(=O)[C@H]1CC[C@@]1(C)C(C(=O)O[C@@H]3O[C@H](CO)[C@@H](O)[C@H](O)[C@H]3O)=CCC[C@@H]21	Organic compounds	Lipids and lipid-like molecules	Prenol lipids	Terpene glycosides	Diterpene glycosides	Colensane and Clerodane diterpenoids	Diterpenoids	Terpenoids
15601966555421525161	1044	0.409	267.9851	273.1279	541.113	YLQLFNHURAYJDR	6,7,3'-Trihydroxyflavone	O=c1cc(-c2cccc(O)c2)oc2cc(O)c(O)cc12	Organic compounds	Phenylpropanoids and polyketides	Flavonoids	Flavones	Flavones	Flavones	Flavonoids	Shikimates and Phenylpropanoids
15601966555421525161	1045	0.409	234.1441	273.1279	507.272	SCIXGQOSKNXPSL	[(1S,9S,13R,14R)-14-hydroxy-14-(hydroxymethyl)-5,5-dimethyltetracyclo[11.2.1.0,?.0?,?]hexadecan-9-yl]methyl (2E)-3-(3,4-dihydroxyphenyl)prop-2-enoate	CC(C)(CCC1)C2[C@]1(COC(/C=C/c(cc1)cc(O)c1O)=O)C(CC[C@H](C1)[C@@](CO)(C3)O)[C@]13CC2	Organic compounds	Lipids and lipid-like molecules	Prenol lipids	Diterpenoids	Kaurane diterpenoids	Kaurane and Phyllocladane diterpenoids	Diterpenoids	Terpenoids
15601966555421525161	1046	0.6237	0.0001	273.1279	273.128	ZBMZVLHSJCTVON	Sotalol	CC(C)NCC(C1=CC=C(C=C1)NS(=O)(=O)C)O	Organic compounds	Benzenoids	Benzene and substituted derivatives	Sulfanilides	Sulfanilides	Phenylethylamines	Tyrosine alkaloids	Alkaloids
15601966555421525161	1047	0.6237	0.0001	273.1279	273.128	ZBMZVLHSJCTVON	Sotalol	CC(C)NCC(C1=CC=C(C=C1)NS(=O)(=O)C)O	Organic compounds	Benzenoids	Benzene and substituted derivatives	Sulfanilides	Sulfanilides	Phenylethylamines	Tyrosine alkaloids	Alkaloids
15601966555421525161	1048	0.6237	0.0001	273.1279	273.128	ZBMZVLHSJCTVON	Sotalol	CC(C)NCC(C1=CC=C(C=C1)NS(=O)(=O)C)O	Organic compounds	Benzenoids	Benzene and substituted derivatives	Sulfanilides	Sulfanilides	Phenylethylamines	Tyrosine alkaloids	Alkaloids
15601966555421525161	1049	0.3459	37.9221	273.1279	311.05	SBHXYTNGIZCORC	Eriodictyol	O=C1C=2C(O)=CC(O)=CC2OC(C3=CC=C(O)C(O)=C3)C1	Organic compounds	Phenylpropanoids and polyketides	Flavonoids	Flavans	Flavanones	Flavanones	Flavonoids	Shikimates and Phenylpropanoids
15601966555421525161	1051	0.409	222.0711	273.1279	495.199	VZPLPGICHZXOCQ	Olivetoric acid	Oc1cc(OC(=O)c2c(O)cc(O)cc2CC(=O)CCCCC)cc(CCCCC)c1C(=O)O	Organic compounds	Phenylpropanoids and polyketides	Depsides and depsidones		Depsides and depsidones	Depsides	Aromatic polyketides	Polyketides
15601966555421525161	1052	0.409	234.1441	273.1279	507.272	SCIXGQOSKNXPSL	[(1S,9S,13R,14R)-14-hydroxy-14-(hydroxymethyl)-5,5-dimethyltetracyclo[11.2.1.0,?.0?,?]hexadecan-9-yl]methyl (2E)-3-(3,4-dihydroxyphenyl)prop-2-enoate	CC(C)(CCC1)C2[C@]1(COC(/C=C/c(cc1)cc(O)c1O)=O)C(CC[C@H](C1)[C@@](CO)(C3)O)[C@]13CC2	Organic compounds	Lipids and lipid-like molecules	Prenol lipids	Diterpenoids	Kaurane diterpenoids	Kaurane and Phyllocladane diterpenoids	Diterpenoids	Terpenoids
15601966555421525161	1054	0.6237	0.0001	273.1279	273.128	ZBMZVLHSJCTVON	Sotalol	CC(C)NCC(C1=CC=C(C=C1)NS(=O)(=O)C)O	Organic compounds	Benzenoids	Benzene and substituted derivatives	Sulfanilides	Sulfanilides	Phenylethylamines	Tyrosine alkaloids	Alkaloids
15601966555421525161	1055	0.6237	0.0001	273.1279	273.128	ZBMZVLHSJCTVON	Sotalol	CC(C)NCC(C1=CC=C(C=C1)NS(=O)(=O)C)O	Organic compounds	Benzenoids	Benzene and substituted derivatives	Sulfanilides	Sulfanilides	Phenylethylamines	Tyrosine alkaloids	Alkaloids
15601966555421525161	1056	0.409	184.1321	273.1279	457.26	APMICFQMLNFXRZ	Dehydrolucidenic acid A, 20(21)-	O=C(O)CCC(=C)C1CC(=O)C2(C3=C(C(=O)CC12C)C4(C)CCC(=O)C(C)(C)C4CC3O)C	Organic compounds	Lipids and lipid-like molecules	Steroids and steroid derivatives	Oxosteroids	11-oxosteroids	Lanostane, Tirucallane and Euphane triterpenoids	Triterpenoids	Terpenoids
15601966555421525161	1057	0.6237	0.0001	273.1279	273.128	ZBMZVLHSJCTVON	Sotalol	CC(C)NCC(C1=CC=C(C=C1)NS(=O)(=O)C)O	Organic compounds	Benzenoids	Benzene and substituted derivatives	Sulfanilides	Sulfanilides	Phenylethylamines	Tyrosine alkaloids	Alkaloids
15601966555421525161	1058	0.409	172.1751	273.1279	445.303	VLFJWLVMFJQJEU	Scalarin	CC(=O)O[C@H]1C[C@@H]2[C@]3(CCCC([C@@H]3CC[C@]2([C@H]4[C@]1([C@H]5[C@@H](OC(=O)C5=CC4)O)C)C)(C)C)C	Organic compounds	Lipids and lipid-like molecules	Prenol lipids	Sesterterpenoids	Scalarane sesterterpenoids	Scalarane sesterterpenoids	Sesterterpenoids	Terpenoids
15601966555421525161	1064	0.409	162.1671	273.1279	435.295	SCABKEBYDRTODC	bis[2-(2-butoxyethoxy)ethyl] hexanedioate	CCCCOCCOCCOC(=O)CCCCC(=O)OCCOCCOCCCC	Organic compounds	Lipids and lipid-like molecules	Fatty Acyls	Fatty acid esters	Fatty acid esters	Triacylglycerols	Glycerolipids	Fatty acids
15601966555421525161	1067	0.6237	0.0001	273.1279	273.128	ZBMZVLHSJCTVON	Sotalol	CC(C)NCC(C1=CC=C(C=C1)NS(=O)(=O)C)O	Organic compounds	Benzenoids	Benzene and substituted derivatives	Sulfanilides	Sulfanilides	Phenylethylamines	Tyrosine alkaloids	Alkaloids
15601966555421525161	1068	0.6237	0.0001	273.1279	273.128	ZBMZVLHSJCTVON	Sotalol	CC(C)NCC(C1=CC=C(C=C1)NS(=O)(=O)C)O	Organic compounds	Benzenoids	Benzene and substituted derivatives	Sulfanilides	Sulfanilides	Phenylethylamines	Tyrosine alkaloids	Alkaloids
15601966555421525161	1069	0.6237	0.0001	273.1279	273.128	ZBMZVLHSJCTVON	Sotalol	CC(C)NCC(C1=CC=C(C=C1)NS(=O)(=O)C)O	Organic compounds	Benzenoids	Benzene and substituted derivatives	Sulfanilides	Sulfanilides	Phenylethylamines	Tyrosine alkaloids	Alkaloids
15601966555421525161	1070	0.6237	0.0001	273.1279	273.128	ZBMZVLHSJCTVON	Sotalol	CC(C)NCC(C1=CC=C(C=C1)NS(=O)(=O)C)O	Organic compounds	Benzenoids	Benzene and substituted derivatives	Sulfanilides	Sulfanilides	Phenylethylamines	Tyrosine alkaloids	Alkaloids
15601966555421525161	1071	0.6237	0.0001	273.1279	273.128	ZBMZVLHSJCTVON	Sotalol	CC(C)NCC(C1=CC=C(C=C1)NS(=O)(=O)C)O	Organic compounds	Benzenoids	Benzene and substituted derivatives	Sulfanilides	Sulfanilides	Phenylethylamines	Tyrosine alkaloids	Alkaloids
15601966555421525161	1072	0.6237	0.0001	273.1279	273.128	ZBMZVLHSJCTVON	Sotalol	CC(C)NCC(C1=CC=C(C=C1)NS(=O)(=O)C)O	Organic compounds	Benzenoids	Benzene and substituted derivatives	Sulfanilides	Sulfanilides	Phenylethylamines	Tyrosine alkaloids	Alkaloids
15601966555421525161	1073	0.6237	0.0001	273.1279	273.128	ZBMZVLHSJCTVON	Sotalol	CC(C)NCC(C1=CC=C(C=C1)NS(=O)(=O)C)O	Organic compounds	Benzenoids	Benzene and substituted derivatives	Sulfanilides	Sulfanilides	Phenylethylamines	Tyrosine alkaloids	Alkaloids
15601966555421525161	1074	0.6237	0.0001	273.1279	273.128	ZBMZVLHSJCTVON	Sotalol	CC(C)NCC(C1=CC=C(C=C1)NS(=O)(=O)C)O	Organic compounds	Benzenoids	Benzene and substituted derivatives	Sulfanilides	Sulfanilides	Phenylethylamines	Tyrosine alkaloids	Alkaloids
15601966555421525161	1075	0.5286	152.0881	273.1279	425.216	PNKLMTPXERFKEN	12,13-Epoxytrichothec-9-ene-3-alpha,4-beta,8-alpha,15-tetrol 15-acetate 8-isovalerate	CC1=C[C@@H]2[C@](C[C@@H]1OC(=O)CC(C)C)([C@]3([C@@H]([C@H]([C@H]([C@@]34CO4)O2)O)O)C)COC(=O)C	Organic compounds	Lipids and lipid-like molecules	Prenol lipids	Sesquiterpenoids	Trichothecenes	Trichothecane sesquiterpenoids	Sesquiterpenoids	Terpenoids
12681612279056591389	1079	0.6074	101.3607	617.9993	719.36	KWBPKUMWVXUSCA	Periplogenin 3-[O-beta-glucopyranosyl-(1->4)-beta-sarmentopyranoside]	O=C1OCC(=C1)C2CCC3(O)C4CCC5(O)CC(OC6OC(C)C(OC7OC(CO)C(O)C(O)C7O)C(OC)C6)CCC5(C)C4CCC23C	Organic compounds	Lipids and lipid-like molecules	Steroids and steroid derivatives	Steroid lactones	Cardenolide glycosides and derivatives	Cardenolides	Steroids	Terpenoids
12681612279056591389	1088	0.409	152.9193	617.9993	465.08	LSHVYAFMTMFKBA	Epicatechin gallate	O=C(OC1CC=2C(O)=CC(O)=CC2OC1C3=CC=C(O)C(O)=C3)C4=CC(O)=C(O)C(O)=C4	Organic compounds	Phenylpropanoids and polyketides	Flavonoids	Flavans	Catechin gallates	Flavan-3-ols	Flavonoids	Shikimates and Phenylpropanoids
12681612279056591389	1097	0.5234	94.5407	617.9993	712.54	QVWUTEYXUYBGKO	(2R,3S,4R,5R,6R)-5-acetamido-2-(acetoxymethyl)-6-((2-dodecyltetradecyl)oxy)tetrahydro-2H-pyran-3,4-diyl diacetate	O=C(OCC1OC(OCC(CCCCCCCCCCCC)CCCCCCCCCCCC)C(NC(=O)C)C(OC(=O)C)C1OC(=O)C)C	Organic compounds	Organic oxygen compounds	Organooxygen compounds	Carbohydrates and carbohydrate conjugates	N-acyl-alpha-hexosamines	Neutral glycosphingolipids	Sphingolipids	Fatty acids
12681612279056591389	1106	0.409	219.5327	617.9993	837.532	RXZBMPWDPOLZGW	(3R,4S,5S,6R,7R,9R,10E,11S,12R,13S,14R)-6-[(2S,3R,4S,6R)-4-(dimethylamino)-3-hydroxy-6-methyloxan-2-yl]oxy-14-ethyl-7,12,13-trihydroxy-4-[(2R,4R,5S,6S)-5-hydroxy-4-methoxy-4,6-dimethylox	CC[C@@H]1[C@@]([C@@H]([C@H](/C(=N/OCOCCOC)/[C@@H](C[C@@]([C@@H]([C@H]([C@@H]([C@H](C(=O)O1)C)O[C@H]2C[C@@]([C@H]([C@@H](O2)C)O)(C)OC)C)O[C@H]3[C@@H]([C@H](C[C@H](O3)C)N(C)C)O)(C)O)C)C)O)(C)O	Organic compounds	Organic oxygen compounds	Organooxygen compounds	Carbohydrates and carbohydrate conjugates	Aminoglycosides	Erythromycins	Macrolides	Polyketides
12681612279056591389	1124	0.6327	239.3007	617.9993	857.3	VEJMLLWTNKQWKM	Man-alpha-1-6(Man-alpha-1-3)Man-beta-1-4GlcNAc	O(C1O)C(C(OC(O2)C(C(OC(O4)C(C(C(C4CO)O)O)O)C(C2COC(C3O)OC(C(C3O)O)CO)O)O)C(C1NC(C)=O)O)CO	Organic compounds	Organic oxygen compounds	Organooxygen compounds	Carbohydrates and carbohydrate conjugates	Acylaminosugars	Polysaccharides	Saccharides	Carbohydrates
9993587683524183724	1129	0.409	718.422	273.132	991.554	SCIXGQOSKNXPSL	[(1S,9S,13R,14R)-14-hydroxy-14-(hydroxymethyl)-5,5-dimethyltetracyclo[11.2.1.0,?.0?,?]hexadecan-9-yl]methyl (2E)-3-(3,4-dihydroxyphenyl)prop-2-enoate	CC(C)(CCC1)C2[C@]1(COC(/C=C/c(cc1)cc(O)c1O)=O)C(CC[C@H](C1)[C@@](CO)(C3)O)[C@]13CC2	Organic compounds	Lipids and lipid-like molecules	Prenol lipids	Diterpenoids	Kaurane diterpenoids	Kaurane and Phyllocladane diterpenoids	Diterpenoids	Terpenoids
9993587683524183724	1130	0.409	197.14	273.132	470.272	IOFATHVLOIXNOR	{[1,4a-dimethyl-7-(methylethyl)(1,2,3,4,9,10,10a,4a-octahydrophenanthryl)]meth yl}[(4-methoxy-3-methylphenyl)sulfonyl]amine	COc1ccc(S(=O)(=O)NCC2(C)CCCC3(C)c4ccc(C(C)C)cc4CCC23)cc1C	Organic compounds	Lipids and lipid-like molecules	Prenol lipids	Diterpenoids	Diterpenoids	Abietane diterpenoids	Diterpenoids	Terpenoids
9993587683524183724	1131	0.409	234.14	273.132	507.272	SCIXGQOSKNXPSL	[(1S,9S,13R,14R)-14-hydroxy-14-(hydroxymethyl)-5,5-dimethyltetracyclo[11.2.1.0,?.0?,?]hexadecan-9-yl]methyl (2E)-3-(3,4-dihydroxyphenyl)prop-2-enoate	CC(C)(CCC1)C2[C@]1(COC(/C=C/c(cc1)cc(O)c1O)=O)C(CC[C@H](C1)[C@@](CO)(C3)O)[C@]13CC2	Organic compounds	Lipids and lipid-like molecules	Prenol lipids	Diterpenoids	Kaurane diterpenoids	Kaurane and Phyllocladane diterpenoids	Diterpenoids	Terpenoids
9993587683524183724	1132	0.409	226.238	273.132	499.37	RIXNFYQZWDGQAE	3-O-acetyloleanolic acid	O=C(OC1CCC2(C)C3CC=C4C5CC(C)(C)CCC5(C(=O)O)CCC4(C)C3(C)CCC2C1(C)C)C	Organic compounds	Lipids and lipid-like molecules	Prenol lipids	Triterpenoids	Triterpenoids	Oleanane triterpenoids	Triterpenoids	Terpenoids
9993587683524183724	1133	0.5488	163.116	273.132	436.248	NWNQOAZCDWMOGB	(2E)-1-[2-(2-ethoxyphenyl)-6-hydroxy-3-azabicyclo[4.4.0]dec-3-yl]-3-(4-methoxy phenyl)prop-2-en-1-one	CCOc1ccccc1C1C2CCCCC2(O)CCN1C(=O)C=Cc1ccc(OC)cc1								
9993587683524183724	1134	0.409	232.198	273.132	505.33	KPKYWYZPIVAHKU	Polyporenic acid C	O=C(O)C(CCC(=C)C(C)C)C1C(O)CC2(C3=CCC4C(C(=O)CCC4(C3=CCC12C)C)(C)C)C	Organic compounds	Lipids and lipid-like molecules	Steroids and steroid derivatives	Bile acids, alcohols and derivatives	Monohydroxy bile acids, alcohols and derivatives	Lanostane, Tirucallane and Euphane triterpenoids	Triterpenoids	Terpenoids
9993587683524183724	1135	0.409	194.111	273.132	467.243	SVEQTWAMENTLBK	2,3,5-trimethoxy-6-[4-(4-methylpent-3-en-1-yl)-6-phenylcyclohex-3-ene-1-carbonyl]benzene-1,4-diol	CC(C)=CCCC(CC1c2ccccc2)=CCC1C(c(c(O)c(c(OC)c1O)OC)c1OC)=O	Organic compounds	Phenylpropanoids and polyketides	Diarylheptanoids	Linear diarylheptanoids	Linear diarylheptanoids	Chalcones	Flavonoids	Shikimates and Phenylpropanoids
9993587683524183724	1136	0.409	160.298	273.132	433.43	CNNRPFQICPFDPO	1-Octacosanol	OCCCCCCCCCCCCCCCCCCCCCCCCCCCC	Organic compounds	Lipids and lipid-like molecules	Fatty Acyls	Fatty alcohols	Fatty alcohols	Fatty alcohols	Fatty acyls	Fatty acids
9993587683524183724	1137	0.409	234.14	273.132	507.272	SCIXGQOSKNXPSL	[(1S,9S,13R,14R)-14-hydroxy-14-(hydroxymethyl)-5,5-dimethyltetracyclo[11.2.1.0,?.0?,?]hexadecan-9-yl]methyl (2E)-3-(3,4-dihydroxyphenyl)prop-2-enoate	CC(C)(CCC1)C2[C@]1(COC(/C=C/c(cc1)cc(O)c1O)=O)C(CC[C@H](C1)[C@@](CO)(C3)O)[C@]13CC2	Organic compounds	Lipids and lipid-like molecules	Prenol lipids	Diterpenoids	Kaurane diterpenoids	Kaurane and Phyllocladane diterpenoids	Diterpenoids	Terpenoids
9993587683524183724	1138	0.409	199.915	273.132	473.047	DADORNULUZJURA	2-({4-methoxy-3-[(2,4,6-trichlorophenoxy)methyl]phenyl}methylene)-3,4-dihydron aphthalen-1-one	COc1ccc(C=C2CCc3ccccc3C2=O)cc1COc1c(Cl)cc(Cl)cc1Cl	Organic compounds	Benzenoids	Tetralins		Tetralins	Flavanones	Flavonoids	Shikimates and Phenylpropanoids
9993587683524183724	1139	0.409	197.14	273.132	470.272	IOFATHVLOIXNOR	{[1,4a-dimethyl-7-(methylethyl)(1,2,3,4,9,10,10a,4a-octahydrophenanthryl)]meth yl}[(4-methoxy-3-methylphenyl)sulfonyl]amine	COc1ccc(S(=O)(=O)NCC2(C)CCCC3(C)c4ccc(C(C)C)cc4CCC23)cc1C	Organic compounds	Lipids and lipid-like molecules	Prenol lipids	Diterpenoids	Diterpenoids	Abietane diterpenoids	Diterpenoids	Terpenoids
9993587683524183724	1140	0.409	180.205	273.132	453.337	AHMMSNQYOPMLSX	Boldenone_Undecylenate	[H]C(C(C([H])([H])[H])14)(C(C([H])(C([H])([H])C4([H])[H])2)([H])C(C([H])([H])C(=C([H])3)C2(C([H])([H])[H])C(=C(C(=O)3)[H])[H])([H])[H])C(C(C1(OC(C(C(C([H])([H])C([H])([H])C([H])([H])C(C(C(C([H])=C([H])[H])([H])[H])([H])[H])([H])[H])([H])[H])([H])[H])=O)[H])([H])[H])([H])[H]	Organic compounds	Lipids and lipid-like molecules	Steroids and steroid derivatives	Steroid esters	Steroid esters	Cholestane steroids	Steroids	Terpenoids
9993587683524183724	1141	0.409	204.143	273.132	477.275	JVVADJZDSMGGOB	(2E)-3-(2H-benzo[3,4-d]1,3-dioxolan-5-yl)-1-{2-[4-(diethylamino)phenyl]-6-hydr oxy-3-azabicyclo[4.4.0]dec-3-yl}prop-2-en-1-one	CCN(CC)c1ccc(C2C3CCCCC3(O)CCN2C(=O)C=Cc2ccc3c(c2)OCO3)cc1								Alkaloids
9993587683524183724	1142	0.409	472.408	273.132	745.54	OHFNMJLLKAYZIA	"""(7R,9S,10R,13R,14S,17R)-7-hydroxy-17-((R)-5-hydroxypentan-2-yl)-10,13-dimethyl-6,7,8,9,10,11,12,13,14,15,16,17-dodecahydro-3H-cyclopenta[a]phenanthren-3-one"""	C[C@H](CCCO)[C@H]1CC[C@H]2[C@]3([H])[C@H](O)CC4=CC(C=C[C@]4(C)[C@H]3CC[C@@]21C)=O	Organic compounds	Lipids and lipid-like molecules	Steroids and steroid derivatives	Bile acids, alcohols and derivatives	Dihydroxy bile acids, alcohols and derivatives	Cholestane steroids	Steroids	Terpenoids
9993587683524183724	1143	0.5284	33.986	273.132	307.118	BVDHPBILFRQGEC	3H-Oxireno[h][3]benzoxacyclododecin-7,13(2H,8H)-dione, 1a,4,5,13a-tetrahydro-10,12-dihydroxy-5-methyl-	CC1CCCC2OC2C(=O)C3=C(CC(=O)O1)C=C(O)C=C3O	Organic compounds	Organic oxygen compounds	Organooxygen compounds	Carbonyl compounds	Aryl alkyl ketones	Zearalenones	Macrolides	Polyketides
9993587683524183724	1144	0.409	267.981	273.132	541.113	YLQLFNHURAYJDR	6,7,3'-Trihydroxyflavone	O=c1cc(-c2cccc(O)c2)oc2cc(O)c(O)cc12	Organic compounds	Phenylpropanoids and polyketides	Flavonoids	Flavones	Flavones	Flavones	Flavonoids	Shikimates and Phenylpropanoids
9993587683524183724	1145	0.3459	19.074	273.132	292.206	DOMXUEMWDBAQBQ	Terbinafine	CC(C)(C)C#C/C=C/CN(C)CC1=CC=CC2=CC=CC=C21	Organic compounds	Benzenoids	Naphthalenes		Naphthalenes	Hydrocarbons	Fatty acyls	Fatty acids
9993587683524183724	1146	0.3459	85.07	273.132	358.202	LCFVJGUPQDGYKZ	2-[[4-[2-[4-(oxiran-2-ylmethoxy)phenyl]propan-2-yl]phenoxy]methyl]oxirane	CC(C)(C1=CC=C(C=C1)OCC2CO2)C3=CC=C(C=C3)OCC4CO4	Organic compounds	Benzenoids	Benzene and substituted derivatives	Diphenylmethanes	Diphenylmethanes			
9993587683524183724	1147	0.409	180.205	273.132	453.337	AHMMSNQYOPMLSX	Boldenone_Undecylenate	[H]C(C(C([H])([H])[H])14)(C(C([H])(C([H])([H])C4([H])[H])2)([H])C(C([H])([H])C(=C([H])3)C2(C([H])([H])[H])C(=C(C(=O)3)[H])[H])([H])[H])C(C(C1(OC(C(C(C([H])([H])C([H])([H])C([H])([H])C(C(C(C([H])=C([H])[H])([H])[H])([H])[H])([H])[H])([H])[H])([H])[H])=O)[H])([H])[H])([H])[H]	Organic compounds	Lipids and lipid-like molecules	Steroids and steroid derivatives	Steroid esters	Steroid esters	Cholestane steroids	Steroids	Terpenoids
9993587683524183724	1148	0.409	197.14	273.132	470.272	IOFATHVLOIXNOR	{[1,4a-dimethyl-7-(methylethyl)(1,2,3,4,9,10,10a,4a-octahydrophenanthryl)]meth yl}[(4-methoxy-3-methylphenyl)sulfonyl]amine	COc1ccc(S(=O)(=O)NCC2(C)CCCC3(C)c4ccc(C(C)C)cc4CCC23)cc1C	Organic compounds	Lipids and lipid-like molecules	Prenol lipids	Diterpenoids	Diterpenoids	Abietane diterpenoids	Diterpenoids	Terpenoids
9993587683524183724	1149	0.409	163.116	273.132	436.248	NWNQOAZCDWMOGB	(2E)-1-[2-(2-ethoxyphenyl)-6-hydroxy-3-azabicyclo[4.4.0]dec-3-yl]-3-(4-methoxy phenyl)prop-2-en-1-one	CCOc1ccccc1C1C2CCCCC2(O)CCN1C(=O)C=Cc1ccc(OC)cc1								
9993587683524183724	1150	0.552	197.14	273.132	470.272	IOFATHVLOIXNOR	{[1,4a-dimethyl-7-(methylethyl)(1,2,3,4,9,10,10a,4a-octahydrophenanthryl)]meth yl}[(4-methoxy-3-methylphenyl)sulfonyl]amine	COc1ccc(S(=O)(=O)NCC2(C)CCCC3(C)c4ccc(C(C)C)cc4CCC23)cc1C	Organic compounds	Lipids and lipid-like molecules	Prenol lipids	Diterpenoids	Diterpenoids	Abietane diterpenoids	Diterpenoids	Terpenoids
9993587683524183724	1151	0.409	541.178	273.132	814.31	JLSIEPYLSSNFSK	[2-hydroxy-3-[(E)-3-(4-methoxyphenyl)prop-2-enoyl]oxypropyl] (E)-3-(4-hydroxyphenyl)prop-2-enoate [IIN-based on: CCMSLIB00000848892]	COC1=CC=C(\\C=C\\C(=O)OCC(O)COC(=O)\\C=C\\C2=CC=C(O)C=C2)C=C1	Organic compounds	Phenylpropanoids and polyketides	Cinnamic acids and derivatives	Hydroxycinnamic acids and derivatives	Coumaric acid esters	Cinnamic acids and derivatives	Phenylpropanoids (C6-C3)	Shikimates and Phenylpropanoids
9993587683524183724	1152	0.409	168.568	273.132	441.7	RPPYCVULPFKBOG	Roburic Acid	O=C(O)CCC1(C)C(C(=C)C)CCC2(C)C1CC=C3C4C(C)C(C)CCC4(C)CCC32C	Organic compounds	Lipids and lipid-like molecules	Prenol lipids	Triterpenoids	Triterpenoids	Ursane and Taraxastane triterpenoids	Triterpenoids	Terpenoids
9993587683524183724	1153	0.409	165.894	273.132	439.026	KDWWYRPEBULRGU	5-hydroxy-6,8-dimethoxy-7-[(2S,3R,4S,5S,6R)-3,4,5-trihydroxy-6-(hydroxymethyl)oxan-2-yl]oxychromen-2-one	COc1c(O[C@@H]2O[C@H](CO)[C@@H](O)[C@H](O)[C@H]2O)c(OC)c2oc(=O)ccc2c1O	Organic compounds	Phenylpropanoids and polyketides	Coumarins and derivatives	Coumarin glycosides	Coumarin glycosides	Simple coumarins	Coumarins	Shikimates and Phenylpropanoids
9993587683524183724	1154	0.409	204.143	273.132	477.275	JVVADJZDSMGGOB	(2E)-3-(2H-benzo[3,4-d]1,3-dioxolan-5-yl)-1-{2-[4-(diethylamino)phenyl]-6-hydr oxy-3-azabicyclo[4.4.0]dec-3-yl}prop-2-en-1-one	CCN(CC)c1ccc(C2C3CCCCC3(O)CCN2C(=O)C=Cc2ccc3c(c2)OCO3)cc1								Alkaloids
9993587683524183724	1155	0.409	322.244	273.132	595.376	RSIHSRDYCUFFLA	h_39_boldenone	O[C@H]1CCC2C3CCC4=CC(C=C[C@]4(C)C3CC[C@@]21C)=O	Organic compounds	Lipids and lipid-like molecules	Steroids and steroid derivatives	Androstane steroids	Androgens and derivatives	Androstane steroids	Steroids	Terpenoids
9993587683524183724	1156	0.409	346.322	273.132	619.454	VFRBLIGIRLWBKM	3-{2-hydroxy-7-[5-(1,4,5-trihydroxynonadecyl)oxolan-2-yl]heptyl}-5-methyl-2,5-dihydrofuran-2-one	CCCCCCCCCCCCCCC(C(CCC(C1OC(CCCCCC(CC2=CC(C)OC2=O)O)CC1)O)O)O	Organic compounds	Lipids and lipid-like molecules	Fatty Acyls	Fatty alcohols	Annonaceous acetogenins	Acetogenins	Linear polyketides	Polyketides
9993587683524183724	1157	0.409	180.205	273.132	453.337	AHMMSNQYOPMLSX	Boldenone_Undecylenate	[H]C(C(C([H])([H])[H])14)(C(C([H])(C([H])([H])C4([H])[H])2)([H])C(C([H])([H])C(=C([H])3)C2(C([H])([H])[H])C(=C(C(=O)3)[H])[H])([H])[H])C(C(C1(OC(C(C(C([H])([H])C([H])([H])C([H])([H])C(C(C(C([H])=C([H])[H])([H])[H])([H])[H])([H])[H])([H])[H])([H])[H])=O)[H])([H])[H])([H])[H]	Organic compounds	Lipids and lipid-like molecules	Steroids and steroid derivatives	Steroid esters	Steroid esters	Cholestane steroids	Steroids	Terpenoids
9993587683524183724	1158	0.409	192.238	273.132	465.37	XUARCIYIVXVTAE	OLEAN-12-ENE-3B,28-DIOL	OCC12CCC(C)C(C)C2C3=CCC4C5(C)CCC(O)C(C)(C)C5CCC4(C)C3(C)CC1	Organic compounds	Lipids and lipid-like molecules	Prenol lipids	Triterpenoids	Triterpenoids	Ursane and Taraxastane triterpenoids	Triterpenoids	Terpenoids
9993587683524183724	1159	0.409	164.086	273.132	437.218	MVAWJSIDNICKHF	N_acetyl_serotonin	CC(=O)NCCC1=CNC2=C1C=C(C=C2)O	Organic compounds	Organoheterocyclic compounds	Indoles and derivatives	Hydroxyindoles	Hydroxyindoles	Simple indole alkaloids	Tryptophan alkaloids	Alkaloids
9993587683524183724	1160	0.409	180.238	273.132	453.37	GVJHHUAWPYXKBD	(2R)-2,5,7,8-tetramethyl-2-[(4R,8R)-4,8,12-trimethyltridecyl]-3,4-dihydro-2H-chromen-6-ol	OC=1C(=C(C=2OC(C)(CCC2C1C)CCCC(C)CCCC(C)CCCC(C)C)C)C	Organic compounds	Lipids and lipid-like molecules	Prenol lipids	Quinone and hydroquinone lipids	Tocopherols	Prenyl quinone meroterpenoids	Meroterpenoids	Terpenoids
9993587683524183724	1161	0.409	589.552	273.132	862.684	ACTIUHUUMQJHFO	CoQ10	CC1=C(C(=O)C(=C(C1=O)OC)OC)C/C=C(\C)/CC/C=C(\C)/CC/C=C(\C)/CC/C=C(\C)/CC/C=C(\C)/CC/C=C(\C)/CC/C=C(\C)/CC/C=C(\C)/CC/C=C(\C)/CCC=C(C)C	Organic compounds	Lipids and lipid-like molecules	Prenol lipids	Quinone and hydroquinone lipids	Ubiquinones	Prenyl quinone meroterpenoids	Meroterpenoids	Terpenoids
9993587683524183724	1162	0.409	160.298	273.132	433.43	CNNRPFQICPFDPO	1-Octacosanol	OCCCCCCCCCCCCCCCCCCCCCCCCCCCC	Organic compounds	Lipids and lipid-like molecules	Fatty Acyls	Fatty alcohols	Fatty alcohols	Fatty alcohols	Fatty acyls	Fatty acids
9993587683524183724	1163	0.409	346.481	273.132	619.613	JZJYYCFYGXPUMF	Oleoyl ethylamide	CCCCCCCC/C=C\CCCCCCCC(=O)NCC	Organic compounds	Lipids and lipid-like molecules	Fatty Acyls	Fatty amides	N-acyl amines	N-acyl amines	Fatty amides	Fatty acids
9993587683524183724	1164	0.409	472.408	273.132	745.54	OHFNMJLLKAYZIA	"""(7R,9S,10R,13R,14S,17R)-7-hydroxy-17-((R)-5-hydroxypentan-2-yl)-10,13-dimethyl-6,7,8,9,10,11,12,13,14,15,16,17-dodecahydro-3H-cyclopenta[a]phenanthren-3-one"""	C[C@H](CCCO)[C@H]1CC[C@H]2[C@]3([H])[C@H](O)CC4=CC(C=C[C@]4(C)[C@H]3CC[C@@]21C)=O	Organic compounds	Lipids and lipid-like molecules	Steroids and steroid derivatives	Bile acids, alcohols and derivatives	Dihydroxy bile acids, alcohols and derivatives	Cholestane steroids	Steroids	Terpenoids
9993587683524183724	1165	0.409	472.408	273.132	745.54	OHFNMJLLKAYZIA	"""(7R,9S,10R,13R,14S,17R)-7-hydroxy-17-((R)-5-hydroxypentan-2-yl)-10,13-dimethyl-6,7,8,9,10,11,12,13,14,15,16,17-dodecahydro-3H-cyclopenta[a]phenanthren-3-one"""	C[C@H](CCCO)[C@H]1CC[C@H]2[C@]3([H])[C@H](O)CC4=CC(C=C[C@]4(C)[C@H]3CC[C@@]21C)=O	Organic compounds	Lipids and lipid-like molecules	Steroids and steroid derivatives	Bile acids, alcohols and derivatives	Dihydroxy bile acids, alcohols and derivatives	Cholestane steroids	Steroids	Terpenoids
9993587683524183724	1166	0.409	196.078	273.132	469.21	DHCSEHRBYOAURX	(1R,5S)-3-((3-benzyl-7-hydroxy-4-methyl-2-oxo-2H-chromen-8-yl)methyl)-3,4,5,6-tetrahydro-1H-1,5-methanopyrido[1,2-a][1,5]diazocin-8(2H)-one	O=C1OC2=C(C=CC(O)=C2CN3CC4C5=CC=CC(=O)N5CC(C3)C4)C(=C1CC=6C=CC=CC6)C	Organic compounds	Alkaloids and derivatives	Lupin alkaloids	Cytisine and derivatives	Cytisine and derivatives	Pyridine alkaloids; Quinolizidine alkaloids; Simple coumarins	Lysine alkaloids; Nicotinic acid alkaloids; Coumarins	Alkaloids; Shikimates and Phenylpropanoids
9993587683524183724	1167	0.409	160.298	273.132	433.43	CNNRPFQICPFDPO	1-Octacosanol	OCCCCCCCCCCCCCCCCCCCCCCCCCCCC	Organic compounds	Lipids and lipid-like molecules	Fatty Acyls	Fatty alcohols	Fatty alcohols	Fatty alcohols	Fatty acyls	Fatty acids
9993587683524183724	1168	0.409	180.238	273.132	453.37	GVJHHUAWPYXKBD	(2R)-2,5,7,8-tetramethyl-2-[(4R,8R)-4,8,12-trimethyltridecyl]-3,4-dihydro-2H-chromen-6-ol	OC=1C(=C(C=2OC(C)(CCC2C1C)CCCC(C)CCCC(C)CCCC(C)C)C)C	Organic compounds	Lipids and lipid-like molecules	Prenol lipids	Quinone and hydroquinone lipids	Tocopherols	Prenyl quinone meroterpenoids	Meroterpenoids	Terpenoids
9993587683524183724	1169	0.409	267.981	273.132	541.113	YLQLFNHURAYJDR	6,7,3'-Trihydroxyflavone	O=c1cc(-c2cccc(O)c2)oc2cc(O)c(O)cc12	Organic compounds	Phenylpropanoids and polyketides	Flavonoids	Flavones	Flavones	Flavones	Flavonoids	Shikimates and Phenylpropanoids
9993587683524183724	1170	0.409	312.298	273.132	585.43	BTKOBXLKOUNJAZ	[17-hydroxy-1,2,14,18,18-pentamethyl-8-(1-methylvinyl)pentacyclo[11.8.0.0<2,10 >.0<5,9>.0<14,19>]henicos-5-yl]methyl (2E)-3-(4-methoxyphenyl)prop-2-enoate	C=C(C)C1CCC2(COC(=O)C=Cc3ccc(OC)cc3)CCC3(C)C(CCC4C5(C)CCC(O)C(C)(C)C5CCC43C)C12	Organic compounds	Lipids and lipid-like molecules	Prenol lipids	Triterpenoids	Triterpenoids	Lupane triterpenoids	Triterpenoids	Terpenoids
9993587683524183724	1171	0.409	197.14	273.132	470.272	IOFATHVLOIXNOR	{[1,4a-dimethyl-7-(methylethyl)(1,2,3,4,9,10,10a,4a-octahydrophenanthryl)]meth yl}[(4-methoxy-3-methylphenyl)sulfonyl]amine	COc1ccc(S(=O)(=O)NCC2(C)CCCC3(C)c4ccc(C(C)C)cc4CCC23)cc1C	Organic compounds	Lipids and lipid-like molecules	Prenol lipids	Diterpenoids	Diterpenoids	Abietane diterpenoids	Diterpenoids	Terpenoids
9993587683524183724	1172	0.409	180.205	273.132	453.337	AHMMSNQYOPMLSX	Boldenone_Undecylenate	[H]C(C(C([H])([H])[H])14)(C(C([H])(C([H])([H])C4([H])[H])2)([H])C(C([H])([H])C(=C([H])3)C2(C([H])([H])[H])C(=C(C(=O)3)[H])[H])([H])[H])C(C(C1(OC(C(C(C([H])([H])C([H])([H])C([H])([H])C(C(C(C([H])=C([H])[H])([H])[H])([H])[H])([H])[H])([H])[H])([H])[H])=O)[H])([H])[H])([H])[H]	Organic compounds	Lipids and lipid-like molecules	Steroids and steroid derivatives	Steroid esters	Steroid esters	Cholestane steroids	Steroids	Terpenoids
9993587683524183724	1173	0.409	197.14	273.132	470.272	IOFATHVLOIXNOR	{[1,4a-dimethyl-7-(methylethyl)(1,2,3,4,9,10,10a,4a-octahydrophenanthryl)]meth yl}[(4-methoxy-3-methylphenyl)sulfonyl]amine	COc1ccc(S(=O)(=O)NCC2(C)CCCC3(C)c4ccc(C(C)C)cc4CCC23)cc1C	Organic compounds	Lipids and lipid-like molecules	Prenol lipids	Diterpenoids	Diterpenoids	Abietane diterpenoids	Diterpenoids	Terpenoids
9993587683524183724	1174	0.409	192.238	273.132	465.37	FVWJYYTZTCVBKE	(3beta)-lup-20(29)-ene-3,28-diol	OCC12CCC(C(=C)C)C2C3CCC4C5(C)CCC(O)C(C)(C)C5CCC4(C)C3(C)CC1	Organic compounds	Lipids and lipid-like molecules	Prenol lipids	Triterpenoids	Triterpenoids	Lupane triterpenoids	Triterpenoids	Terpenoids
9993587683524183724	1175	0.409	200.231	273.132	473.363	HFGSQOYIOKBQOW	Corosolic acid	C[C@@H]1CC[C@@]2(CC[C@]3(C)C(=CC[C@@H]4[C@@]5(C)C[C@@H](O)[C@H](O)C(C)(C)[C@@H]5CC[C@@]34C)[C@@H]2[C@H]1C)C(O)=O	Organic compounds	Lipids and lipid-like molecules	Prenol lipids	Triterpenoids	Triterpenoids	Ursane and Taraxastane triterpenoids	Triterpenoids	Terpenoids
9993587683524183724	1176	0.4887	222.142	273.132	495.274	IYHZCJNEODJYKB	Schweinfurthin E	COC1=CC(\C=C\C2=CC(O)=C(CC=C(C)C)C(O)=C2)=CC2=C1OC1(C)CC(O)C(O)C(C)(C)C1C2	Organic compounds	Organoheterocyclic compounds	Benzopyrans	1-benzopyrans	Xanthenes	Monomeric stilbenes	Stilbenoids	Shikimates and Phenylpropanoids
9993587683524183724	1177	0.409	228.096	273.132	501.228	XVPZRKIQCKKYNE	2-benzyl-1-methyl-1,4-dihydroquinazolin-4-one	CN(C(Cc1ccccc1)=N1)c(cccc2)c2C1=O	Organic compounds	Organoheterocyclic compounds	Diazanaphthalenes	Benzodiazines	Quinazolines	Quinazoline alkaloids	Anthranilic acid alkaloids	Alkaloids
9993587683524183724	1178	0.409	159.96	273.132	433.092	QXKHYNVANLEOEG	9-methoxy-7H-furo[3,2-g]chromen-7-one	COc(c(occ1)c1cc1C=C2)c1OC2=O	Organic compounds	Phenylpropanoids and polyketides	Coumarins and derivatives	Furanocoumarins	8-methoxypsoralens	Furocoumarins; Simple coumarins	Coumarins	Shikimates and Phenylpropanoids
13205810618867112585	1179	0.409	1306.9651	160.0349	1467.0	WYUKJASPBYYQRJ	GlcNAc-beta-1-2Man-alpha-1-6(GlcNAc-beta-1-2Man-alpha-1-3)Man-beta-1-4GlcNAc-beta-1-4GlcNAc	CC(=O)NC(C(O)1)C(OC(C(OC(C(O)5)C(O)C(OC(COC(O6)C(OC(C(NC(C)=O)7)OC(CO)C(C(O)7)O)C(C(C6CO)O)O)5)OC(C4O)C(CO)OC(C4NC(C)=O)OC(C3O)C(OC(O)C3NC(C)=O)CO)2)C(C(O)C(CO)O2)O)OC(CO)C1O	Organic compounds	Organic oxygen compounds	Organooxygen compounds	Carbohydrates and carbohydrate conjugates	Acylaminosugars	Polysaccharides	Saccharides	Carbohydrates
13205810618867112585	1181	0.5286	31.0841	160.0349	191.119	DYOZWAJOUTVNAF	Nomega-Methyl-5-hydroxy-trypt-amine oxalate salt	CNCCc1c[nH]c2ccc(O)cc12.OC(=O)C(=O)O	Organic compounds	Organoheterocyclic compounds	Indoles and derivatives	Tryptamines and derivatives	Serotonins	Aminoacids; Simple indole alkaloids	Tryptophan alkaloids; Small peptides	Alkaloids; Amino acids and Peptides
13205810618867112585	1182	0.3145	120.0771	160.0349	280.112	ANUCHZVCBDOPOX	Dibenz[a,j]acridine	C1=CC=C2C(C=CC3=NC4=C(C=C23)C2=CC=CC=C2C=C4)=C1	Organic compounds	Organoheterocyclic compounds	Quinolines and derivatives	Benzoquinolines	Benzacridines	Acridone alkaloids	Anthranilic acid alkaloids	Alkaloids
13205810618867112585	1185	0.3459	133.0621	160.0349	293.097	KCXVZYZYPLLWCC	Ethylenediaminetetraacetic acid EDTA	C(CN(CC(=O)O)CC(=O)O)N(CC(=O)O)CC(=O)O	Organic compounds	Organic acids and derivatives	Carboxylic acids and derivatives	Tetracarboxylic acids and derivatives	Tetracarboxylic acids and derivatives	Aminoacids	Small peptides	Amino acids and Peptides
13205810618867112585	1195	0.409	277.1831	160.0349	437.218	KCUNTYMNJVXYKZ	D_tryptophan methyl ester	COC(=O)C(CC1=CNC2=CC=CC=C21)N	Organic compounds	Organic acids and derivatives	Carboxylic acids and derivatives	Amino acids, peptides, and analogues	Alpha amino acid esters	Aminoacids	Small peptides	Amino acids and Peptides; Shikimates and Phenylpropanoids
13205810618867112585	1196	0.3145	120.0771	160.0349	280.112	ANUCHZVCBDOPOX	"""Dibenz[a,j]acridine"""	C1=CC=C2C(C=CC3=NC4=C(C=C23)C2=CC=CC=C2C=C4)=C1	Organic compounds	Organoheterocyclic compounds	Quinolines and derivatives	Benzoquinolines	Benzacridines	Acridone alkaloids	Anthranilic acid alkaloids	Alkaloids
13205810618867112585	1198	0.2939	183.1511	160.0349	343.186	DAOGFHQPAHSMQS	1_proprionylpyrrolidine_2_carboxylic_acid	CCC(=O)N1CCCC1C(=O)O	Organic compounds	Organic acids and derivatives	Carboxylic acids and derivatives	Amino acids, peptides, and analogues	N-acyl-alpha amino acids	Dipeptides	Small peptides	Amino acids and Peptides
13205810618867112585	1200	0.301	31.0681	160.0349	191.103	GMKMEZVLHJARHF	"""2,6-DIAMINOHEPTANEDIOIC ACID"""	C(C[C@@H](C(=O)O)N)C[C@@H](C(=O)O)N	Organic compounds	Organic acids and derivatives	Carboxylic acids and derivatives	Amino acids, peptides, and analogues	L-alpha-amino acids	Aminoacids	Small peptides	Amino acids and Peptides
13205810618867112585	1202	0.409	299.1651	160.0349	459.2	MVAWJSIDNICKHF	N_acetyl_serotonin	CC(=O)NCCC1=CNC2=C1C=C(C=C2)O	Organic compounds	Organoheterocyclic compounds	Indoles and derivatives	Hydroxyindoles	Hydroxyindoles	Simple indole alkaloids	Tryptophan alkaloids	Alkaloids
13205810618867112585	1205	0.409	339.3921	160.0349	499.427	XNISEOLHGQOJHH	N-behenoyl-5-hydroxytryptamide	OC1=CC(C(CCNC(CCCCCCCCCCCCCCCCCCCCC)=O)=CN2)=C2C=C1	Organic compounds	Organoheterocyclic compounds	Indoles and derivatives	Tryptamines and derivatives	Long-chain N-acylserotonins	N-acyl amines	Fatty amides	Fatty acids
13205810618867112585	1206	0.409	321.2861	160.0349	481.321	NHKWRRHZTGQJMT	1-[4-(2,2-diphenylethenyl)piperidin-1-yl]-9-pyridin-3-ylnonan-1-one	O=C(CCCCCCCCC1=CN=CC=C1)N1CCC(CC1)C=C(C1=CC=CC=C1)C1=CC=CC=C1	Organic compounds	Benzenoids	Benzene and substituted derivatives	Diphenylmethanes	Diphenylmethanes	Pyridine alkaloids	Nicotinic acid alkaloids	Alkaloids
13205810618867112585	1211	0.3057	110.2801	160.0349	270.315	REYJJPSVUYRZGE	1-Octadecanamine	CCCCCCCCCCCCCCCCCCN	Organic compounds	Organic nitrogen compounds	Organonitrogen compounds	Amines	Monoalkylamines	Hydrocarbons	Fatty acyls	Fatty acids
13205810618867112585	1215	0.3041	71.0149	160.0349	89.02	LCTONWCANYUPML	Pyruvic acid	O=C(O)C(=O)C	Organic compounds	Organic acids and derivatives	Keto acids and derivatives	Alpha-keto acids and derivatives	Alpha-keto acids and derivatives	Oxo fatty acids	Fatty Acids and Conjugates	Fatty acids
13205810618867112585	1220	0.3459	149.2191	160.0349	309.254	CMQOSWNHMUHIJJ	(E)-N-butyl-N-(1-(cyclohexylamino)-1-oxobutan-2-yl)but-2-enamide	C/C=C/C(=O)N(CCCC)C(CC)C(=O)NC1CCCCC1	Organic compounds	Lipids and lipid-like molecules	Fatty Acyls	Fatty amides	N-acyl amines			
10698027794495254283	1229	0.6259	0.0001	96.0445	96.0444	UBQKCCHYAOITMY	2-HYDROXYPYRIDINE - 50.0 eV	OC1=CC=CC=N1	Organic compounds	Organoheterocyclic compounds	Pyridines and derivatives	Hydropyridines	Pyridinones	Pyridine alkaloids	Nicotinic acid alkaloids	Alkaloids
10698027794495254283	1230	0.625	0.0001	96.0445	96.0444	UBQKCCHYAOITMY	2-HYDROXYPYRIDINE - 60.0 eV	OC1=CC=CC=N1	Organic compounds	Organoheterocyclic compounds	Pyridines and derivatives	Hydropyridines	Pyridinones	Pyridine alkaloids	Nicotinic acid alkaloids	Alkaloids
10698027794495254283	1236	0.6259	0.0004	96.0445	96.0449	GRFNBEZIAWKNCO	3-Hydroxypyridine	C1=CC(=CN=C1)O	Organic compounds	Organoheterocyclic compounds	Pyridines and derivatives	Hydroxypyridines	Hydroxypyridines	Pyridine alkaloids	Nicotinic acid alkaloids	Alkaloids
10698027794495254283	1247	0.7534	0.0004	96.0445	96.0449	GRFNBEZIAWKNCO	3-Hydroxypyridine	C1=CC(=CN=C1)O	Organic compounds	Organoheterocyclic compounds	Pyridines and derivatives	Hydroxypyridines	Hydroxypyridines	Pyridine alkaloids	Nicotinic acid alkaloids	Alkaloids
10698027794495254283	1248	0.7308	0.0001	96.0445	96.0444	UBQKCCHYAOITMY	2-HYDROXYPYRIDINE	Oc1ccccn1	Organic compounds	Organoheterocyclic compounds	Pyridines and derivatives	Hydropyridines	Pyridinones	Pyridine alkaloids	Nicotinic acid alkaloids	Alkaloids
10698027794495254283	1250	0.6259	0.0004	96.0445	96.0449	GRFNBEZIAWKNCO	pyridin-3-ol	C1=CC(=CN=C1)O	Organic compounds	Organoheterocyclic compounds	Pyridines and derivatives	Hydroxypyridines	Hydroxypyridines	Pyridine alkaloids	Nicotinic acid alkaloids	Alkaloids
10698027794495254283	1255	0.6259	0.0004	96.0445	96.0449	GRFNBEZIAWKNCO	pyridin-3-ol	C1=CC(=CN=C1)O	Organic compounds	Organoheterocyclic compounds	Pyridines and derivatives	Hydroxypyridines	Hydroxypyridines	Pyridine alkaloids	Nicotinic acid alkaloids	Alkaloids
10698027794495254283	1256	0.625	0.0001	96.0445	96.0444	UBQKCCHYAOITMY	2-HYDROXYPYRIDINE - 70.0 eV	OC1=CC=CC=N1	Organic compounds	Organoheterocyclic compounds	Pyridines and derivatives	Hydropyridines	Pyridinones	Pyridine alkaloids	Nicotinic acid alkaloids	Alkaloids
10698027794495254283	1257	0.625	0.0001	96.0445	96.0444	UBQKCCHYAOITMY	2-HYDROXYPYRIDINE	Oc1ccccn1	Organic compounds	Organoheterocyclic compounds	Pyridines and derivatives	Hydropyridines	Pyridinones	Pyridine alkaloids	Nicotinic acid alkaloids	Alkaloids
10698027794495254283	1258	0.8134	0.0004	96.0445	96.0449	GRFNBEZIAWKNCO	pyridin-3-ol	C1=CC(=CN=C1)O	Organic compounds	Organoheterocyclic compounds	Pyridines and derivatives	Hydroxypyridines	Hydroxypyridines	Pyridine alkaloids	Nicotinic acid alkaloids	Alkaloids
10698027794495254283	1259	0.625	0.0001	96.0445	96.0444	UBQKCCHYAOITMY	2-HYDROXYPYRIDINE - 30.0 eV	OC1=CC=CC=N1	Organic compounds	Organoheterocyclic compounds	Pyridines and derivatives	Hydropyridines	Pyridinones	Pyridine alkaloids	Nicotinic acid alkaloids	Alkaloids
10698027794495254283	1261	0.625	0.0001	96.0445	96.0444	UBQKCCHYAOITMY	2-HYDROXYPYRIDINE	Oc1ccccn1	Organic compounds	Organoheterocyclic compounds	Pyridines and derivatives	Hydropyridines	Pyridinones	Pyridine alkaloids	Nicotinic acid alkaloids	Alkaloids
10698027794495254283	1262	0.625	0.0004	96.0445	96.0449	GRFNBEZIAWKNCO	3-Pyridyl alcohol	Oc(c1)cncc1	Organic compounds	Organoheterocyclic compounds	Pyridines and derivatives	Hydroxypyridines	Hydroxypyridines	Pyridine alkaloids	Nicotinic acid alkaloids	Alkaloids
10698027794495254283	1273	0.6259	0.0001	96.0445	96.0444	UBQKCCHYAOITMY	2-HYDROXYPYRIDINE	Oc1ccccn1	Organic compounds	Organoheterocyclic compounds	Pyridines and derivatives	Hydropyridines	Pyridinones	Pyridine alkaloids	Nicotinic acid alkaloids	Alkaloids
10698027794495254283	1275	0.409	397.0665	96.0445	493.111	IMEVJVISCHQJRM	Triflusulfuron-methyl	CC1=C(C(=CC=C1)C(=O)OC)S(=O)(=O)NC(=O)NC2=NC(=NC(=N2)OCC(F)(F)F)N(C)C	Organic compounds	Organic nitrogen compounds	Organonitrogen compounds	Sulfonylureas	S-triazinyl-2-sulfonylureas			Alkaloids
10698027794495254283	1276	0.625	0.0001	96.0445	96.0444	UBQKCCHYAOITMY	2-HYDROXYPYRIDINE - 60.0 eV	OC1=CC=CC=N1	Organic compounds	Organoheterocyclic compounds	Pyridines and derivatives	Hydropyridines	Pyridinones	Pyridine alkaloids	Nicotinic acid alkaloids	Alkaloids
10698027794495254283	1278	0.8239	0.0004	96.0445	96.0449	GRFNBEZIAWKNCO	3-Pyridyl alcohol	Oc(c1)cncc1	Organic compounds	Organoheterocyclic compounds	Pyridines and derivatives	Hydroxypyridines	Hydroxypyridines	Pyridine alkaloids	Nicotinic acid alkaloids	Alkaloids
10698027794495254283	1279	0.6259	0.0001	96.0445	96.0444	UBQKCCHYAOITMY	2-HYDROXYPYRIDINE	Oc1ccccn1	Organic compounds	Organoheterocyclic compounds	Pyridines and derivatives	Hydropyridines	Pyridinones	Pyridine alkaloids	Nicotinic acid alkaloids	Alkaloids
1345762884801241829	1282	0.6232	0.0	229.13	229.13	KTVPXOYAKDPRHY	D-Ribofuranose 5-phosphate disodium salt	C(C1C(C(C(O1)O)O)O)OP(=O)(O)O	Organic compounds	Organic oxygen compounds	Organooxygen compounds	Carbohydrates and carbohydrate conjugates	Pentose phosphates	Monosaccharides	Saccharides	Carbohydrates
1345762884801241829	1283	0.409	206.165	229.13	435.295	SCABKEBYDRTODC	bis[2-(2-butoxyethoxy)ethyl] hexanedioate	CCCCOCCOCCOC(=O)CCCCC(=O)OCCOCCOCCCC	Organic compounds	Lipids and lipid-like molecules	Fatty Acyls	Fatty acid esters	Fatty acid esters	Triacylglycerols	Glycerolipids	Fatty acids
1345762884801241829	1284	0.409	380.38	229.13	609.51	ADPAPZVYVYEBGS	Uvarigrin	O=C1OC(C=C1CCCCCCCCCCCCC(O)CC(O)C2OC(CC2)C(O)CCCCCCCCCCCC)C	Organic compounds	Lipids and lipid-like molecules	Fatty Acyls	Fatty alcohols	Annonaceous acetogenins	Acetogenins	Linear polyketides	Polyketides
1345762884801241829	1285	0.409	490.194	229.13	719.324	BENIATCKWZLKMA	[3-methyl-1-[3-methyl-1-[3-methyl-1-oxo-1-(2,3,4,5,6-pentahydroxyhexoxy)pentan-2-yl]oxy-1-oxopentan-2-yl]oxy-1-oxopentan-2-yl] 2-acetyloxy-3-methylpentanoate [IIN-based on: CCMSLIB00000846625]	CCC(C)C(OC(C)=O)C(=O)OC(C(C)CC)C(=O)OC(C(C)CC)C(=O)OC(C(C)CC)C(=O)OCC(O)C(O)C(O)C(O)CO	Organic compounds	Organic acids and derivatives	Peptidomimetics	Depsipeptides	Depsipeptides	Polyesters	Linear polyketides	Polyketides
1345762884801241829	1286	0.409	222.095	229.13	451.225	INRCFVYVWPWZJS	5-[(Z)-14-(3,5-dihydroxyphenyl)tetradec-8-enyl]benzene-1,3-diol	Oc1cc(O)cc(CCCCC/C=C\CCCCCCCc2cc(O)cc(O)c2)c1	Organic compounds	Benzenoids	Phenols	Benzenediols	Resorcinols	Catechols with side chains	Aromatic polyketides	Polyketides
1345762884801241829	1287	0.3504	295.907	229.13	525.037	IACOAKYXFIWAQN	Homovanillic_acid_sulfate	COC1=C(C=CC(=C1)CC(=O)O)OS(=O)(=O)O	Organic compounds	Organic acids and derivatives	Organic sulfuric acids and derivatives	Arylsulfates	Phenylsulfates	Simple phenolic acids	Phenolic acids (C6-C1)	Shikimates and Phenylpropanoids
1345762884801241829	1288	0.6237	0.0	229.13	229.13	KGQMQNPFMOBJCY	MGH2_methylglyoxal-derived hydroimidazolone 2	CC1N=C(NCCC[C@H](N)C(=O)O)NC1=O	Organic compounds	Organic acids and derivatives	Carboxylic acids and derivatives	Amino acids, peptides, and analogues	Arginine and derivatives	Aminoacids	Small peptides	Amino acids and Peptides
1345762884801241829	1289	0.409	380.38	229.13	609.51	ADPAPZVYVYEBGS	Uvarigrin	O=C1OC(C=C1CCCCCCCCCCCCC(O)CC(O)C2OC(CC2)C(O)CCCCCCCCCCCC)C	Organic compounds	Lipids and lipid-like molecules	Fatty Acyls	Fatty alcohols	Annonaceous acetogenins	Acetogenins	Linear polyketides	Polyketides
1345762884801241829	1290	0.6237	0.0	229.13	229.13	KGQMQNPFMOBJCY	MGH1_methylglyoxal-derived hydroimidazolone 1	CC1N=C(NCCC[C@H](N)C(=O)O)NC1=O	Organic compounds	Organic acids and derivatives	Carboxylic acids and derivatives	Amino acids, peptides, and analogues	Arginine and derivatives	Aminoacids	Small peptides	Amino acids and Peptides
1345762884801241829	1291	0.409	506.287	229.13	735.417	CPKXIKIVLSMABL	[3-methyl-1-[3-methyl-1-[3-methyl-1-[3-methyl-1-oxo-1-(2,3,4,5,6-pentahydroxyhexoxy)pentan-2-yl]oxy-1-oxopentan-2-yl]oxy-1-oxopentan-2-yl]oxy-1-oxopentan-2-yl] 2-hydroxy-3-methylpentanoate [IIN-based: Match]	CCC(C)C(O)C(=O)OC(C(C)CC)C(=O)OC(C(C)CC)C(=O)OC(C(C)CC)C(=O)OC(C(C)CC)C(=O)OCC(O)C(O)C(O)C(O)CO	Organic compounds	Organic acids and derivatives	Peptidomimetics	Depsipeptides	Depsipeptides	Polyesters	Linear polyketides	Polyketides
1345762884801241829	1292	0.409	272.176	229.13	501.306	JPGYRFJJNVYGPI	[3-hydroxy-1-oxo-1-(2,3,4,5,6-pentahydroxyhexoxy)decan-5-yl] 3,5-dihydroxydecanoate [IIN-based on: CCMSLIB00000847525]	CCCCCC(O)CC(O)CC(=O)OC(CCCCC)CC(O)CC(=O)OCC(O)C(O)C(O)C(O)CO	Organic compounds	Lipids and lipid-like molecules	Fatty Acyls	Fatty alcohols	Fatty alcohols			Fatty acids; Polyketides
1345762884801241829	1293	0.409	566.307	229.13	795.437	VLOGACFISZMMCN	[3-methyl-1-[3-methyl-1-[3-methyl-1-[3-methyl-1-oxo-1-(2,3,4,5,6-pentahydroxyhexoxy)pentan-2-yl]oxy-1-oxopentan-2-yl]oxy-1-oxopentan-2-yl]oxy-1-oxopentan-2-yl] 2-acetyloxy-3-methylpentanoate [IIN-based: Match]	CCC(C)C(OC(C)=O)C(=O)OC(C(C)CC)C(=O)OC(C(C)CC)C(=O)OC(C(C)CC)C(=O)OC(C(C)CC)C(=O)OCC(O)C(O)C(O)C(O)CO	Organic compounds	Organic acids and derivatives	Carboxylic acids and derivatives	Hexacarboxylic acids and derivatives	Hexacarboxylic acids and derivatives	Polyesters	Linear polyketides	Polyketides
1345762884801241829	1294	0.409	583.334	229.13	812.464	VLOGACFISZMMCN	[3-methyl-1-[3-methyl-1-[3-methyl-1-[3-methyl-1-oxo-1-(2,3,4,5,6-pentahydroxyhexoxy)pentan-2-yl]oxy-1-oxopentan-2-yl]oxy-1-oxopentan-2-yl]oxy-1-oxopentan-2-yl] 2-acetyloxy-3-methylpentanoate [IIN-based: Match]	CCC(C)C(OC(C)=O)C(=O)OC(C(C)CC)C(=O)OC(C(C)CC)C(=O)OC(C(C)CC)C(=O)OC(C(C)CC)C(=O)OCC(O)C(O)C(O)C(O)CO	Organic compounds	Organic acids and derivatives	Carboxylic acids and derivatives	Hexacarboxylic acids and derivatives	Hexacarboxylic acids and derivatives	Polyesters	Linear polyketides	Polyketides
1345762884801241829	1295	0.409	212.095	229.13	441.225	HMJJWFFZRCLIDN	CAPERATIC ACID	CCCCCCCCCCCCCCC(C(=O)O)C(O)(CC(=O)OC)C(=O)O	Organic compounds	Organic acids and derivatives	Carboxylic acids and derivatives	Tricarboxylic acids and derivatives	Tricarboxylic acids and derivatives	Dicarboxylic acids; Hydroxy fatty acids	Fatty Acids and Conjugates	Fatty acids
1345762884801241829	1296	0.409	222.095	229.13	451.225	INRCFVYVWPWZJS	5-[(Z)-14-(3,5-dihydroxyphenyl)tetradec-8-enyl]benzene-1,3-diol	Oc1cc(O)cc(CCCCC/C=C\CCCCCCCc2cc(O)cc(O)c2)c1	Organic compounds	Benzenoids	Phenols	Benzenediols	Resorcinols	Catechols with side chains	Aromatic polyketides	Polyketides
1345762884801241829	1297	0.3459	66.1	229.13	295.23	UGAGPNKCDRTDHP	16-hydroxyhexadecanoic acid	O=C(O)CCCCCCCCCCCCCCCO	Organic compounds	Lipids and lipid-like molecules	Fatty Acyls	Fatty acids and conjugates	Long-chain fatty acids	Hydroxy fatty acids	Fatty Acids and Conjugates	Fatty acids
1345762884801241829	1298	0.6237	0.0	229.13	229.13	KGQMQNPFMOBJCY	MGH1_methylglyoxal-derived hydroimidazolone 1	CC1N=C(NCCC[C@H](N)C(=O)O)NC1=O	Organic compounds	Organic acids and derivatives	Carboxylic acids and derivatives	Amino acids, peptides, and analogues	Arginine and derivatives	Aminoacids	Small peptides	Amino acids and Peptides
1345762884801241829	1299	0.409	548.297	229.13	777.427	VLOGACFISZMMCN	[3-methyl-1-[3-methyl-1-[3-methyl-1-[3-methyl-1-oxo-1-(2,3,4,5,6-pentahydroxyhexoxy)pentan-2-yl]oxy-1-oxopentan-2-yl]oxy-1-oxopentan-2-yl]oxy-1-oxopentan-2-yl] 2-acetyloxy-3-methylpentanoate [IIN-based on: CCMSLIB00000846567]	CCC(C)C(OC(C)=O)C(=O)OC(C(C)CC)C(=O)OC(C(C)CC)C(=O)OC(C(C)CC)C(=O)OC(C(C)CC)C(=O)OCC(O)C(O)C(O)C(O)CO	Organic compounds	Organic acids and derivatives	Carboxylic acids and derivatives	Hexacarboxylic acids and derivatives	Hexacarboxylic acids and derivatives	Polyesters	Linear polyketides	Polyketides
1345762884801241829	1300	0.409	364.162	229.13	593.292	JPGYRFJJNVYGPI	[3-hydroxy-1-oxo-1-(2,3,4,5,6-pentahydroxyhexoxy)decan-5-yl] 3,5-dihydroxydecanoate [IIN-based on: CCMSLIB00000847525]	CCCCCC(O)CC(O)CC(=O)OC(CCCCC)CC(O)CC(=O)OCC(O)C(O)C(O)C(O)CO	Organic compounds	Lipids and lipid-like molecules	Fatty Acyls	Fatty alcohols	Fatty alcohols			Fatty acids; Polyketides
1345762884801241829	1301	0.409	212.095	229.13	441.225	HMJJWFFZRCLIDN	CAPERATIC ACID	CCCCCCCCCCCCCCC(C(=O)O)C(O)(CC(=O)OC)C(=O)O	Organic compounds	Organic acids and derivatives	Carboxylic acids and derivatives	Tricarboxylic acids and derivatives	Tricarboxylic acids and derivatives	Dicarboxylic acids; Hydroxy fatty acids	Fatty Acids and Conjugates	Fatty acids
1345762884801241829	1302	0.409	266.041	229.13	495.171	BXZVVICBKDXVGW	Didanosine	C1C[C@@H](O[C@@H]1CO)N2C=NC3=C2N=CNC3=O	Organic compounds	Nucleosides, nucleotides, and analogues	Purine nucleosides	Purine 2',3'-dideoxyribonucleosides	Purine 2',3'-dideoxyribonucleosides	Purine nucleos(t)ides	Nucleosides	Carbohydrates
1345762884801241829	1303	0.409	364.162	229.13	593.292	JPGYRFJJNVYGPI	[3-hydroxy-1-oxo-1-(2,3,4,5,6-pentahydroxyhexoxy)decan-5-yl] 3,5-dihydroxydecanoate [IIN-based on: CCMSLIB00000847525]	CCCCCC(O)CC(O)CC(=O)OC(CCCCC)CC(O)CC(=O)OCC(O)C(O)C(O)C(O)CO	Organic compounds	Lipids and lipid-like molecules	Fatty Acyls	Fatty alcohols	Fatty alcohols			Fatty acids; Polyketides
1345762884801241829	1304	0.409	241.87	229.13	471.0	MPDGHEJMBKOTSU	Uralenic Acid	C[C@]12CC[C@](C[C@H]1C3=CC(=O)[C@@H]4[C@]5(CC[C@@H](C([C@@H]5CC[C@]4([C@@]3(CC2)C)C)(C)C)O)C)(C)C(=O)O	Organic compounds	Lipids and lipid-like molecules	Prenol lipids	Triterpenoids	Triterpenoids	Oleanane triterpenoids	Triterpenoids	Terpenoids
1345762884801241829	1305	0.3459	82.053	229.13	311.183	KOLGVIJQEZBWIQ	2-decyl-3-hydroxypentanedioic acid	CCCCCCCCCCC(C(=O)O)C(O)CC(=O)O	Organic compounds	Lipids and lipid-like molecules	Fatty Acyls	Fatty acids and conjugates	Long-chain fatty acids	Dicarboxylic acids; Hydroxy fatty acids	Fatty Acids and Conjugates	Fatty acids
1345762884801241829	1306	0.409	222.095	229.13	451.225	INRCFVYVWPWZJS	5-[(Z)-14-(3,5-dihydroxyphenyl)tetradec-8-enyl]benzene-1,3-diol	Oc1cc(O)cc(CCCCC/C=C\CCCCCCCc2cc(O)cc(O)c2)c1	Organic compounds	Benzenoids	Phenols	Benzenediols	Resorcinols	Catechols with side chains	Aromatic polyketides	Polyketides
1345762884801241829	1307	0.409	224.095	229.13	453.225	WGVQPPKZKAJDGR	2-[5-[2-[2-[5-(2-hydroxybutyl)oxolan-2-yl]propanoyloxy]butyl]oxolan-2-yl]propanoic acid	CCC(O)CC1CCC(C(C)C(=O)OC(CC)CC2CCC(C(C)C(=O)O)O2)O1	Organic compounds	Organic acids and derivatives	Carboxylic acids and derivatives	Dicarboxylic acids and derivatives	Dicarboxylic acids and derivatives	Macrotetrolides	Polyethers	Polyketides
1345762884801241829	1308	0.409	541.324	229.13	770.454	CPKXIKIVLSMABL	[3-methyl-1-[3-methyl-1-[3-methyl-1-[3-methyl-1-oxo-1-(2,3,4,5,6-pentahydroxyhexoxy)pentan-2-yl]oxy-1-oxopentan-2-yl]oxy-1-oxopentan-2-yl]oxy-1-oxopentan-2-yl] 2-hydroxy-3-methylpentanoate [IIN-based on: CCMSLIB00000848597]	CCC(C)C(O)C(=O)OC(C(C)CC)C(=O)OC(C(C)CC)C(=O)OC(C(C)CC)C(=O)OC(C(C)CC)C(=O)OCC(O)C(O)C(O)C(O)CO	Organic compounds	Organic acids and derivatives	Peptidomimetics	Depsipeptides	Depsipeptides	Polyesters	Linear polyketides	Polyketides
1345762884801241829	1309	0.409	212.095	229.13	441.225	HMJJWFFZRCLIDN	CAPERATIC ACID	CCCCCCCCCCCCCCC(C(=O)O)C(O)(CC(=O)OC)C(=O)O	Organic compounds	Organic acids and derivatives	Carboxylic acids and derivatives	Tricarboxylic acids and derivatives	Tricarboxylic acids and derivatives	Dicarboxylic acids; Hydroxy fatty acids	Fatty Acids and Conjugates	Fatty acids
1345762884801241829	1310	0.409	364.162	229.13	593.292	JPGYRFJJNVYGPI	[3-hydroxy-1-oxo-1-(2,3,4,5,6-pentahydroxyhexoxy)decan-5-yl] 3,5-dihydroxydecanoate [IIN-based on: CCMSLIB00000847525]	CCCCCC(O)CC(O)CC(=O)OC(CCCCC)CC(O)CC(=O)OCC(O)C(O)C(O)C(O)CO	Organic compounds	Lipids and lipid-like molecules	Fatty Acyls	Fatty alcohols	Fatty alcohols			Fatty acids; Polyketides
1345762884801241829	1311	0.6237	0.0	229.13	229.13	KGQMQNPFMOBJCY	MGH2_methylglyoxal-derived hydroimidazolone 2	CC1N=C(NCCC[C@H](N)C(=O)O)NC1=O	Organic compounds	Organic acids and derivatives	Carboxylic acids and derivatives	Amino acids, peptides, and analogues	Arginine and derivatives	Aminoacids	Small peptides	Amino acids and Peptides
1345762884801241829	1312	0.3459	174.103	229.13	403.233	QZCLKYGREBVARF	tributyl 2-acetyloxypropane-1,2,3-tricarboxylate	CCCCOC(=O)CC(CC(=O)OCCCC)(OC(C)=O)C(=O)OCCCC	Organic compounds	Organic acids and derivatives	Carboxylic acids and derivatives	Tetracarboxylic acids and derivatives	Tetracarboxylic acids and derivatives	Wax monoesters	Fatty esters	Fatty acids
1345762884801241829	1313	0.409	303.308	229.13	532.438	GHKOFFNLGXMVNJ	Didodecyl 3,3'-thiodipropionate [IIN-based on: CCMSLIB00003378404]	CCCCCCCCCCCCOC(=O)CCSCCC(=O)OCCCCCCCCCCCC	Organic compounds	Organic acids and derivatives	Carboxylic acids and derivatives	Dicarboxylic acids and derivatives	Dicarboxylic acids and derivatives	Wax monoesters	Fatty esters	Fatty acids
1345762884801241829	1314	0.409	206.165	229.13	435.295	SCABKEBYDRTODC	bis[2-(2-butoxyethoxy)ethyl] hexanedioate	CCCCOCCOCCOC(=O)CCCCC(=O)OCCOCCOCCCC	Organic compounds	Lipids and lipid-like molecules	Fatty Acyls	Fatty acid esters	Fatty acid esters	Triacylglycerols	Glycerolipids	Fatty acids
1345762884801241829	1315	0.409	561.438	229.13	790.568	MZWQZYDNVSKPPF	Isorangiformic acid	O=C(O)C[C@@H]([C@H](CCCCCCCCCCCCCC)C(=O)O)C(=O)OC	Organic compounds	Organic acids and derivatives	Carboxylic acids and derivatives	Tricarboxylic acids and derivatives	Tricarboxylic acids and derivatives	Dicarboxylic acids	Fatty Acids and Conjugates	Fatty acids
1345762884801241829	1316	0.409	364.162	229.13	593.292	JPGYRFJJNVYGPI	[3-hydroxy-1-oxo-1-(2,3,4,5,6-pentahydroxyhexoxy)decan-5-yl] 3,5-dihydroxydecanoate [IIN-based on: CCMSLIB00000847525]	CCCCCC(O)CC(O)CC(=O)OC(CCCCC)CC(O)CC(=O)OCC(O)C(O)C(O)C(O)CO	Organic compounds	Lipids and lipid-like molecules	Fatty Acyls	Fatty alcohols	Fatty alcohols			Fatty acids; Polyketides
1345762884801241829	1317	0.409	506.285	229.13	735.415	CPKXIKIVLSMABL	[3-methyl-1-[3-methyl-1-[3-methyl-1-[3-methyl-1-oxo-1-(2,3,4,5,6-pentahydroxyhexoxy)pentan-2-yl]oxy-1-oxopentan-2-yl]oxy-1-oxopentan-2-yl]oxy-1-oxopentan-2-yl] 2-hydroxy-3-methylpentanoate	CCC(C)C(O)C(=O)OC(C(C)CC)C(=O)OC(C(C)CC)C(=O)OC(C(C)CC)C(=O)OC(C(C)CC)C(=O)OCC(O)C(O)C(O)C(O)CO	Organic compounds	Organic acids and derivatives	Peptidomimetics	Depsipeptides	Depsipeptides	Polyesters	Linear polyketides	Polyketides
1345762884801241829	1318	0.409	307.286	229.13	536.416	FZSYYVOKNJZJTF	2-(21-amino-3,20-dihydroxydocosan-2-yl)oxy-6-(hydroxymethyl)oxane-3,4,5-triol	CC(N)C(O)CCCCCCCCCCCCCCCCC(O)C(C)OC1OC(CO)C(O)C(O)C1O	Organic compounds	Lipids and lipid-like molecules	Fatty Acyls	Fatty acyl glycosides	Fatty acyl glycosides of mono- and disaccharides	Sphingoid bases	Sphingolipids	Fatty acids
1345762884801241829	1319	0.409	561.438	229.13	790.568	MZWQZYDNVSKPPF	Isorangiformic acid	O=C(O)C[C@@H]([C@H](CCCCCCCCCCCCCC)C(=O)O)C(=O)OC	Organic compounds	Organic acids and derivatives	Carboxylic acids and derivatives	Tricarboxylic acids and derivatives	Tricarboxylic acids and derivatives	Dicarboxylic acids	Fatty Acids and Conjugates	Fatty acids
1345762884801241829	1320	0.409	427.255	229.13	656.385	XHFZCGJKWBSHAG	[3-methyl-1-[3-methyl-1-[3-methyl-1-oxo-1-(2,3,4,5,6-pentahydroxyhexoxy)pentan-2-yl]oxy-1-oxopentan-2-yl]oxy-1-oxopentan-2-yl] 2-hydroxy-3-methylpentanoate [IIN-based on: CCMSLIB00000845116]	CCC(C)C(O)C(=O)OC(C(C)CC)C(=O)OC(C(C)CC)C(=O)OC(C(C)CC)C(=O)OCC(O)C(O)C(O)C(O)CO	Organic compounds	Organic acids and derivatives	Peptidomimetics	Depsipeptides	Depsipeptides	Polyesters	Linear polyketides	Polyketides
1345762884801241829	1321	0.3121	135.993	229.13	365.123	HMCMTJPPXSGYJY	3_24_dihydroxyphenyl_propionic_acid	C1=CC(=C(C=C1O)O)CCC(=O)O	Organic compounds	Phenylpropanoids and polyketides	Phenylpropanoic acids		Phenylpropanoic acids			Shikimates and Phenylpropanoids
1345762884801241829	1322	0.6246	0.0	229.13	229.13	KGQMQNPFMOBJCY	MGH1_methylglyoxal-derived hydroimidazolone 1	CC1N=C(NCCC[C@H](N)C(=O)O)NC1=O	Organic compounds	Organic acids and derivatives	Carboxylic acids and derivatives	Amino acids, peptides, and analogues	Arginine and derivatives	Aminoacids	Small peptides	Amino acids and Peptides
1345762884801241829	1323	0.409	322.133	229.13	551.263	MIRSLSRVCIOISZ	(3aR,6R,7aR)-6-methyl-3-methylidene-6-(4-oxopentyl)-3a,4,7,7a-tetrahydro-1-benzofuran-2,5-dione [IIN-based on: CCMSLIB00000847575]	CC(=O)CCC[C@]1(C)C[C@H]2OC(=O)C(=C)[C@H]2CC1=O	Organic compounds	Organoheterocyclic compounds	Benzofurans		Benzofurans	Eudesmane sesquiterpenoids	Sesquiterpenoids	Terpenoids
1345762884801241829	1324	0.409	322.133	229.13	551.263	MIRSLSRVCIOISZ	(3aR,6R,7aR)-6-methyl-3-methylidene-6-(4-oxopentyl)-3a,4,7,7a-tetrahydro-1-benzofuran-2,5-dione [IIN-based on: CCMSLIB00000847575]	CC(=O)CCC[C@]1(C)C[C@H]2OC(=O)C(=C)[C@H]2CC1=O	Organic compounds	Organoheterocyclic compounds	Benzofurans		Benzofurans	Eudesmane sesquiterpenoids	Sesquiterpenoids	Terpenoids
1345762884801241829	1325	0.409	364.162	229.13	593.292	JPGYRFJJNVYGPI	[3-hydroxy-1-oxo-1-(2,3,4,5,6-pentahydroxyhexoxy)decan-5-yl] 3,5-dihydroxydecanoate [IIN-based on: CCMSLIB00000847525]	CCCCCC(O)CC(O)CC(=O)OC(CCCCC)CC(O)CC(=O)OCC(O)C(O)C(O)C(O)CO	Organic compounds	Lipids and lipid-like molecules	Fatty Acyls	Fatty alcohols	Fatty alcohols			Fatty acids; Polyketides
1345762884801241829	1326	0.409	427.255	229.13	656.385	XHFZCGJKWBSHAG	[3-methyl-1-[3-methyl-1-[3-methyl-1-oxo-1-(2,3,4,5,6-pentahydroxyhexoxy)pentan-2-yl]oxy-1-oxopentan-2-yl]oxy-1-oxopentan-2-yl] 2-hydroxy-3-methylpentanoate	CCC(C)C(O)C(=O)OC(C(C)CC)C(=O)OC(C(C)CC)C(=O)OC(C(C)CC)C(=O)OCC(O)C(O)C(O)C(O)CO	Organic compounds	Organic acids and derivatives	Peptidomimetics	Depsipeptides	Depsipeptides	Polyesters	Linear polyketides	Polyketides
1345762884801241829	1327	0.409	212.095	229.13	441.225	HMJJWFFZRCLIDN	CAPERATIC ACID	CCCCCCCCCCCCCCC(C(=O)O)C(O)(CC(=O)OC)C(=O)O	Organic compounds	Organic acids and derivatives	Carboxylic acids and derivatives	Tricarboxylic acids and derivatives	Tricarboxylic acids and derivatives	Dicarboxylic acids; Hydroxy fatty acids	Fatty Acids and Conjugates	Fatty acids
1345762884801241829	1328	0.409	548.297	229.13	777.427	VLOGACFISZMMCN	[3-methyl-1-[3-methyl-1-[3-methyl-1-[3-methyl-1-oxo-1-(2,3,4,5,6-pentahydroxyhexoxy)pentan-2-yl]oxy-1-oxopentan-2-yl]oxy-1-oxopentan-2-yl]oxy-1-oxopentan-2-yl] 2-acetyloxy-3-methylpentanoate [IIN-based on: CCMSLIB00000846567]	CCC(C)C(OC(C)=O)C(=O)OC(C(C)CC)C(=O)OC(C(C)CC)C(=O)OC(C(C)CC)C(=O)OC(C(C)CC)C(=O)OCC(O)C(O)C(O)C(O)CO	Organic compounds	Organic acids and derivatives	Carboxylic acids and derivatives	Hexacarboxylic acids and derivatives	Hexacarboxylic acids and derivatives	Polyesters	Linear polyketides	Polyketides
1345762884801241829	1329	0.6232	0.0	229.13	229.13	KTVPXOYAKDPRHY	D-Ribofuranose 5-phosphate disodium salt	C(C1C(C(C(O1)O)O)O)OP(=O)(O)O	Organic compounds	Organic oxygen compounds	Organooxygen compounds	Carbohydrates and carbohydrate conjugates	Pentose phosphates	Monosaccharides	Saccharides	Carbohydrates
15873983560935821978	1330	0.409	92.8456	472.3044	565.15	MMDUKUSNQNWVET	Schaftoside	O=C1C=C(OC2=C1C(O)=C(C(O)=C2C3OCC(O)C(O)C3O)C4OC(CO)C(O)C(O)C4O)C=5C=CC(O)=CC5	Organic compounds	Phenylpropanoids and polyketides	Flavonoids	Flavonoid glycosides	Flavonoid 8-C-glycosides	Flavones	Flavonoids	Shikimates and Phenylpropanoids
15873983560935821978	1331	0.409	17.2144	472.3044	455.09	KIZBWUUJNJEYCM	Aloe-emodin-8-O-beta-D-glucopyranoside	O=C1C=2C=CC=C(OC3OC(CO)C(O)C(O)C3O)C2C(=O)C4=C(O)C=C(C=C14)CO	Organic compounds	Benzenoids	Anthracenes	Anthraquinones	Anthraquinones	Anthraquinones and anthrones	Polycyclic aromatic polyketides	Polyketides
15873983560935821978	1332	0.4887	270.8546	472.3044	743.159	XUWTZJRCCPNNJR	5,7-dihydroxy-2-(4-hydroxy-3-methoxyphenyl)-3,6-dimethoxychromen-4-one [IIN-based on: CCMSLIB00000848426]	COC1=C(O)C=CC(=C1)C2=C(OC)C(=O)C3=C(O2)C=C(O)C(OC)=C3O	Organic compounds	Phenylpropanoids and polyketides	Flavonoids	O-methylated flavonoids	6-O-methylated flavonoids	Flavonols	Flavonoids	Shikimates and Phenylpropanoids
15873983560935821978	1333	0.5317	227.1234	472.3044	245.181	JWBXCSQZLLIOCI	Ile-Leu	CC[C@H](C)[C@@H](C(=O)N[C@@H](CC(C)C)C(=O)O)N	Organic compounds	Organic acids and derivatives	Carboxylic acids and derivatives	Amino acids, peptides, and analogues	Dipeptides	Dipeptides	Small peptides	Amino acids and Peptides
15873983560935821978	1335	0.5832	83.1844	472.3044	389.12	RIGYMJVFEJNCKD	Artemitin	O=C1C(OC)=C(OC=2C=C(OC)C(OC)=C(O)C12)C=3C=CC(OC)=C(OC)C3	Organic compounds	Phenylpropanoids and polyketides	Flavonoids	O-methylated flavonoids	7-O-methylated flavonoids	Flavonols	Flavonoids	Shikimates and Phenylpropanoids
15873983560935821978	1340	0.5554	227.1174	472.3044	245.187	BCVIOZZGJNOEQS	Isoleucylleucine	O=C(O)C(NC(=O)C(N)C(C)CC)C(C)CC	Organic compounds	Organic acids and derivatives	Carboxylic acids and derivatives	Amino acids, peptides, and analogues	Dipeptides	Dipeptides	Small peptides	Amino acids and Peptides
15873983560935821978	1341	0.5554	227.1184	472.3044	245.186	JWBXCSQZLLIOCI	Ile-Leu	CC[C@H](C)[C@@H](C(=O)N[C@@H](CC(C)C)C(=O)O)N	Organic compounds	Organic acids and derivatives	Carboxylic acids and derivatives	Amino acids, peptides, and analogues	Dipeptides	Dipeptides	Small peptides	Amino acids and Peptides
15873983560935821978	1342	0.4887	276.7696	472.3044	749.074	ZRZWBWPDBOVIGQ	(1S,11R,14R)-14-(hydroxymethyl)-3-(3-{[(1R,4R)-4-(hydroxymethyl)-5,7-dimethyl-6,8-dioxo-2,3-dithia-5,7-diazabicyclo[2.2.2]octan-1-yl]methyl}-1H-indol-1-yl)-18-methyl-15,16-dithia-10,12,18-triazapentacyclo[12.2.2.0,.0,.0?,?]octadeca-4(9),5,7-triene-13,17-dione	CN1C(=O)[C@@]23CC4(n5cc(C[C@]67SS[C@](CO)(C(=O)N6C)N(C)C7=O)c6ccccc65)c5ccccc5N[C@@H]4N2C(=O)[C@@]1(CO)SS3	Organic compounds	Organoheterocyclic compounds	Indoles and derivatives	Pyrroloindoles	Pyrroloindoles	Indole diketopiperazine alkaloids (L-Trp, L-Ala); Thiodiketopiperazine alkaloids	Peptide alkaloids	Alkaloids; Amino acids and Peptides
15873983560935821978	1344	0.5554	227.1174	472.3044	245.187	BCVIOZZGJNOEQS	Isoleucylleucine	O=C(O)C(NC(=O)C(N)C(C)CC)C(C)CC	Organic compounds	Organic acids and derivatives	Carboxylic acids and derivatives	Amino acids, peptides, and analogues	Dipeptides	Dipeptides	Small peptides	Amino acids and Peptides
15873983560935821978	1345	0.7477	50.4656	472.3044	522.77	WQXYZFYVRBCEOE	Amaranthipeptide B	O=C1CC[C@@H](C(N[C@H](C(N[C@@H](CC(C)C)C(N[C@@H](C(C)C)C(N[C@@](C(N[C@H](C(N[C@@H](CC(N)=O)C(N[C@@H](CC2=CN3C=N2)C(O)=O)=O)=O)CCCNC(N)=N)=O)([H])CC4=C3NC5=C4C=CC6=C5)=O)=O)=O)[C@@H]6C(C)C)=O)N1	Organic compounds	Organic acids and derivatives	Carboxylic acids and derivatives	Amino acids, peptides, and analogues	Oligopeptides	Cyclic peptides	Oligopeptides	Amino acids and Peptides
8166303646663265579	1355	0.409	112.8491	494.2929	607.142	PAEOIXITAYMQRF	5-methoxy-3-methyl-4-[(2S,3R,4S,5S,6R)-3,4,5-trihydroxy-6-[[(2R,3R,4S,5S,6R)-3,4,5-trihydroxy-6-(hydroxymethyl)oxan-2-yl]oxymethyl]oxan-2-yl]oxy-3H-benzo[f][2]benzofuran-1-one	COc1cccc2cc3c(c(O[C@@H]4O[C@H](CO[C@@H]5O[C@H](CO)[C@@H](O)[C@H](O)[C@H]5O)[C@@H](O)[C@H](O)[C@H]4O)c12)C(C)OC3=O	Organic compounds	Organic oxygen compounds	Organooxygen compounds	Carbohydrates and carbohydrate conjugates	Phenolic glycosides	Naphthalenes and derivatives	Naphthalenes	Polyketides
8166303646663265579	1356	0.4887	214.9381	494.2929	709.231	STKUCSFEBXPTAY	methyl (4S,5Z,6S)-5-ethylidene-4-[2-oxo-2-[[(2R,3S,4S,5R,6R)-3,4,5-trihydroxy-6-[2-(4-hydroxyphenyl)ethoxy]oxan-2-yl]methoxy]ethyl]-6-[(2S,3R,4S,5S,6R)-3,4,5-trihydroxy-6-(hydroxymethyl)oxan-2-yl]oxy-4H-pyran-3-carboxylate	C/C=C1\[C@H](O[C@@H]2O[C@H](CO)[C@@H](O)[C@H](O)[C@H]2O)OC=C(C(=O)OC)[C@H]1CC(=O)OC[C@H]1O[C@@H](OCCc2ccc(O)cc2)[C@H](O)[C@@H](O)[C@@H]1O	Organic compounds	Lipids and lipid-like molecules	Saccharolipids		Saccharolipids	Secoiridoid monoterpenoids	Monoterpenoids	Terpenoids
8166303646663265579	1357	0.5529	12.7971	494.2929	507.09	FWDOTPMBXZPVHK	2-(2-(2-(3,4-dihydroxyphenyl)-3,5-dihydroxy-4,8-dioxo-4,8,9,10-tetrahydropyrano[2,3-f]chromen-10-yl)phenoxy)acetic acid	O=C(O)COC=1C=CC=CC1C2C=3C(OC(=O)C2)=CC(O)=C4C(=O)C(O)=C(OC43)C=5C=CC(O)=C(O)C5	Organic compounds	Phenylpropanoids and polyketides	Flavonoids	Pyranoflavonoids	Pyranoflavonoids	Flavonols; Neoflavonoids	Flavonoids	Shikimates and Phenylpropanoids
8166303646663265579	1359	0.627	407.1171	494.2929	901.41	DINQLGRRIYZCPG	(7S,9E,11S,12R,13S,14S,15S,16R,17S,18S,19E,21Z)-13-(acetyloxy)-15,17-dihydroxy-11-methoxy-26-[(4-methoxyphenyl)amino]-3,7,12,14,16,18,22-heptamethyl-6,23,27,29-tetraoxo-8,30-dioxa-24-azatetracyclo[23.3.1.1^{4,7}.0^{5,28}]triaconta-1,3,5(28),9,19,21,25...	O=C(OC1C(C)C(OC)C=COC2(OC3=C(C2=O)C=4C(=O)C(NC5=CC=C(OC)C=C5)=C(NC(=O)C(=CC=CC(C)C(O)C(C)C(O)C1C)C)C(=O)C4C(OC(=O)C(C)(C)C)=C3C)C)C	Organic compounds	Phenylpropanoids and polyketides	Macrolactams		Macrolactams	Ansa macrolides	Macrolides	Polyketides
8166303646663265579	1360	0.6074	301.0571	494.2929	795.35	IZDYRXBFTDBGQL	(7S,9E,11S,12S,13S,14S,15S,16R,17S,18S,19E,21Z)-26-[(2-ethylphenyl)amino]-2,13,15,17-tetrahydroxy-11-methoxy-3,7,12,14,16,18,22-heptamethyl-8,30-dioxa-24-azatetracyclo[23.3.1.1^{4,7}.0^{5,28}]triaconta-1,3,5(28),9,19,21,25-heptaene-6,23,27,29-tetrone	O=C1NC=2C(=O)C=3C(O)=C(C=4OC(OC=CC(OC)C(C)C(O)C(C)C(O)C(C)C(O)C(C=CC=C1C)C)(C(=O)C4C3C(=O)C2NC=5C=CC=CC5CC)C)C	Organic compounds	Phenylpropanoids and polyketides	Macrolactams		Macrolactams	Ansa macrolides	Macrolides	Polyketides
8166303646663265579	1361	0.5528	122.8571	494.2929	617.15	CQJPSSJEHVNDFL	4'-O-Glucosylvitexin	O=C1C=C(OC=2C1=C(O)C=C(O)C2C3OC(CO)C(O)C(O)C3O)C=4C=CC(OC5OC(CO)C(O)C(O)C5O)=CC4	Organic compounds	Phenylpropanoids and polyketides	Flavonoids	Flavonoid glycosides	Flavonoid O-glycosides	Flavones	Flavonoids	Shikimates and Phenylpropanoids
8166303646663265579	1368	0.409	262.9251	494.2929	757.218	MSUVUDCULKNUJL	Cyanidin 3-(2G-glucosylrutinoside) M	CC1OC(OCC2OC(OC3=C([O+]=C4C=C(O)C=C(O)C4=C3)C3=CC(O)=C(O)C=C3)C(OC3OC(CO)C(O)C(O)C3O)C(O)C2O)C(O)C(O)C1O	Organic compounds	Phenylpropanoids and polyketides	Flavonoids	Flavonoid glycosides	Anthocyanidin-3-O-glycosides			
8166303646663265579	1376	0.7275	87.2371	494.2929	581.53	ZPPQIOUITZSYAO	3,5,7,3',4'-pentahydroxyflavylium-3-O-beta-D-xylopyra	C1C(C(C(C(O1)OC2C(C(C(OC2OC3=C([O+]=C4C=C(C=C(C4=C3)O)O)C5=CC(=C(C=C5)O)O)CO)O)O)O)O)O	Organic compounds	Phenylpropanoids and polyketides	Flavonoids	Flavonoid glycosides	Anthocyanidin-3-O-glycosides			
8166303646663265579	1377	0.5529	131.9571	494.2929	626.25	PQOCSSYRLUIAGG	(S)-4-((7-acetamido-1,2,3-trimethoxy-9-oxo-5,6,7,9-tetrahydrobenzo[a]heptalen-10-yl)amino)-N-(benzo[d][1,3]dioxol-5-ylmethyl)butanamide	O=C1C=C2C(=CC=C1NCCCC(=O)NCC3=CC=C4OCOC4=C3)C5=C(OC)C(OC)=C(OC)C=C5CCC2NC(=O)C	Organic compounds	Organic acids and derivatives	Carboxylic acids and derivatives	Amino acids, peptides, and analogues	Gamma amino acids and derivatives	Phenethylisoquinoline alkaloids	Tyrosine alkaloids	Alkaloids
8166303646663265579	1379	0.4994	252.9171	494.2929	747.21	NULBHTHMVOCGOE	ligustroflavone	O=C1C=C(OC2=CC(OC3OC(COC4OC(C)C(O)C(O)C4O)C(O)C(O)C3OC5OC(C)C(O)C(O)C5O)=CC(O)=C12)C=6C=CC(O)=CC6	Organic compounds	Phenylpropanoids and polyketides	Flavonoids	Flavonoid glycosides	Flavonoid-7-O-glycosides	Flavones	Flavonoids	Shikimates and Phenylpropanoids
8166303646663265579	1380	0.409	61.1769	494.2929	433.116	KCGJPQIGKYTZQW	2-phenoxyethyl 6-(3-chloro-4-hydroxy-5-methoxyphenyl)-4-methyl-2-oxo-1,3,6-tri hydropyrimidine-5-carboxylate	COc1cc(C2NC(O)=NC(C)=C2C(=O)OCCOc2ccccc2)cc(Cl)c1O	Organic compounds	Benzenoids	Phenols	Methoxyphenols	Methoxyphenols			
8166303646663265579	1381	0.6096	168.9371	494.2929	663.23	OGYXOOJUJQIDOX	Epimedoside A	O=C1C(OC2OC(C)C(O)C(O)C2O)=C(OC=3C1=C(O)C=C(OC4OC(CO)C(O)C(O)C4O)C3CC=C(C)C)C=5C=CC(O)=CC5	Organic compounds	Phenylpropanoids and polyketides	Flavonoids	Flavonoid glycosides	Flavonoid-7-O-glycosides	Flavonols	Flavonoids	Shikimates and Phenylpropanoids
8166303646663265579	1384	0.6074	314.9171	494.2929	809.21	FJQKXKNZQQBTDD	Isorhamnetin 3-sophoroside-7-rhamnoside	O=C1C(OC2OC(CO)C(O)C(O)C2OC3OC(CO)C(O)C(O)C3O)=C(OC4=CC(OC5OC(C)C(O)C(O)C5O)=CC(O)=C14)C=6C=CC(O)=C(OC)C6	Organic compounds	Phenylpropanoids and polyketides	Flavonoids	Flavonoid glycosides	Flavonoid-7-O-glycosides	Flavonols	Flavonoids	Shikimates and Phenylpropanoids
8166303646663265579	1385	0.5719	403.0471	494.2929	897.34	WWZDOUGJVPBIAE	(7S,9E,11S,12S,13S,14S,15S,16R,17S,18S,19E,21Z)-13,15,17-trihydroxy-11-methoxy-3,7,12,14,16,18,22-heptamethyl-26-[(4-methylphenyl)amino]-6,23,27,29-tetraoxo-8,30-dioxa-24-azatetracyclo[23.3.1.1^{4,7}.0^{5,28}]triaconta-1,3,5(28),9,19,21,25-heptaen-2-y...	O=C(OC=1C=2C(=O)C=3NC(=O)C(=CC=CC(C)C(O)C(C)C(O)C(C)C(O)C(C)C(OC)C=COC4(OC(=C(C4=O)C2C(=O)C3NC5=CC=C(C=C5)C)C1C)C)C)C=6C=CC=CC6Cl	Organic compounds	Phenylpropanoids and polyketides	Macrolactams		Macrolactams	Ansa macrolides	Macrolides	Polyketides
8166303646663265579	1386	0.5279	265.1369	494.2929	229.156	BBIXOODYWPFNDT	Ile-Pro	CC[C@H](C)[C@@H](C(=O)N1CCC[C@H]1C(=O)O)N	Organic compounds	Organic acids and derivatives	Carboxylic acids and derivatives	Amino acids, peptides, and analogues	Dipeptides	Dipeptides	Small peptides	Amino acids and Peptides
8166303646663265579	1387	0.409	230.9371	494.2929	725.23	NULBHTHMVOCGOE	ligustroflavone	O=C1C=C(OC2=CC(OC3OC(COC4OC(C)C(O)C(O)C4O)C(O)C(O)C3OC5OC(C)C(O)C(O)C5O)=CC(O)=C12)C=6C=CC(O)=CC6	Organic compounds	Phenylpropanoids and polyketides	Flavonoids	Flavonoid glycosides	Flavonoid-7-O-glycosides	Flavones	Flavonoids	Shikimates and Phenylpropanoids
8166303646663265579	1392	0.409	124.8271	494.2929	619.12	WQVCDQYJDQXJLY	2-(3,4-dihydroxyphenyl)-5-hydroxy-7-(((2R,3R,4S,5S,6R)-2,3,4,5-tetrahydroxy-6-((((2S,3R,4S,5S)-3,4,5-trihydroxytetrahydro-2H-pyran-2-yl)oxy)methyl)tetrahydro-2H-pyran-2-yl)oxy)-4H-chromen-4-one	O=C1C=C(OC2=CC(OC3(O)OC(COC4OCC(O)C(O)C4O)C(O)C(O)C3O)=CC(O)=C12)C=5C=CC(O)=C(O)C5	Organic compounds	Phenylpropanoids and polyketides	Flavonoids	Flavonoid glycosides	Flavonoid-7-O-glycosides	Flavones	Flavonoids	Shikimates and Phenylpropanoids
8166303646663265579	1393	0.6074	307.0671	494.2929	801.36	AFAZEQKSVKDGFX	(7S,9E,11S,12R,13S,14S,15S,16R,17S,18S,19E,21Z)-2,15,17-trihydroxy-11-methoxy-3,7,12,14,16,18,22-heptamethyl-6,23,27,29-tetraoxo-26-(piperidin-1-yl)-8,30-dioxa-24-azatetracyclo[23.3.1.1^{4,7}.0^{5,28}]triaconta-1,3,5(28),9,19,21,25-heptaen-13-yl aceta...	O=C(OC1C(C)C(OC)C=COC2(OC3=C(C2=O)C=4C(=O)C(=C(NC(=O)C(=CC=CC(C)C(O)C(C)C(O)C1C)C)C(=O)C4C(O)=C3C)N5CCCCC5)C)C	Organic compounds	Phenylpropanoids and polyketides	Macrolactams		Macrolactams	Ansa macrolides	Macrolides	Polyketides
8166303646663265579	1395	0.5528	35.1639	494.2929	459.129	FWZKNPRCZCUJMQ	5-(6-acetyloxy-3,5,7-trimethoxy-4-oxochromen-2-yl)-2-methoxyphenyl acetate	COc1ccc(-c2oc3cc(OC)c(OC(C)=O)c(OC)c3c(=O)c2OC)cc1OC(C)=O	Organic compounds	Phenylpropanoids and polyketides	Flavonoids	O-methylated flavonoids	7-O-methylated flavonoids	Flavonols	Flavonoids	Shikimates and Phenylpropanoids
8166303646663265579	1396	0.409	57.2039	494.2929	437.089	POZPYFSUERHPRA	4,5,6-trimethoxy-7-[(1-phenyl(1,2,3,4-tetraazol-5-ylthio))methyl]-3-hydroisobe nzofuran-1-one	COc1c2c(c(CSc3nnnn3-c3ccccc3)c(OC)c1OC)C(=O)OC2	Organic compounds	Benzenoids	Benzene and substituted derivatives	Benzoic acids and derivatives	Gallic acid and derivatives			Alkaloids
8166303646663265579	1397	0.4887	13.8741	494.2929	508.167	HXKQKEQCNBMZJW	2-[2-(6,7-dimethoxy(2-1,2,3,4-tetrahydroisoquinolyl))-2-oxoethylthio]-4-phenyl -5,6,7-trihydrocyclopenta[1,2-b]pyridine-3-carbonitrile	COc1cc2c(cc1OC)CN(C(=O)CSc1nc3c(c(-c4ccccc4)c1C#N)CCC3)CC2	Organic compounds	Organoheterocyclic compounds	Pyridines and derivatives	Phenylpyridines	Phenylpyridines			
8166303646663265579	1400	0.6069	397.1071	494.2929	891.4	OOKSNNJCBKFTNL	(7S,9E,11S,12R,13S,14S,15S,16R,17S,18S,19E,21Z)-26-(4-benzylpiperidin-1-yl)-2,15,17-trihydroxy-11-methoxy-3,7,12,14,16,18,22-heptamethyl-6,23,27,29-tetraoxo-8,30-dioxa-24-azatetracyclo[23.3.1.1^{4,7}.0^{5,28}]triaconta-1,3,5(28),9,19,21,25-heptaen-13-...	O=C(OC1C(C)C(OC)C=COC2(OC3=C(C2=O)C=4C(=O)C(=C(NC(=O)C(=CC=CC(C)C(O)C(C)C(O)C1C)C)C(=O)C4C(O)=C3C)N5CCC(CC=6C=CC=CC6)CC5)C)C	Organic compounds	Phenylpropanoids and polyketides	Macrolactams		Macrolactams	Ansa macrolides	Macrolides	Polyketides
8166303646663265579	1401	0.5521	241.9471	494.2929	736.24	UORKJWHZGSSNRL	methyl 3-(6-((6,7-dimethoxy-1-(3,4,5-trimethoxyphenyl)-3,4-dihydroisoquinolin-2(1H)-yl)methyl)-3-hydroxy-4-oxo-4H-pyran-2-yl)-3-(4-oxo-4H-chromen-3-yl)propanoate	O=C(OC)CC(C=1OC(=CC(=O)C1O)CN2CCC3=CC(OC)=C(OC)C=C3C2C4=CC(OC)=C(OC)C(OC)=C4)C5=COC=6C=CC=CC6C5=O	Organic compounds	Organoheterocyclic compounds	Tetrahydroisoquinolines	1-phenyltetrahydroisoquinolines	1-phenyltetrahydroisoquinolines			
16322289092804760267	1402	0.3459	122.116	182.075	304.191	ZOEVRBRMARFYMK	(6-methyl-6-azabicyclo[4.4.0]dec-2-yl)methyl 2-hydroxybenzoate, iodide M	C[N+]12CCCCC1C(COC(=O)c1ccccc1O)CCC2	Organic compounds	Alkaloids and derivatives	Lupin alkaloids	Lupinine-type alkaloids	Lupinine-type alkaloids			
16322289092804760267	1403	0.409	322.01	182.075	504.085	NIFKBBMCXCMCAO	2-[(4,6-dimethoxypyrimidin-2-yl)carbamoylsulfamoyl]-4-(methanesulfonamidomethyl)benzoic acid methyl ester	COC1=CC(=NC(=N1)NC(=O)NS(=O)(=O)C2=C(C=CC(=C2)CNS(=O)(=O)C)C(=O)OC)OC	Organic compounds	Organic nitrogen compounds	Organonitrogen compounds	Sulfonylureas	Pyrimidinyl-2-sulfonylureas			Alkaloids
16322289092804760267	1404	0.409	411.185	182.075	593.26	DZKBRKKSFHBYIN	(1R,4R)-bis((1R,2R,4S,5S)-9-methyl-3-oxa-9-azatricyclo[3.3.1.0(2,4)]nonan-7-yl) 1-phenyl-1,2,3,4-tetrahydronaphthalene-1,4-dicarboxylate	O=C(OC1CC2N(C)C(C1)C3OC32)C4C=5C=CC=CC5C(C(=O)OC6CC7N(C)C(C6)C8OC87)(C=9C=CC=CC9)CC4	Organic compounds	Benzenoids	Naphthalenes	Naphthalenecarboxylic acids and derivatives	Naphthalenecarboxylic acids and derivatives	Tropane alkaloids	Ornithine alkaloids	Alkaloids
16322289092804760267	1405	0.409	429.258	182.075	611.333	HGWPFSBHDACWNL	Atropine-N-oxideHCl	C[N+]1([O-])C2CCC1CC(OC(=O)C(CO)c1ccccc1)C2	Organic compounds	Alkaloids and derivatives	Tropane alkaloids		Tropane alkaloids			
16322289092804760267	1406	0.3459	152.07	182.075	334.145	TZZGWONSOUIZGM	3-[(4-fluorophenyl)amino]-1-(3,4,5-trimethoxyphenyl)propan-1-one	COc1cc(C(=O)CCNc2ccc(F)cc2)cc(OC)c1OC	Organic compounds	Organic oxygen compounds	Organooxygen compounds	Carbonyl compounds	Alkyl-phenylketones			Shikimates and Phenylpropanoids
16322289092804760267	1407	0.5491	246.153	182.075	428.228	AABILZKQMVKFHP	[(7S,8R)-7-[(Z)-2-methylbut-2-enoyl]oxy-4-oxido-5,6,7,8-tetrahydro-3H-pyrrolizin-4-ium-1-yl]methyl (2R)-2,3-dihydroxy-2-[(1S)-1-methoxyethyl]-3-methylbutanoate	C/C=C(/C)\C(=O)O[C@H]1CC[N+]2([C@@H]1C(=CC2)COC(=O)[C@@]([C@H](C)OC)(C(C)(C)O)O)[O-]	Organic compounds	Alkaloids and derivatives			Alkaloids and derivatives			
16322289092804760267	1408	0.3377	103.995	182.075	286.07	PTOAARAWEBMLNO	Cladribine	NC1=NC(Cl)=NC2=C1N=CN2[C@H]1C[C@H](O)[C@@H](CO)O1	Organic compounds	Nucleosides, nucleotides, and analogues	Purine nucleosides	Purine 2'-deoxyribonucleosides	Purine 2'-deoxyribonucleosides	Purine nucleos(t)ides	Nucleosides	Carbohydrates
16322289092804760267	1409	0.409	453.258	182.075	635.333	QJBUAXNMSWORKG	bis[(3,5-dimethoxyphenyl)methyl]amine	COc1cc(CNCc2cccc(OC)c2OC)cc(OC)c1	Organic compounds	Benzenoids	Benzene and substituted derivatives	Methoxybenzenes	Dimethoxybenzenes	Phenylethylamines	Tyrosine alkaloids	Alkaloids
16322289092804760267	1410	0.409	372.165	182.075	554.24	HOVSZVKDFBLXOB	5-(6-aminopurin-9-yl)-2-{[bis(4-methoxyphenyl)phenylmethoxy]methyl}oxolan-3-ol	COc1ccc(C(OCC2OC(n3cnc4c(N)ncnc43)CC2O)(c2ccccc2)c2ccc(OC)cc2)cc1	Organic compounds	Benzenoids	Triphenyl compounds		Triphenyl compounds			
16322289092804760267	1411	0.5485	246.153	182.075	428.228	AABILZKQMVKFHP	[(7S,8R)-7-[(Z)-2-methylbut-2-enoyl]oxy-4-oxido-5,6,7,8-tetrahydro-3H-pyrrolizin-4-ium-1-yl]methyl (2R)-2,3-dihydroxy-2-[(1S)-1-methoxyethyl]-3-methylbutanoate	C/C=C(/C)\C(=O)O[C@H]1CC[N+]2([C@@H]1C(=CC2)COC(=O)[C@@]([C@H](C)OC)(C(C)(C)O)O)[O-]	Organic compounds	Alkaloids and derivatives			Alkaloids and derivatives			
16322289092804760267	1412	0.5279	15.006	182.075	197.081	IAJBQAYHSQIQRE	2,4,5-Trimethoxybenzaldehyde	COC1=CC(OC)=C(C=O)C=C1OC	Organic compounds	Benzenoids	Benzene and substituted derivatives	Benzoyl derivatives	Benzoyl derivatives			Shikimates and Phenylpropanoids
16322289092804760267	1413	0.409	342.245	182.075	524.32	XKMLYUALXHKNFT	5'-GTP	C1=NC2=C(N1C3C(C(C(O3)COP(=O)(O)OP(=O)(O)OP(=O)(O)O)O)O)NC(=NC2=O)N	Organic compounds	Nucleosides, nucleotides, and analogues	Purine nucleotides	Purine ribonucleotides	Purine ribonucleoside triphosphates	Purine nucleos(t)ides	Nucleosides	Carbohydrates
16322289092804760267	1414	0.5286	165.996	182.075	348.071	UDMBCSSLTHHNCD	Adenosine 5'-monophosphate	C1=NC(=C2C(=N1)N(C=N2)[C@H]3[C@@H]([C@@H]([C@H](O3)COP(=O)(O)O)O)O)N	Organic compounds	Nucleosides, nucleotides, and analogues	Purine nucleotides	Purine ribonucleotides	Purine ribonucleoside monophosphates	Purine nucleos(t)ides	Nucleosides	Carbohydrates
16322289092804760267	1415	0.5286	116.022	182.075	298.097	WUUGFSXJNOTRMR	5'-METHYLTHIOADENOSINE	CSC[C@@H]1[C@H]([C@H]([C@H](N2C=NC3=C2N=CN=C3N)O1)O)O	Organic compounds	Nucleosides, nucleotides, and analogues	5'-deoxyribonucleosides	5'-deoxy-5'-thionucleosides	5'-deoxy-5'-thionucleosides	Purine nucleos(t)ides	Nucleosides	Carbohydrates
16322289092804760267	1416	0.409	281.925	182.075	464.0	OFBHPPMPBOJXRT	Adenylosuccinic acid	OC(=O)CC(C(O)=O)Nc(n3)c(n2)c(nc3)n(c2)C(O1)C(O)C(O)C(COP(O)(O)=O)1	Organic compounds	Nucleosides, nucleotides, and analogues	Purine nucleotides	Purine ribonucleotides	Purine ribonucleoside monophosphates	Purine nucleos(t)ides	Nucleosides	Carbohydrates
16322289092804760267	1417	0.5286	132.015	182.075	314.09	WXOJULRVRHWMGT	5'-Deoxy-5'-(methylsulfinyl)adenosine	CS(=O)C[C@@H]1[C@H]([C@H]([C@@H](O1)N2C=NC3=C(N=CN=C32)N)O)O	Organic compounds	Nucleosides, nucleotides, and analogues	5'-deoxyribonucleosides		5'-deoxyribonucleosides	Purine nucleos(t)ides	Nucleosides	Carbohydrates
16322289092804760267	1418	0.4887	309.934	182.075	492.009	SUYVUBYJARFZHO	Deoxyadenosine triphosphate	NC1=NC=NC2=C1N=CN2[C@H]1C[C@H](O)[C@@H](COP(O)(=O)OP(O)(=O)OP(O)(O)=O)O1	Organic compounds	Nucleosides, nucleotides, and analogues	Purine nucleotides	Purine deoxyribonucleotides	Purine 2'-deoxyribonucleoside triphosphates	Purine nucleos(t)ides	Nucleosides	Carbohydrates
16322289092804760267	1419	0.409	411.185	182.075	593.26	DZKBRKKSFHBYIN	(1R,4R)-bis((1R,2R,4S,5S)-9-methyl-3-oxa-9-azatricyclo[3.3.1.0(2,4)]nonan-7-yl) 1-phenyl-1,2,3,4-tetrahydronaphthalene-1,4-dicarboxylate	O=C(OC1CC2N(C)C(C1)C3OC32)C4C=5C=CC=CC5C(C(=O)OC6CC7N(C)C(C6)C8OC87)(C=9C=CC=CC9)CC4	Organic compounds	Benzenoids	Naphthalenes	Naphthalenecarboxylic acids and derivatives	Naphthalenecarboxylic acids and derivatives	Tropane alkaloids	Ornithine alkaloids	Alkaloids
16322289092804760267	1420	0.3459	132.121	182.075	314.196	LMFKRLGHEKVMNT	[(7S,8R)-7-hydroxy-5,6,7,8-tetrahydro-3H-pyrrolizin-1-yl]methyl (2S)-2-hydroxy-2-[(1R)-1-methoxyethyl]-3-methylbutanoate	CO[C@H](C)[C@@](O)(C(C)C)C(=O)OCC1=CCN2CC[C@H](O)[C@@H]12	Organic compounds	Alkaloids and derivatives			Alkaloids and derivatives	Pyrrolizidine alkaloids	Ornithine alkaloids	Alkaloids
16322289092804760267	1421	0.5273	186.031	182.075	368.106	CGVFTKMEVLRGLY	3-[(3-chloro-4-fluorophenyl)amino]-1-(3,4,5-trimethoxyphenyl)propan-1-one	COc1cc(C(=O)CCNc2ccc(F)c(Cl)c2)cc(OC)c1OC	Organic compounds	Organic oxygen compounds	Organooxygen compounds	Carbonyl compounds	Alkyl-phenylketones			
16322289092804760267	1422	0.3041	39.977	182.075	142.098	ZQISRDCJNBUVMM	BML01532 Histidinol	C1=C(NC=N1)CC(CO)N	Organic compounds	Organic nitrogen compounds	Organonitrogen compounds	Amines	Aralkylamines	Aminoacids	Small peptides	Alkaloids; Amino acids and Peptides; Shikimates and Phenylpropanoids
16322289092804760267	1423	0.5541	10.993	182.075	193.068	ZJUKTBDSGOFHSH	S-(5'-Adenosyl)-L-homocysteine	C1=NC(=C2C(=N1)N(C=N2)[C@H]3[C@@H]([C@@H]([C@H](O3)CSCC[C@@H](C(=O)O)N)O)O)N	Organic compounds	Nucleosides, nucleotides, and analogues	5'-deoxyribonucleosides	5'-deoxy-5'-thionucleosides	5'-deoxy-5'-thionucleosides	Purine nucleos(t)ides	Nucleosides	Carbohydrates
16322289092804760267	1424	0.2939	172.225	182.075	354.3	DIOYAVUHUXAUPX	2-[methyl-[(Z)-octadec-9-enoyl]amino]acetic acid	CCCCCCCC\C=C/CCCCCCCC(=O)N(C)CC(O)=O	Organic compounds	Organic acids and derivatives	Carboxylic acids and derivatives	Amino acids, peptides, and analogues	N-acyl-alpha amino acids	N-acyl amines	Fatty amides	Fatty acids
16322289092804760267	1425	0.3161	122.059	182.075	304.134	KGRHNLQUVGOYJK	1-(3,4-dimethoxyphenyl)-3-[(4-fluorophenyl)amino]propan-1-one	COc1ccc(C(=O)CCNc2ccc(F)cc2)cc1OC	Organic compounds	Organic oxygen compounds	Organooxygen compounds	Carbonyl compounds	Alkyl-phenylketones			Shikimates and Phenylpropanoids
16322289092804760267	1426	0.3459	119.043	182.075	301.118	IDOWTHOLJBTAFI	3-[(methoxycarbonyl)amino]phenyl (3-methylphenyl)carbamate	c1c(OC(Nc2cc(ccc2)C)=O)cccc1NC(OC)=O	Organic compounds	Benzenoids	Benzene and substituted derivatives	Phenylcarbamic acid esters	Phenylcarbamic acid esters	Aminoacids	Small peptides	Amino acids and Peptides; Shikimates and Phenylpropanoids
16322289092804760267	1428	0.3459	117.235	182.075	299.31	HPEUJPJOZXNMSJ	methyl stearate	CCCCCCCCCCCCCCCCCC(=O)OC	Organic compounds	Lipids and lipid-like molecules	Fatty Acyls	Fatty acid esters	Fatty acid methyl esters	Wax monoesters	Fatty esters	Fatty acids
16322289092804760267	1429	0.3459	204.144	182.075	386.219	SUOUIEPQRFXQHR	8-({2-[4-(tert-butyl)phenoxy]ethyl}amino)-1,3,7-trimethyl-1,3,7-trihydropurine -2,6-dione	Cn1c(=O)c2c([nH]c(=NCCOc3ccc(C(C)(C)C)cc3)n2C)n(C)c1=O	Organic compounds	Organoheterocyclic compounds	Imidazopyrimidines	Purines and purine derivatives	Xanthines	Purine alkaloids	Pseudoalkaloids	Alkaloids
16322289092804760267	1430	0.5535	87.061	182.075	269.136	OFEZSBMBBKLLBJ	cordycepin	Nc1ncnc2c1ncn2[C@@H]1O[C@H](CO)C[C@H]1O	Organic compounds	Nucleosides, nucleotides, and analogues	Purine nucleosides	Purine 3'-deoxyribonucleosides	Purine 3'-deoxyribonucleosides	Purine nucleos(t)ides	Nucleosides	Carbohydrates
16322289092804760267	1431	0.409	315.164	182.075	497.239	OMYMRCXOJJZYKE	6_hydroxy_melatonin	CC(=O)NCCC1=CNC2=CC(=C(C=C21)OC)O	Organic compounds	Organoheterocyclic compounds	Indoles and derivatives	Hydroxyindoles	Hydroxyindoles	Simple indole alkaloids	Tryptophan alkaloids	Alkaloids
16322289092804760267	1432	0.409	372.165	182.075	554.24	HOVSZVKDFBLXOB	5-(6-aminopurin-9-yl)-2-{[bis(4-methoxyphenyl)phenylmethoxy]methyl}oxolan-3-ol	COc1ccc(C(OCC2OC(n3cnc4c(N)ncnc43)CC2O)(c2ccccc2)c2ccc(OC)cc2)cc1	Organic compounds	Benzenoids	Triphenyl compounds		Triphenyl compounds			
16322289092804760267	1433	0.409	411.185	182.075	593.26	DZKBRKKSFHBYIN	(1R,4R)-bis((1R,2R,4S,5S)-9-methyl-3-oxa-9-azatricyclo[3.3.1.0(2,4)]nonan-7-yl) 1-phenyl-1,2,3,4-tetrahydronaphthalene-1,4-dicarboxylate	O=C(OC1CC2N(C)C(C1)C3OC32)C4C=5C=CC=CC5C(C(=O)OC6CC7N(C)C(C6)C8OC87)(C=9C=CC=CC9)CC4	Organic compounds	Benzenoids	Naphthalenes	Naphthalenecarboxylic acids and derivatives	Naphthalenecarboxylic acids and derivatives	Tropane alkaloids	Ornithine alkaloids	Alkaloids
16322289092804760267	1434	0.409	301.318	182.075	483.393	RAEUGRGHBWANBJ	dactylocyanine F	C=C1CCC[C@]2([H])[C@]1(C)CC[C@H](C)[C@@]2(C)CC(C(C(NCC(C)CC)=C/3)=O)=C(O)C3=N/CCC(C)C	Organic compounds	Organic nitrogen compounds	Organonitrogen compounds	Quinonimines	P-quinonimines	Colensane and Clerodane diterpenoids	Diterpenoids	Terpenoids
16322289092804760267	1435	0.5284	122.116	182.075	304.191	ZOEVRBRMARFYMK	(6-methyl-6-azabicyclo[4.4.0]dec-2-yl)methyl 2-hydroxybenzoate, iodide M	C[N+]12CCCCC1C(COC(=O)c1ccccc1O)CCC2	Organic compounds	Alkaloids and derivatives	Lupin alkaloids	Lupinine-type alkaloids	Lupinine-type alkaloids			
16322289092804760267	1436	0.5279	1.003	182.075	181.072	YAPQBXQYLJRXSA	THEOBROMINE	CN1C=NC2=C1C(=NC(=O)N2C)O	Organic compounds	Organoheterocyclic compounds	Imidazopyrimidines	Purines and purine derivatives	Xanthines	Purine alkaloids	Pseudoalkaloids	Alkaloids
16322289092804760267	1437	0.5491	246.153	182.075	428.228	AABILZKQMVKFHP	[(7S,8R)-7-[(Z)-2-methylbut-2-enoyl]oxy-4-oxido-5,6,7,8-tetrahydro-3H-pyrrolizin-4-ium-1-yl]methyl (2R)-2,3-dihydroxy-2-[(1S)-1-methoxyethyl]-3-methylbutanoate	C/C=C(/C)\C(=O)O[C@H]1CC[N+]2([C@@H]1C(=CC2)COC(=O)[C@@]([C@H](C)OC)(C(C)(C)O)O)[O-]	Organic compounds	Alkaloids and derivatives			Alkaloids and derivatives			
16322289092804760267	1438	0.3459	151.143	182.075	333.218	XITNMQJGKQRBFQ	(E)-N-(1-(cyclohexylamino)-1-oxobutan-2-yl)-N-(furan-2-ylmethyl)but-2-enamide	C/C=C/C(=O)N(Cc1ccco1)C(CC)C(=O)NC2CCCCC2	Organic compounds	Organic acids and derivatives	Carboxylic acids and derivatives	Amino acids, peptides, and analogues	Alpha amino acids and derivatives			
16322289092804760267	1439	0.409	512.262	182.075	694.337	HSPFMJHHANCXBY	ATROPINE SULFATE	CN1C2CC(COC(=O)C(CO)c3ccccc3)CC1C2.CN1C2CC(COC(=O)C(CO)c3ccccc3)CC1C2.O=S(=O)(O)O	Organic compounds	Organic acids and derivatives	Hydroxy acids and derivatives	Beta hydroxy acids and derivatives	Beta hydroxy acids and derivatives	Tropane alkaloids	Ornithine alkaloids	Alkaloids
16322289092804760267	1440	0.409	277.211	182.075	459.286	DTPCFIHYWYONMD	Decaethylene glycol	C(COCCOCCOCCOCCOCCOCCOCCOCCOCCO)O	Organic compounds	Organic oxygen compounds	Organooxygen compounds	Ethers	Polyethylene glycols	Monoacylglycerols	Glycerolipids	Fatty acids
16322289092804760267	1441	0.3459	178.147	182.075	360.222	GYBONEHHSUABAO	YS-035 hydrochloride	COc1ccc(CCN(C)CCc2ccc(OC)c(OC)c2)cc1OC.Cl	Organic compounds	Benzenoids	Benzene and substituted derivatives	Methoxybenzenes	Dimethoxybenzenes	Amarylidaceae alkaloids; Phenylethylamines	Tyrosine alkaloids	Alkaloids
16322289092804760267	1442	0.4108	260.221	182.075	442.296	DEQLZTQITSWABQ	N-(.alpha.-Linolenoyl)tyrosine	CC/C=C\C/C=C\C/C=C\CCCCCCCC(=O)N[C@@H](CC1=CC=C(C=C1)O)C(=O)O	Organic compounds	Organic acids and derivatives	Carboxylic acids and derivatives	Amino acids, peptides, and analogues	Tyrosine and derivatives	N-acyl amines	Fatty amides	Fatty acids
16322289092804760267	1443	0.5292	115.885	182.075	297.96	AJACDNCVEGIBNA	Spongosine	COC1=NC2=C(C(=N1)N)N=CN2C3C(C(C(O3)CO)O)O	Organic compounds	Nucleosides, nucleotides, and analogues	Purine nucleosides		Purine nucleosides	Purine nucleos(t)ides	Nucleosides	Carbohydrates
16322289092804760267	1444	0.5284	15.006	182.075	197.081	IAJBQAYHSQIQRE	2,4,5-TRIMETHOXYBENZALDEHYDE	COc1cc(OC)c(OC)cc1C=O	Organic compounds	Benzenoids	Benzene and substituted derivatives	Benzoyl derivatives	Benzoyl derivatives			Shikimates and Phenylpropanoids
16322289092804760267	1445	0.409	411.185	182.075	593.26	DZKBRKKSFHBYIN	(1R,4R)-bis((1R,2R,4S,5S)-9-methyl-3-oxa-9-azatricyclo[3.3.1.0(2,4)]nonan-7-yl) 1-phenyl-1,2,3,4-tetrahydronaphthalene-1,4-dicarboxylate	O=C(OC1CC2N(C)C(C1)C3OC32)C4C=5C=CC=CC5C(C(=O)OC6CC7N(C)C(C6)C8OC87)(C=9C=CC=CC9)CC4	Organic compounds	Benzenoids	Naphthalenes	Naphthalenecarboxylic acids and derivatives	Naphthalenecarboxylic acids and derivatives	Tropane alkaloids	Ornithine alkaloids	Alkaloids
16322289092804760267	1446	0.409	280.045	182.075	462.12	HOZOZZFCZRXYEK	Scopolamine butylbromide	[Br-].O=C(OC1CC2C3OC3C(C1)[N+]2(C)CCCC)C(C=4C=CC=CC4)CO	Organic compounds	Organic acids and derivatives	Hydroxy acids and derivatives	Beta hydroxy acids and derivatives	Beta hydroxy acids and derivatives			
16322289092804760267	1447	0.3459	119.043	182.075	301.118	WZJZMXBKUWKXTQ	N-[3-[anilino(oxo)methoxy]phenyl]carbamic acid ethyl ester	c1c(OC(Nc2ccccc2)=O)cccc1NC(OCC)=O	Organic compounds	Benzenoids	Benzene and substituted derivatives	Phenylcarbamic acid esters	Phenylcarbamic acid esters			
16322289092804760267	1448	0.409	411.185	182.075	593.26	DZKBRKKSFHBYIN	(1R,4R)-bis((1R,2R,4S,5S)-9-methyl-3-oxa-9-azatricyclo[3.3.1.0(2,4)]nonan-7-yl) 1-phenyl-1,2,3,4-tetrahydronaphthalene-1,4-dicarboxylate	O=C(OC1CC2N(C)C(C1)C3OC32)C4C=5C=CC=CC5C(C(=O)OC6CC7N(C)C(C6)C8OC87)(C=9C=CC=CC9)CC4	Organic compounds	Benzenoids	Naphthalenes	Naphthalenecarboxylic acids and derivatives	Naphthalenecarboxylic acids and derivatives	Tropane alkaloids	Ornithine alkaloids	Alkaloids
16322289092804760267	1449	0.409	281.925	182.075	464.0	OFBHPPMPBOJXRT	Adenylosuccinic acid	OC(=O)CC(C(O)=O)Nc(n3)c(n2)c(nc3)n(c2)C(O1)C(O)C(O)C(COP(O)(O)=O)1	Organic compounds	Nucleosides, nucleotides, and analogues	Purine nucleotides	Purine ribonucleotides	Purine ribonucleoside monophosphates	Purine nucleos(t)ides	Nucleosides	Carbohydrates
16322289092804760267	1450	0.5273	25.998	182.075	156.077	HNDVDQJCIGZPNO	HISTIDINE	C(C1=CN=CN1)[C@@H](C(=O)O)N	Organic compounds	Organic acids and derivatives	Carboxylic acids and derivatives	Amino acids, peptides, and analogues	Histidine and derivatives	Aminoacids	Small peptides	Amino acids and Peptides
16322289092804760267	1451	0.5284	25.998	182.075	156.077	HNDVDQJCIGZPNO	HISTIDINE	C1=C(NC=N1)C[C@@H](C(=O)O)N	Organic compounds	Organic acids and derivatives	Carboxylic acids and derivatives	Amino acids, peptides, and analogues	Histidine and derivatives	Aminoacids	Small peptides	Amino acids and Peptides
16322289092804760267	1452	0.3459	152.09	182.075	334.165	FCEVNJIUIMLVML	BML00790 Seneciphylline	CC=C1CC(=C)C(C(=O)OCC2=CCN3C2C(CC3)OC1=O)(C)O	Organic compounds	Alkaloids and derivatives			Alkaloids and derivatives	Pyrrolizidine alkaloids	Ornithine alkaloids	Alkaloids
16322289092804760267	1453	0.409	389.206	182.075	571.281	DZKBRKKSFHBYIN	(1R,4R)-bis((1R,2R,4S,5S)-9-methyl-3-oxa-9-azatricyclo[3.3.1.0(2,4)]nonan-7-yl) 1-phenyl-1,2,3,4-tetrahydronaphthalene-1,4-dicarboxylate	O=C(OC1CC2N(C)C(C1)C3OC32)C4C=5C=CC=CC5C(C(=O)OC6CC7N(C)C(C6)C8OC87)(C=9C=CC=CC9)CC4	Organic compounds	Benzenoids	Naphthalenes	Naphthalenecarboxylic acids and derivatives	Naphthalenecarboxylic acids and derivatives	Tropane alkaloids	Ornithine alkaloids	Alkaloids
16322289092804760267	1454	0.409	495.235	182.075	677.31	HSPFMJHHANCXBY	ATROPINE SULFATE	CN1C2CC(COC(=O)C(CO)c3ccccc3)CC1C2.CN1C2CC(COC(=O)C(CO)c3ccccc3)CC1C2.O=S(=O)(O)O	Organic compounds	Organic acids and derivatives	Hydroxy acids and derivatives	Beta hydroxy acids and derivatives	Beta hydroxy acids and derivatives	Tropane alkaloids	Ornithine alkaloids	Alkaloids
16322289092804760267	1455	0.5311	1.003	182.075	181.072	YAPQBXQYLJRXSA	THEOBROMINE	Cn1cnc2c1c(O)nc(=O)n2C	Organic compounds	Organoheterocyclic compounds	Imidazopyrimidines	Purines and purine derivatives	Xanthines	Purine alkaloids	Pseudoalkaloids	Alkaloids
16322289092804760267	1456	0.409	277.211	182.075	459.286	DTPCFIHYWYONMD	Decaethylene glycol	C(COCCOCCOCCOCCOCCOCCOCCOCCOCCO)O	Organic compounds	Organic oxygen compounds	Organooxygen compounds	Ethers	Polyethylene glycols	Monoacylglycerols	Glycerolipids	Fatty acids
16322289092804760267	1457	0.409	453.258	182.075	635.333	QJBUAXNMSWORKG	bis[(3,5-dimethoxyphenyl)methyl]amine	COc1cc(CNCc2cccc(OC)c2OC)cc(OC)c1	Organic compounds	Benzenoids	Benzene and substituted derivatives	Methoxybenzenes	Dimethoxybenzenes	Phenylethylamines	Tyrosine alkaloids	Alkaloids
16322289092804760267	1458	0.409	259.976	182.075	442.051	DHICZUMVFNVYHU	3-[(4-iodophenyl)amino]-1-(3,4,5-trimethoxyphenyl)propan-1-one	COc1cc(C(=O)CCNc2ccc(I)cc2)cc(OC)c1OC	Organic compounds	Organic oxygen compounds	Organooxygen compounds	Carbonyl compounds	Alkyl-phenylketones	Chalcones	Flavonoids	Shikimates and Phenylpropanoids
16322289092804760267	1459	0.5279	1.003	182.075	181.072	YAPQBXQYLJRXSA	THEOBROMINE - 60.0 eV	CN1C=NC2=C1C(=O)NC(=O)N2C	Organic compounds	Organoheterocyclic compounds	Imidazopyrimidines	Purines and purine derivatives	Xanthines	Purine alkaloids	Pseudoalkaloids	Alkaloids
16322289092804760267	1460	0.409	322.01	182.075	504.085	NIFKBBMCXCMCAO	mesosulfuron-methly	COc1cc(nc(n1)NC(=O)NS(=O)(=O)c2cc(ccc2C(=O)OC)CNS(=O)(=O)C)OC	Organic compounds	Organic nitrogen compounds	Organonitrogen compounds	Sulfonylureas	Pyrimidinyl-2-sulfonylureas			Alkaloids
16322289092804760267	1461	0.409	389.205	182.075	571.28	DZKBRKKSFHBYIN	(1R,4R)-bis((1R,2R,4S,5S)-9-methyl-3-oxa-9-azatricyclo[3.3.1.0(2,4)]nonan-7-yl) 1-phenyl-1,2,3,4-tetrahydronaphthalene-1,4-dicarboxylate	O=C(OC1CC2N(C)C(C1)C3OC32)C4C=5C=CC=CC5C(C(=O)OC6CC7N(C)C(C6)C8OC87)(C=9C=CC=CC9)CC4	Organic compounds	Benzenoids	Naphthalenes	Naphthalenecarboxylic acids and derivatives	Naphthalenecarboxylic acids and derivatives	Tropane alkaloids	Ornithine alkaloids	Alkaloids
16322289092804760267	1462	0.5286	13.015	182.075	195.09	RYYVLZVUVIJVGH	1,3,7-trimethyl-3,7-dihydro-1H-purine-2,6-dione	O=C1C2=C(N=CN2C)N(C(=O)N1C)C	Organic compounds	Organoheterocyclic compounds	Imidazopyrimidines	Purines and purine derivatives	Xanthines	Purine alkaloids	Pseudoalkaloids	Alkaloids
16322289092804760267	1463	0.409	347.02	182.075	529.095	JLKIGFTWXXRPMT	Sulfamethoxazole	CC1=CC(=NO1)NS(=O)(=O)C2=CC=C(C=C2)N	Organic compounds	Benzenoids	Benzene and substituted derivatives	Benzenesulfonamides	Aminobenzenesulfonamides			
16322289092804760267	1464	0.3459	122.077	182.075	304.152	SGZRQMALQBXAIQ		CC(Cc1ccc(O)cc1)NCC(O)c2cc(O)cc(O)c2.Br	Organic compounds	Benzenoids	Benzene and substituted derivatives	Phenethylamines	Amphetamines and derivatives	Phenylethylamines	Tyrosine alkaloids	Alkaloids
16322289092804760267	1465	0.3459	124.095	182.075	306.17	AEFPCFUCFQBXDQ	Convolvamine	COC1=C(OC)C=C(C=C1)C(=O)OC1CC2CCC(C1)N2C	Organic compounds	Benzenoids	Benzene and substituted derivatives	Benzoic acids and derivatives	P-methoxybenzoic acids and derivatives	Tropane alkaloids	Ornithine alkaloids	Alkaloids
16322289092804760267	1466	0.5284	1.973	182.075	180.102	CPJSUEIXXCENMM	N-(4-ethoxyphenyl)acetamide	CCOC1=CC=C(NC(C)=O)C=C1	Organic compounds	Benzenoids	Benzene and substituted derivatives	Anilides	Acetanilides			Alkaloids; Shikimates and Phenylpropanoids
16322289092804760267	1467	0.409	272.067	182.075	454.142	UAZDNJMTGTUBQX	methyl 7-(4-chlorophenyl)-4-(4-hydroxy-3-methoxyphenyl)-2-methyl-5-oxo-1,4,6,7 ,8-pentahydroquinoline-3-carboxylate	COC(=O)C1=C(C)NC2=C(C(=O)CC(c3ccc(Cl)cc3)C2)C1c1ccc(O)c(OC)c1	Organic compounds	Organoheterocyclic compounds	Quinolines and derivatives	Phenylquinolines	Phenylquinolines			
16322289092804760267	1468	0.5281	170.101	182.075	352.176	GDDNFNQRHNCJAZ	7-hydroxy-5,6,7-trimethyl-4-methylidene-14-oxido-2,9-dioxa-14-azoniatricyclo[9.5.1.014,17]heptadec-11-ene-3,8-dione	CC1C(C(C(=O)OCC2=CC[N+]3(C2C(CC3)OC(=O)C1=C)[O-])(C)O)C	Organic compounds	Alkaloids and derivatives			Alkaloids and derivatives			
16322289092804760267	1469	0.5292	13.013	182.075	195.088	RYYVLZVUVIJVGH	Caffeine	Cn1c(=O)c2c(ncn2C)n(C)c1=O	Organic compounds	Organoheterocyclic compounds	Imidazopyrimidines	Purines and purine derivatives	Xanthines	Purine alkaloids	Pseudoalkaloids	Alkaloids
16322289092804760267	1470	0.3459	246.153	182.075	428.228	AABILZKQMVKFHP	[(7S,8R)-7-[(Z)-2-methylbut-2-enoyl]oxy-4-oxido-5,6,7,8-tetrahydro-3H-pyrrolizin-4-ium-1-yl]methyl (2R)-2,3-dihydroxy-2-[(1S)-1-methoxyethyl]-3-methylbutanoate	C/C=C(/C)\C(=O)O[C@H]1CC[N+]2([C@@H]1C(=CC2)COC(=O)[C@@]([C@H](C)OC)(C(C)(C)O)O)[O-]	Organic compounds	Alkaloids and derivatives			Alkaloids and derivatives			
16322289092804760267	1471	0.5491	246.153	182.075	428.228	AABILZKQMVKFHP	[(7S,8R)-7-[(Z)-2-methylbut-2-enoyl]oxy-4-oxido-5,6,7,8-tetrahydro-3H-pyrrolizin-4-ium-1-yl]methyl (2R)-2,3-dihydroxy-2-[(1S)-1-methoxyethyl]-3-methylbutanoate	C/C=C(/C)\C(=O)O[C@H]1CC[N+]2([C@@H]1C(=CC2)COC(=O)[C@@]([C@H](C)OC)(C(C)(C)O)O)[O-]	Organic compounds	Alkaloids and derivatives			Alkaloids and derivatives			
16322289092804760267	1472	0.409	262.236	182.075	444.311	JWSULLTVTKIFHQ	Piericidin B5	CC/C=C(\C)/[C@@H]([C@H](C)/C=C(\C)/C=C/C/C(=C/CC1=C(C(=O)C(=C(N1)OC)OC)C)/C)OC	Organic compounds	Lipids and lipid-like molecules	Prenol lipids	Sesquiterpenoids	Sesquiterpenoids			Polyketides
16322289092804760267	1473	0.5292	13.015	182.075	195.09	RYYVLZVUVIJVGH	1,3,7-trimethyl-3,7-dihydro-1H-purine-2,6-dione	O=C1C2=C(N=CN2C)N(C(=O)N1C)C	Organic compounds	Organoheterocyclic compounds	Imidazopyrimidines	Purines and purine derivatives	Xanthines	Purine alkaloids	Pseudoalkaloids	Alkaloids
16322289092804760267	1474	0.3459	148.116	182.075	330.191	QSTHEUSPIBEICI	[(7S,8R)-7-hydroxy-4-oxido-5,6,7,8-tetrahydro-3H-pyrrolizin-4-ium-1-yl]methyl (2S)-2-hydroxy-2-[(1R)-1-methoxyethyl]-3-methylbutanoate	C[C@H]([C@@](C(C)C)(C(=O)OCC1=CC[N+]2([C@H]1[C@H](CC2)O)[O-])O)OC	Organic compounds	Alkaloids and derivatives			Alkaloids and derivatives			
16322289092804760267	1475	0.409	347.135	182.075	529.21	CVULDJMCSSACEO	(S,S)-asperphenamate	O=C(OCC(NC(=O)C=1C=CC=CC1)CC=2C=CC=CC2)C(NC(=O)C=3C=CC=CC3)CC=4C=CC=CC4	Organic compounds	Organic acids and derivatives	Carboxylic acids and derivatives	Amino acids, peptides, and analogues	Phenylalanine and derivatives			
16322289092804760267	1476	0.409	253.22	182.075	435.295	SCABKEBYDRTODC	bis[2-(2-butoxyethoxy)ethyl] hexanedioate	CCCCOCCOCCOC(=O)CCCCC(=O)OCCOCCOCCCC	Organic compounds	Lipids and lipid-like molecules	Fatty Acyls	Fatty acid esters	Fatty acid esters	Triacylglycerols	Glycerolipids	Fatty acids
16322289092804760267	1477	0.3459	129.195	182.075	311.27	UQRGRWPAQSUOCR	N-butyl-N-(1-(cyclohexylamino)-1-oxobutan-2-yl)butyramide	CCCCN(C(=O)CCC)C(CC)C(=O)NC1CCCCC1	Organic compounds	Lipids and lipid-like molecules	Fatty Acyls	Fatty amides	N-acyl amines			
16322289092804760267	1478	0.3459	146.079	182.075	328.154	TXCLNDCLIMTSCP	1-(2H-benzo[3,4-d]1,3-dioxolen-5-yl)-3-[(4-propoxyphenyl)amino]propan-1-one	CCCOc1ccc(NCCC(=O)c2ccc3c(c2)OCO3)cc1	Organic compounds	Organoheterocyclic compounds	Benzodioxoles		Benzodioxoles		Lignans	Shikimates and Phenylpropanoids
16322289092804760267	1479	0.3459	125.09	182.075	307.165	VYFYYTLLBUKUHU	dopamine	C1=CC(=C(C=C1CCN)O)O	Organic compounds	Benzenoids	Phenols	Benzenediols	Catecholamines and derivatives	Phenylethylamines	Tyrosine alkaloids	Alkaloids
16322289092804760267	1480	0.5279	11.982	182.075	170.093	BRMWTNUJHUMWMS	1-Methylhistidine	CN1C=NC(C[C@H](N)C(O)=O)=C1	Organic compounds	Organic acids and derivatives	Carboxylic acids and derivatives	Amino acids, peptides, and analogues	Histidine and derivatives	Aminoacids	Small peptides	Amino acids and Peptides
16322289092804760267	1481	0.3775	0.043	182.075	182.118	SQVIAVUSQAWMKL	Etilefrine|3-[2-(ethylamino)-1-hydroxyethyl]phenol	CCNCC(C1=CC(=CC=C1)O)O	Organic compounds	Benzenoids	Phenols	1-hydroxy-4-unsubstituted benzenoids	1-hydroxy-4-unsubstituted benzenoids	Phenylethylamines	Tyrosine alkaloids	Alkaloids
16322289092804760267	1482	0.3459	204.053	182.075	386.128	AKHPLUPJRABLGT	(6-methyl-6-azabicyclo[4.4.0]dec-2-yl)methyl 2-(2,4-dichlorophenoxy)acetate, i odide M	C[N+]12CCCCC1C(COC(=O)COc1ccc(Cl)cc1Cl)CCC2	Organic compounds	Alkaloids and derivatives	Lupin alkaloids	Lupinine-type alkaloids	Lupinine-type alkaloids			
16322289092804760267	1483	0.3775	119.08	182.075	301.155	PVOFKDYSYMMBHK	N-benzyl-2-(N-(furan-2-ylmethyl)formamido)butanamide	CCC(C(=O)NCc1ccccc1)N(C=O)Cc2ccco2	Organic compounds	Organic acids and derivatives	Carboxylic acids and derivatives	Amino acids, peptides, and analogues	Alpha amino acids and derivatives			Amino acids and Peptides
16322289092804760267	1484	0.5267	37.013	182.075	219.088	IORPOFJLSIHJOG	"3,7-Dimethyl-1-propargylxanthine"""	Cn1cnc2n(C)c(=O)n(CC#C)c(=O)c12	Organic compounds	Organoheterocyclic compounds	Imidazopyrimidines	Purines and purine derivatives	Xanthines			
16322289092804760267	1485	0.409	512.262	182.075	694.337	HSPFMJHHANCXBY	ATROPINE SULFATE	CN1C2CC(COC(=O)C(CO)c3ccccc3)CC1C2.CN1C2CC(COC(=O)C(CO)c3ccccc3)CC1C2.O=S(=O)(O)O	Organic compounds	Organic acids and derivatives	Hydroxy acids and derivatives	Beta hydroxy acids and derivatives	Beta hydroxy acids and derivatives	Tropane alkaloids	Ornithine alkaloids	Alkaloids
16322289092804760267	1486	0.409	260.047	182.075	442.122	YVXVTLGIDOACBJ	h_166_andarine_s4	FC(F)(F)C1=C([N+]([O-])=O)C=CC(NC([C@](O)(C)COC2=CC=C(NC(C)=O)C=C2)=O)=C1	Organic compounds	Benzenoids	Benzene and substituted derivatives	Anilides	Acetanilides			
16322289092804760267	1487	0.5279	25.998	182.075	156.077	HNDVDQJCIGZPNO	HISTIDINE	C(C1=CN=CN1)[C@@H](C(=O)O)N	Organic compounds	Organic acids and derivatives	Carboxylic acids and derivatives	Amino acids, peptides, and analogues	Histidine and derivatives	Aminoacids	Small peptides	Amino acids and Peptides
16322289092804760267	1488	0.5279	148.116	182.075	330.191	QSTHEUSPIBEICI	[(7S,8R)-7-hydroxy-4-oxido-5,6,7,8-tetrahydro-3H-pyrrolizin-4-ium-1-yl]methyl (2S)-2-hydroxy-2-[(1R)-1-methoxyethyl]-3-methylbutanoate	C[C@H]([C@@](C(C)C)(C(=O)OCC1=CC[N+]2([C@H]1[C@H](CC2)O)[O-])O)OC	Organic compounds	Alkaloids and derivatives			Alkaloids and derivatives			
16322289092804760267	1489	0.409	316.157	182.075	498.232	UGHPWKLKDZLPNM	3-(2,4,5-trimethoxyphenyl)propanoic acid [IIN-based on: CCMSLIB00000846847]	COC1=CC(OC)=C(OC)C=C1CCC(O)=O	Organic compounds	Phenylpropanoids and polyketides	Phenylpropanoic acids		Phenylpropanoic acids			
16322289092804760267	1490	0.409	453.258	182.075	635.333	QJBUAXNMSWORKG	bis[(3,5-dimethoxyphenyl)methyl]amine	COc1cc(CNCc2cccc(OC)c2OC)cc(OC)c1	Organic compounds	Benzenoids	Benzene and substituted derivatives	Methoxybenzenes	Dimethoxybenzenes	Phenylethylamines	Tyrosine alkaloids	Alkaloids
16322289092804760267	1491	0.409	482.042	182.075	664.117	BOPGDPNILDQYTO	beta-Diphosphopyridine Nuc	C1C=CN(C=C1C(=O)N)C2C(C(C(O2)COP(=O)(O)OP(=O)(O)OCC3C(C(C(O3)N4C=NC5=C4N=CN=C5N)O)O)O)O	Organic compounds	Nucleosides, nucleotides, and analogues	(5'->5')-dinucleotides		(5'->5')-dinucleotides	Purine nucleos(t)ides	Nucleosides	Carbohydrates
16322289092804760267	1492	0.3459	160.08	182.075	342.155	LHVAZUAALQTANZ	(1R,4R,5R,6R,16R)-5,6-dihydroxy-4,5,6-trimethyl-13-oxido-2,8-dioxa-13-azoniatricyclo[8.5.1.0^{13,16}]hexadec-10-ene-3,7-dione	C[C@H]1C(=O)O[C@@H]2CCN3(=O)CC=C(COC(=O)[C@](C)(O)[C@]1(C)O)[C@H]23	Organic compounds	Organoheterocyclic compounds	Pyrrolizines		Pyrrolizines	Pyrrolizidine alkaloids	Ornithine alkaloids	Alkaloids
16322289092804760267	1493	0.409	259.976	182.075	442.051	DHICZUMVFNVYHU	3-[(4-iodophenyl)amino]-1-(3,4,5-trimethoxyphenyl)propan-1-one	COc1cc(C(=O)CCNc2ccc(I)cc2)cc(OC)c1OC	Organic compounds	Organic oxygen compounds	Organooxygen compounds	Carbonyl compounds	Alkyl-phenylketones	Chalcones	Flavonoids	Shikimates and Phenylpropanoids
16322289092804760267	1494	0.409	411.185	182.075	593.26	DZKBRKKSFHBYIN	(1R,4R)-bis((1R,2R,4S,5S)-9-methyl-3-oxa-9-azatricyclo[3.3.1.0(2,4)]nonan-7-yl) 1-phenyl-1,2,3,4-tetrahydronaphthalene-1,4-dicarboxylate	O=C(OC1CC2N(C)C(C1)C3OC32)C4C=5C=CC=CC5C(C(=O)OC6CC7N(C)C(C6)C8OC87)(C=9C=CC=CC9)CC4	Organic compounds	Benzenoids	Naphthalenes	Naphthalenecarboxylic acids and derivatives	Naphthalenecarboxylic acids and derivatives	Tropane alkaloids	Ornithine alkaloids	Alkaloids
16322289092804760267	1495	0.3459	121.925	182.075	304.0	STECJAGHUSJQJN	Scopolamine	OCC(c(c4)cccc4)C(=O)OC(C2)CC(N(C)3)C(O1)C1C23	Organic compounds	Organic acids and derivatives	Hydroxy acids and derivatives	Beta hydroxy acids and derivatives	Beta hydroxy acids and derivatives	Tropane alkaloids	Ornithine alkaloids	Alkaloids
16322289092804760267	1496	0.409	389.205	182.075	571.28	DZKBRKKSFHBYIN	(1R,4R)-bis((1R,2R,4S,5S)-9-methyl-3-oxa-9-azatricyclo[3.3.1.0(2,4)]nonan-7-yl) 1-phenyl-1,2,3,4-tetrahydronaphthalene-1,4-dicarboxylate	O=C(OC1CC2N(C)C(C1)C3OC32)C4C=5C=CC=CC5C(C(=O)OC6CC7N(C)C(C6)C8OC87)(C=9C=CC=CC9)CC4	Organic compounds	Benzenoids	Naphthalenes	Naphthalenecarboxylic acids and derivatives	Naphthalenecarboxylic acids and derivatives	Tropane alkaloids	Ornithine alkaloids	Alkaloids
16322289092804760267	1497	0.3459	119.043	182.075	301.118	WZJZMXBKUWKXTQ	Pesticide9_Desmedipham_C16H16N2O4_3-[(Ethoxycarbonyl)amino]phenyl phenylcarbamate	CCOC(=O)NC1=CC(=CC=C1)OC(=O)NC2=CC=CC=C2	Organic compounds	Benzenoids	Benzene and substituted derivatives	Phenylcarbamic acid esters	Phenylcarbamic acid esters			
16322289092804760267	1498	0.3041	13.013	182.075	195.088	RYYVLZVUVIJVGH	1,3,7-trimethylpurine-2,6-dione	c12c(n(c(=O)n(c1=O)C)C)ncn2C	Organic compounds	Organoheterocyclic compounds	Imidazopyrimidines	Purines and purine derivatives	Xanthines	Purine alkaloids	Pseudoalkaloids	Alkaloids
5513821438695695284	1499	0.6203	0.0001	181.0721	181.072	ZFXYFBGIUFBOJW	THEOPHYLLINE	CN1C2=C(C(=O)N(C)C1=O)N=CN2	Organic compounds	Organoheterocyclic compounds	Imidazopyrimidines	Purines and purine derivatives	Xanthines	Purine alkaloids	Pseudoalkaloids	Alkaloids
5513821438695695284	1500	0.6243	0.0001	181.0721	181.072	QUNWUDVFRNGTCO	PARAXANTHINE	CN1C=NC2=C1C(=O)N(C)C(=N2)O	Organic compounds	Organoheterocyclic compounds	Imidazopyrimidines	Purines and purine derivatives	Xanthines	Purine alkaloids	Pseudoalkaloids	Alkaloids
5513821438695695284	1501	0.6247	0.0001	181.0721	181.072	ZFXYFBGIUFBOJW	THEOPHYLLINE - 20.0 eV	CN1C2=C(NC=N2)C(=O)N(C)C1=O	Organic compounds	Organoheterocyclic compounds	Imidazopyrimidines	Purines and purine derivatives	Xanthines	Purine alkaloids	Pseudoalkaloids	Alkaloids
5513821438695695284	1502	0.6253	0.0001	181.0721	181.072	YAPQBXQYLJRXSA	Theobromine	CN1C=NC2=C1C(=O)NC(=O)N2C	Organic compounds	Organoheterocyclic compounds	Imidazopyrimidines	Purines and purine derivatives	Xanthines	Purine alkaloids	Pseudoalkaloids	Alkaloids
5513821438695695284	1503	0.6253	0.0001	181.0721	181.072	QUNWUDVFRNGTCO	PARAXANTHINE	CN1C=NC2=C1C(=O)N(C)C(=N2)O	Organic compounds	Organoheterocyclic compounds	Imidazopyrimidines	Purines and purine derivatives	Xanthines	Purine alkaloids	Pseudoalkaloids	Alkaloids
5513821438695695284	1504	0.6243	0.0001	181.0721	181.072	YAPQBXQYLJRXSA	THEOBROMINE - 40.0 eV	CN1C=NC2=C1C(=O)NC(=O)N2C	Organic compounds	Organoheterocyclic compounds	Imidazopyrimidines	Purines and purine derivatives	Xanthines	Purine alkaloids	Pseudoalkaloids	Alkaloids
5513821438695695284	1505	0.6243	0.0001	181.0721	181.072	FQPFAHBPWDRTLU	Aminophylline (Truphylline)	N1(C(N(C2=C(C1=O)NC=N2)C)=O)C.N3(C(N(C4=C(C3=O)NC=N4)C)=O)C.NCCN	Organic compounds	Organic nitrogen compounds	Organonitrogen compounds	Amines	Monoalkylamines	Purine alkaloids	Pseudoalkaloids	Alkaloids
5513821438695695284	1506	0.6194	0.0001	181.0721	181.072	ZFXYFBGIUFBOJW	THEOPHYLLINE	CN1C2=C(C(=O)N(C)C1=O)N=CN2	Organic compounds	Organoheterocyclic compounds	Imidazopyrimidines	Purines and purine derivatives	Xanthines	Purine alkaloids	Pseudoalkaloids	Alkaloids
5513821438695695284	1507	0.6233	0.0001	181.0721	181.072	QUNWUDVFRNGTCO	PARAXANTHINE	CN1C=NC2=C1C(=O)N(C)C(=N2)O	Organic compounds	Organoheterocyclic compounds	Imidazopyrimidines	Purines and purine derivatives	Xanthines	Purine alkaloids	Pseudoalkaloids	Alkaloids
5513821438695695284	1508	0.6253	0.0001	181.0721	181.072	YAPQBXQYLJRXSA	THEOBROMINE	Cn1cnc2c1c(O)nc(=O)n2C	Organic compounds	Organoheterocyclic compounds	Imidazopyrimidines	Purines and purine derivatives	Xanthines	Purine alkaloids	Pseudoalkaloids	Alkaloids
5513821438695695284	1509	0.7187	0.0001	181.0721	181.072	YAPQBXQYLJRXSA	theobromine	Cn1cnc2c1c(O)nc(=O)n2C	Organic compounds	Organoheterocyclic compounds	Imidazopyrimidines	Purines and purine derivatives	Xanthines	Purine alkaloids	Pseudoalkaloids	Alkaloids
5513821438695695284	1510	0.6253	0.0001	181.0721	181.072	YAPQBXQYLJRXSA	Theobromine	CN1C=NC2=C1C(=O)NC(=O)N2C	Organic compounds	Organoheterocyclic compounds	Imidazopyrimidines	Purines and purine derivatives	Xanthines	Purine alkaloids	Pseudoalkaloids	Alkaloids
5513821438695695284	1511	0.7904	0.0021	181.0721	181.07	ZFXYFBGIUFBOJW	Theophylline	O=C1C=2NC=NC2N(C(=O)N1C)C	Organic compounds	Organoheterocyclic compounds	Imidazopyrimidines	Purines and purine derivatives	Xanthines	Purine alkaloids	Pseudoalkaloids	Alkaloids
5513821438695695284	1512	0.6243	0.0001	181.0721	181.072	ZFXYFBGIUFBOJW	THEOPHYLLINE	CN1C2=C(C(=O)N(C)C1=O)N=CN2	Organic compounds	Organoheterocyclic compounds	Imidazopyrimidines	Purines and purine derivatives	Xanthines	Purine alkaloids	Pseudoalkaloids	Alkaloids
5513821438695695284	1513	0.7187	0.0021	181.0721	181.07	QUNWUDVFRNGTCO	PARAXANTHINE	CN1C=NC2=C1C(=O)N(C(=O)N2)C	Organic compounds	Organoheterocyclic compounds	Imidazopyrimidines	Purines and purine derivatives	Xanthines	Purine alkaloids	Pseudoalkaloids	Alkaloids
5513821438695695284	1514	0.6194	0.0001	181.0721	181.072	YAPQBXQYLJRXSA	THEOBROMINE	CN1C=NC2=C1C(=NC(=O)N2C)O	Organic compounds	Organoheterocyclic compounds	Imidazopyrimidines	Purines and purine derivatives	Xanthines	Purine alkaloids	Pseudoalkaloids	Alkaloids
5513821438695695284	1515	0.6194	0.0001	181.0721	181.072	QUNWUDVFRNGTCO	PARAXANTHINE - 40.0 eV	CN1C=NC2=C1C(=O)N(C)C(=O)N2	Organic compounds	Organoheterocyclic compounds	Imidazopyrimidines	Purines and purine derivatives	Xanthines	Purine alkaloids	Pseudoalkaloids	Alkaloids
5513821438695695284	1516	0.6203	0.0001	181.0721	181.072	ZFXYFBGIUFBOJW	THEOPHYLLINE	CN1C2=C(C(=O)N(C)C1=O)N=CN2	Organic compounds	Organoheterocyclic compounds	Imidazopyrimidines	Purines and purine derivatives	Xanthines	Purine alkaloids	Pseudoalkaloids	Alkaloids
5513821438695695284	1517	0.6203	0.0001	181.0721	181.072	YAPQBXQYLJRXSA	theobromine	Cn1cnc2c1c(O)nc(=O)n2C	Organic compounds	Organoheterocyclic compounds	Imidazopyrimidines	Purines and purine derivatives	Xanthines	Purine alkaloids	Pseudoalkaloids	Alkaloids
5513821438695695284	1518	0.6194	0.0001	181.0721	181.072	YAPQBXQYLJRXSA	THEOBROMINE	CN1C=NC2=C1C(=NC(=O)N2C)O	Organic compounds	Organoheterocyclic compounds	Imidazopyrimidines	Purines and purine derivatives	Xanthines	Purine alkaloids	Pseudoalkaloids	Alkaloids
5513821438695695284	1519	0.6194	0.0001	181.0721	181.072	YAPQBXQYLJRXSA	THEOBROMINE	CN1C=NC2=C1C(=NC(=O)N2C)O	Organic compounds	Organoheterocyclic compounds	Imidazopyrimidines	Purines and purine derivatives	Xanthines	Purine alkaloids	Pseudoalkaloids	Alkaloids
5513821438695695284	1520	0.6194	0.0001	181.0721	181.072	YAPQBXQYLJRXSA	theobromine	Cn1cnc2c1c(O)nc(=O)n2C	Organic compounds	Organoheterocyclic compounds	Imidazopyrimidines	Purines and purine derivatives	Xanthines	Purine alkaloids	Pseudoalkaloids	Alkaloids
5513821438695695284	1521	0.409	524.3699	181.0721	705.442	VVUAHGLHHLVKDR	[3-hydroxy-1-[3-hydroxy-1-oxo-1-(2,3,4,5,6-pentahydroxyhexoxy)decan-5-yl]oxy-1-oxodecan-5-yl] 3,5-dihydroxydecanoate [IIN-based on: CCMSLIB00000846752]	CCCCCC(O)CC(O)CC(=O)OC(CCCCC)CC(O)CC(=O)OC(CCCCC)CC(O)CC(=O)OCC(O)C(O)C(O)C(O)CO	Organic compounds	Organic acids and derivatives	Carboxylic acids and derivatives	Tricarboxylic acids and derivatives	Tricarboxylic acids and derivatives			Fatty acids; Polyketides
5513821438695695284	1522	0.409	356.0969	181.0721	537.169	UGQMRVRMYYASKQ	inosine	OC[C@H]1O[C@@H](n2cnc3c(O)ncnc32)[C@H](O)[C@@H]1O	Organic compounds	Nucleosides, nucleotides, and analogues	Purine nucleosides		Purine nucleosides	Purine nucleos(t)ides	Nucleosides	Carbohydrates
5513821438695695284	1523	0.409	276.1339	181.0721	457.206	IQQUGRMXXJTLNW	6-[(1S,2R)-1,2-dihydroxypentyl]-4-methoxypyran-2-one [IIN-based on: CCMSLIB00000845037]	CCC[C@@H](O)[C@H](O)C1=CC(OC)=CC(=O)O1	Organic compounds	Organoheterocyclic compounds	Pyrans	Pyranones and derivatives	Pyranones and derivatives	2-pyrone derivatives	Cyclic polyketides	Polyketides
5513821438695695284	1524	0.409	276.1339	181.0721	457.206	IQQUGRMXXJTLNW	6-[(1S,2R)-1,2-dihydroxypentyl]-4-methoxypyran-2-one [IIN-based on: CCMSLIB00000845037]	CCC[C@@H](O)[C@H](O)C1=CC(OC)=CC(=O)O1	Organic compounds	Organoheterocyclic compounds	Pyrans	Pyranones and derivatives	Pyranones and derivatives	2-pyrone derivatives	Cyclic polyketides	Polyketides
5513821438695695284	1525	0.6194	0.0001	181.0721	181.072	YAPQBXQYLJRXSA	THEOBROMINE	CN1C=NC2=C1C(=NC(=O)N2C)O	Organic compounds	Organoheterocyclic compounds	Imidazopyrimidines	Purines and purine derivatives	Xanthines	Purine alkaloids	Pseudoalkaloids	Alkaloids
5513821438695695284	1526	0.6194	0.0001	181.0721	181.072	YAPQBXQYLJRXSA	theobromine	Cn1cnc2c1c(O)nc(=O)n2C	Organic compounds	Organoheterocyclic compounds	Imidazopyrimidines	Purines and purine derivatives	Xanthines	Purine alkaloids	Pseudoalkaloids	Alkaloids
5513821438695695284	1527	0.6203	0.0001	181.0721	181.072	ZFXYFBGIUFBOJW	THEOPHYLLINE	CN1C2=C(C(=O)N(C)C1=O)N=CN2	Organic compounds	Organoheterocyclic compounds	Imidazopyrimidines	Purines and purine derivatives	Xanthines	Purine alkaloids	Pseudoalkaloids	Alkaloids
5513821438695695284	1528	0.6203	0.0001	181.0721	181.072	ZFXYFBGIUFBOJW	THEOPHYLLINE	CN1C2=C(C(=O)N(C)C1=O)N=CN2	Organic compounds	Organoheterocyclic compounds	Imidazopyrimidines	Purines and purine derivatives	Xanthines	Purine alkaloids	Pseudoalkaloids	Alkaloids
5513821438695695284	1529	0.409	253.0379	181.0721	434.11	HAVWRBANWNTOJX	7,8-dihydroxy-6-methoxychromen-2-one [IIN-based on: CCMSLIB00000845657]	COC1=C(O)C(O)=C2OC(=O)C=CC2=C1	Organic compounds	Phenylpropanoids and polyketides	Coumarins and derivatives	Hydroxycoumarins	7,8-dihydroxycoumarins	Simple coumarins	Coumarins	Shikimates and Phenylpropanoids
5513821438695695284	1530	0.409	266.2709	181.0721	447.343	ZVFDTKUVRCTHQE	Diisodecyl phthalate	CC(C)CCCCCCCOC(=O)C1=CC=CC=C1C(=O)OCCCCCCCC(C)C	Organic compounds	Benzenoids	Benzene and substituted derivatives	Benzoic acids and derivatives	Benzoic acid esters	Shikimic acids and derivatives; Simple phenolic acids	Phenolic acids (C6-C1)	Shikimates and Phenylpropanoids
5513821438695695284	1531	0.6253	0.0001	181.0721	181.072	YAPQBXQYLJRXSA	THEOBROMINE - 40.0 eV	CN1C=NC2=C1C(=O)NC(=O)N2C	Organic compounds	Organoheterocyclic compounds	Imidazopyrimidines	Purines and purine derivatives	Xanthines	Purine alkaloids	Pseudoalkaloids	Alkaloids
5513821438695695284	1532	0.719	0.0001	181.0721	181.072	YAPQBXQYLJRXSA	THEOBROMINE	Cn1cnc2c1c(O)nc(=O)n2C	Organic compounds	Organoheterocyclic compounds	Imidazopyrimidines	Purines and purine derivatives	Xanthines	Purine alkaloids	Pseudoalkaloids	Alkaloids
5513821438695695284	1533	0.6253	0.0001	181.0721	181.072	ZFXYFBGIUFBOJW	THEOPHYLLINE	CN1C2=C(C(=O)N(C)C1=O)N=CN2	Organic compounds	Organoheterocyclic compounds	Imidazopyrimidines	Purines and purine derivatives	Xanthines	Purine alkaloids	Pseudoalkaloids	Alkaloids
5513821438695695284	1534	0.6253	0.0001	181.0721	181.072	ZFXYFBGIUFBOJW	THEOPHYLLINE	CN1C2=C(C(=O)N(C)C1=O)N=CN2	Organic compounds	Organoheterocyclic compounds	Imidazopyrimidines	Purines and purine derivatives	Xanthines	Purine alkaloids	Pseudoalkaloids	Alkaloids
5513821438695695284	1535	0.6253	0.0001	181.0721	181.072	ZFXYFBGIUFBOJW	THEOPHYLLINE	CN1C2=C(C(=O)N(C)C1=O)N=CN2	Organic compounds	Organoheterocyclic compounds	Imidazopyrimidines	Purines and purine derivatives	Xanthines	Purine alkaloids	Pseudoalkaloids	Alkaloids
5513821438695695284	1536	0.6253	0.0001	181.0721	181.072	YAPQBXQYLJRXSA	BML01074 Theobromine	CN1C=NC2=C1C(=O)NC(=O)N2C	Organic compounds	Organoheterocyclic compounds	Imidazopyrimidines	Purines and purine derivatives	Xanthines	Purine alkaloids	Pseudoalkaloids	Alkaloids
5513821438695695284	1537	0.6243	0.0001	181.0721	181.072	YAPQBXQYLJRXSA	THEOBROMINE	Cn1cnc2c1c(O)nc(=O)n2C	Organic compounds	Organoheterocyclic compounds	Imidazopyrimidines	Purines and purine derivatives	Xanthines	Purine alkaloids	Pseudoalkaloids	Alkaloids
5513821438695695284	1538	0.6253	0.0001	181.0721	181.072	ZFXYFBGIUFBOJW	THEOPHYLLINE - 40.0 eV	CN1C2=C(NC=N2)C(=O)N(C)C1=O	Organic compounds	Organoheterocyclic compounds	Imidazopyrimidines	Purines and purine derivatives	Xanthines	Purine alkaloids	Pseudoalkaloids	Alkaloids
5513821438695695284	1539	0.6243	0.0001	181.0721	181.072	ZFXYFBGIUFBOJW	THEOPHYLLINE	CN1C2=C(C(=O)N(C)C1=O)N=CN2	Organic compounds	Organoheterocyclic compounds	Imidazopyrimidines	Purines and purine derivatives	Xanthines	Purine alkaloids	Pseudoalkaloids	Alkaloids
5513821438695695284	1540	0.6243	0.0001	181.0721	181.072	YAPQBXQYLJRXSA	THEOBROMINE - 70.0 eV	CN1C=NC2=C1C(=O)NC(=O)N2C	Organic compounds	Organoheterocyclic compounds	Imidazopyrimidines	Purines and purine derivatives	Xanthines	Purine alkaloids	Pseudoalkaloids	Alkaloids
5513821438695695284	1541	0.6203	0.0001	181.0721	181.072	YAPQBXQYLJRXSA	BML01074 Theobromine	CN1C=NC2=C1C(=O)NC(=O)N2C	Organic compounds	Organoheterocyclic compounds	Imidazopyrimidines	Purines and purine derivatives	Xanthines	Purine alkaloids	Pseudoalkaloids	Alkaloids
5513821438695695284	1542	0.6243	0.0001	181.0721	181.072	YAPQBXQYLJRXSA	THEOBROMINE	Cn1cnc2c1c(O)nc(=O)n2C	Organic compounds	Organoheterocyclic compounds	Imidazopyrimidines	Purines and purine derivatives	Xanthines	Purine alkaloids	Pseudoalkaloids	Alkaloids
5513821438695695284	1543	0.6243	0.0001	181.0721	181.072	YAPQBXQYLJRXSA	THEOBROMINE	Cn1cnc2c1c(O)nc(=O)n2C	Organic compounds	Organoheterocyclic compounds	Imidazopyrimidines	Purines and purine derivatives	Xanthines	Purine alkaloids	Pseudoalkaloids	Alkaloids
5513821438695695284	1544	0.719	0.0001	181.0721	181.072	YAPQBXQYLJRXSA	3,7-dimethylpurine-2,6-dione	CN1C=NC2=C1C(=O)NC(=O)N2C	Organic compounds	Organoheterocyclic compounds	Imidazopyrimidines	Purines and purine derivatives	Xanthines	Purine alkaloids	Pseudoalkaloids	Alkaloids
5513821438695695284	1545	0.6253	0.0001	181.0721	181.072	ZFXYFBGIUFBOJW	THEOPHYLLINE	CN1C2=C(C(=O)N(C)C1=O)N=CN2	Organic compounds	Organoheterocyclic compounds	Imidazopyrimidines	Purines and purine derivatives	Xanthines	Purine alkaloids	Pseudoalkaloids	Alkaloids
5513821438695695284	1546	0.6463	0.0001	181.0721	181.072	YAPQBXQYLJRXSA	THEOBROMINE - 70.0 eV	CN1C=NC2=C1C(=O)NC(=O)N2C	Organic compounds	Organoheterocyclic compounds	Imidazopyrimidines	Purines and purine derivatives	Xanthines	Purine alkaloids	Pseudoalkaloids	Alkaloids
5513821438695695284	1547	0.6253	0.0001	181.0721	181.072	ZFXYFBGIUFBOJW	THEOPHYLLINE	CN1C2=C(C(=O)N(C)C1=O)N=CN2	Organic compounds	Organoheterocyclic compounds	Imidazopyrimidines	Purines and purine derivatives	Xanthines	Purine alkaloids	Pseudoalkaloids	Alkaloids
5513821438695695284	1548	0.6253	0.0001	181.0721	181.072	QUNWUDVFRNGTCO	PARAXANTHINE - 30.0 eV	CN1C=NC2=C1C(=O)N(C)C(=O)N2	Organic compounds	Organoheterocyclic compounds	Imidazopyrimidines	Purines and purine derivatives	Xanthines	Purine alkaloids	Pseudoalkaloids	Alkaloids
5513821438695695284	1549	0.6194	0.0001	181.0721	181.072	ZFXYFBGIUFBOJW	1,3-dimethyl-7H-purine-2,6-dione	CN1C2=C(NC=N2)C(=O)N(C)C1=O	Organic compounds	Organoheterocyclic compounds	Imidazopyrimidines	Purines and purine derivatives	Xanthines	Purine alkaloids	Pseudoalkaloids	Alkaloids
5513821438695695284	1550	0.6253	0.0001	181.0721	181.072	ZFXYFBGIUFBOJW	THEOPHYLLINE	CN1C2=C(C(=O)N(C)C1=O)N=CN2	Organic compounds	Organoheterocyclic compounds	Imidazopyrimidines	Purines and purine derivatives	Xanthines	Purine alkaloids	Pseudoalkaloids	Alkaloids
5513821438695695284	1551	0.6253	0.0001	181.0721	181.072	YAPQBXQYLJRXSA	3,7-dimethylpurine-2,6-dione	CN1C=NC2=C1C(=O)NC(=O)N2C	Organic compounds	Organoheterocyclic compounds	Imidazopyrimidines	Purines and purine derivatives	Xanthines	Purine alkaloids	Pseudoalkaloids	Alkaloids
5513821438695695284	1552	0.719	0.0021	181.0721	181.07	QUNWUDVFRNGTCO	PARAXANTHINE	CN1C=NC2=C1C(=O)N(C(=O)N2)C	Organic compounds	Organoheterocyclic compounds	Imidazopyrimidines	Purines and purine derivatives	Xanthines	Purine alkaloids	Pseudoalkaloids	Alkaloids
5513821438695695284	1553	0.719	0.0021	181.0721	181.07	QUNWUDVFRNGTCO	PARAXANTHINE	CN1C=NC2=C1C(=O)N(C(=O)N2)C	Organic compounds	Organoheterocyclic compounds	Imidazopyrimidines	Purines and purine derivatives	Xanthines	Purine alkaloids	Pseudoalkaloids	Alkaloids
5513821438695695284	1554	0.6238	0.0001	181.0721	181.072	YAPQBXQYLJRXSA	THEOBROMINE	CN1C=NC2=C1C(=NC(=O)N2C)O	Organic compounds	Organoheterocyclic compounds	Imidazopyrimidines	Purines and purine derivatives	Xanthines	Purine alkaloids	Pseudoalkaloids	Alkaloids
5513821438695695284	1555	0.6243	0.0001	181.0721	181.072	ZFXYFBGIUFBOJW	1,3-dimethyl-7H-purine-2,6-dione	CN1C2=C(NC=N2)C(=O)N(C)C1=O	Organic compounds	Organoheterocyclic compounds	Imidazopyrimidines	Purines and purine derivatives	Xanthines	Purine alkaloids	Pseudoalkaloids	Alkaloids
5513821438695695284	1556	0.7187	0.0001	181.0721	181.072	YAPQBXQYLJRXSA	Theobromine	CN1C=NC2=C1C(=O)NC(=O)N2C	Organic compounds	Organoheterocyclic compounds	Imidazopyrimidines	Purines and purine derivatives	Xanthines	Purine alkaloids	Pseudoalkaloids	Alkaloids
5513821438695695284	1557	0.6243	0.0001	181.0721	181.072	ZFXYFBGIUFBOJW	THEOPHYLLINE	Cn1c(=O)c2nc[nH]c2n(C)c1=O	Organic compounds	Organoheterocyclic compounds	Imidazopyrimidines	Purines and purine derivatives	Xanthines	Purine alkaloids	Pseudoalkaloids	Alkaloids
5513821438695695284	1558	0.5273	17.9879	181.0721	199.06	FYRXXSCCOWRCLX	2-methoxy-1-(2,4,6-trihydroxyphenyl)ethan-1-one	COCC(=O)c1c(O)cc(O)cc1O	Organic compounds	Organic oxygen compounds	Organooxygen compounds	Carbonyl compounds	Alkyl-phenylketones	Acyl phloroglucinols	Phloroglucinols	Polyketides
5513821438695695284	1559	0.6242	0.0001	181.0721	181.072	ZFXYFBGIUFBOJW	THEOPHYLLINE	CN1C2=C(C(=O)N(C)C1=O)N=CN2	Organic compounds	Organoheterocyclic compounds	Imidazopyrimidines	Purines and purine derivatives	Xanthines	Purine alkaloids	Pseudoalkaloids	Alkaloids
5513821438695695284	1560	0.7862	0.0001	181.0721	181.072	ZFXYFBGIUFBOJW	THEOPHYLLINE	CN1C2=C(C(=O)N(C)C1=O)N=CN2	Organic compounds	Organoheterocyclic compounds	Imidazopyrimidines	Purines and purine derivatives	Xanthines	Purine alkaloids	Pseudoalkaloids	Alkaloids
5513821438695695284	1561	0.792	0.0001	181.0721	181.072	ZFXYFBGIUFBOJW	THEOPHYLLINE	CN1C2=C(NC=N2)C(=O)N(C)C1=O	Organic compounds	Organoheterocyclic compounds	Imidazopyrimidines	Purines and purine derivatives	Xanthines	Purine alkaloids	Pseudoalkaloids	Alkaloids
5513821438695695284	1562	0.7352	0.0009	181.0721	181.073	QUNWUDVFRNGTCO	1,7-Dimethylxanthine	CN1C=NC2=C1C(=O)N(C(=O)N2)C	Organic compounds	Organoheterocyclic compounds	Imidazopyrimidines	Purines and purine derivatives	Xanthines	Purine alkaloids	Pseudoalkaloids	Alkaloids
5513821438695695284	1563	0.7621	0.0001	181.0721	181.072	YAPQBXQYLJRXSA	THEOBROMINE	CN1C=NC2=C1C(=O)NC(=O)N2C	Organic compounds	Organoheterocyclic compounds	Imidazopyrimidines	Purines and purine derivatives	Xanthines	Purine alkaloids	Pseudoalkaloids	Alkaloids
5513821438695695284	1564	0.6242	0.0001	181.0721	181.072	QUNWUDVFRNGTCO	PARAXANTHINE - 40.0 eV	CN1C=NC2=C1C(=O)N(C)C(=O)N2	Organic compounds	Organoheterocyclic compounds	Imidazopyrimidines	Purines and purine derivatives	Xanthines	Purine alkaloids	Pseudoalkaloids	Alkaloids
5513821438695695284	1565	0.409	296.1579	181.0721	477.23	RDOIQAHITMMDAJ	4-[4-(4-chlorophenyl)-4-hydroxypiperidin-1-yl]-N,N-dimethyl-2,2-diphenylbutanamide	CN(C)C(=O)C(CCN1CCC(O)(CC1)C1=CC=C(Cl)C=C1)(C1=CC=CC=C1)C1=CC=CC=C1	Organic compounds	Benzenoids	Benzene and substituted derivatives	Diphenylmethanes	Diphenylmethanes	Isoquinoline alkaloids	Tyrosine alkaloids	Alkaloids
5513821438695695284	1566	0.6203	0.0001	181.0721	181.072	ZFXYFBGIUFBOJW	THEOPHYLLINE	CN1C2=C(C(=O)N(C)C1=O)N=CN2	Organic compounds	Organoheterocyclic compounds	Imidazopyrimidines	Purines and purine derivatives	Xanthines	Purine alkaloids	Pseudoalkaloids	Alkaloids
5513821438695695284	1567	0.409	584.2609	181.0721	765.333	LRYKURPAEKHAKB	5-(acetyloxy)-3-(hydroxymethyl)-2-oxo-6-(propan-2-yl)cyclohex-3-en-1-yl (2E)-4-(acetyloxy)-2-methylbut-2-enoate	CC(C)C(C(C=C(CO)C1=O)OC(C)=O)C1OC(/C(/C)=C/COC(C)=O)=O	Organic compounds	Lipids and lipid-like molecules	Prenol lipids	Monoterpenoids	Menthane monoterpenoids	Germacrane sesquiterpenoids	Sesquiterpenoids	Terpenoids
5513821438695695284	1568	0.409	989.7379	181.0721	1170.81	XBEDTLDOFCRJHC	3-[5-(3,5-dihydroxydecanoyloxy)-3-hydroxydecanoyl]oxy-5-hydroxydecanoic acid [IIN-based on: CCMSLIB00000848124]	CCCCCC(O)CC(O)CC(=O)OC(CCCCC)CC(O)CC(=O)OC(CC(O)CCCCC)CC(O)=O	Organic compounds	Lipids and lipid-like molecules	Fatty Acyls	Fatty acid esters	3-(3-hydroxyalkanoyloxy)alkanoic acids	Fatty acid estolides; Hydroxy fatty acids	Fatty Acids and Conjugates; Fatty esters	Fatty acids
5513821438695695284	1569	0.6194	0.0001	181.0721	181.072	ZFXYFBGIUFBOJW	THEOPHYLLINE	CN1C2=C(C(=O)N(C)C1=O)N=CN2	Organic compounds	Organoheterocyclic compounds	Imidazopyrimidines	Purines and purine derivatives	Xanthines	Purine alkaloids	Pseudoalkaloids	Alkaloids
5513821438695695284	1570	0.409	276.1339	181.0721	457.206	IQQUGRMXXJTLNW	6-[(1S,2R)-1,2-dihydroxypentyl]-4-methoxypyran-2-one [IIN-based on: CCMSLIB00000845037]	CCC[C@@H](O)[C@H](O)C1=CC(OC)=CC(=O)O1	Organic compounds	Organoheterocyclic compounds	Pyrans	Pyranones and derivatives	Pyranones and derivatives	2-pyrone derivatives	Cyclic polyketides	Polyketides
5513821438695695284	1571	0.6253	0.0001	181.0721	181.072	YAPQBXQYLJRXSA	THEOBROMINE	CN1C=NC2=C1C(=NC(=O)N2C)O	Organic compounds	Organoheterocyclic compounds	Imidazopyrimidines	Purines and purine derivatives	Xanthines	Purine alkaloids	Pseudoalkaloids	Alkaloids
5513821438695695284	1572	0.409	254.2229	181.0721	435.295	SCABKEBYDRTODC	bis[2-(2-butoxyethoxy)ethyl] hexanedioate	CCCCOCCOCCOC(=O)CCCCC(=O)OCCOCCOCCCC	Organic compounds	Lipids and lipid-like molecules	Fatty Acyls	Fatty acid esters	Fatty acid esters	Triacylglycerols	Glycerolipids	Fatty acids
5513821438695695284	1573	0.409	599.4749	181.0721	780.547	PBYPZVMETKFGQR	5-[5-[5-(3,5-dihydroxydecanoyloxy)-3-hydroxydecanoyl]oxy-3-hydroxydecanoyl]oxy-3-hydroxydecanoic acid	CCCCCC(O)CC(O)CC(=O)OC(CCCCC)CC(O)CC(=O)OC(CCCCC)CC(O)CC(=O)OC(CCCCC)CC(O)CC(O)=O	Organic compounds	Organic acids and derivatives	Carboxylic acids and derivatives	Tetracarboxylic acids and derivatives	Tetracarboxylic acids and derivatives	Fatty acid estolides	Fatty esters	Fatty acids
5513821438695695284	1574	0.3459	113.9649	181.0721	295.037	DXDRHHKMWQZJHT	isoliquiritigenin	O=C(/C=C/c1ccc(O)cc1)c1ccc(O)cc1O	Organic compounds	Phenylpropanoids and polyketides	Linear 1,3-diarylpropanoids	Chalcones and dihydrochalcones	2'-Hydroxychalcones	Chalcones	Flavonoids	Shikimates and Phenylpropanoids
5513821438695695284	1575	0.409	264.0399	181.0721	445.112	WLSOGIGMSWCVID	6-[(6,8-dihydroxy-7-methoxy-3-methyl-1-oxo-3,4-dihydroisochromen-4-yl)oxy]-4,8-dihydroxy-7-methoxy-3-methyl-3,4-dihydroisochromen-1-one	COC1=C(O)C2=C(C=C1O)C(OC3=C(OC)C(O)=C4C(=O)OC(C)C(O)C4=C3)C(C)OC2=O	Organic compounds	Benzenoids	Benzene and substituted derivatives	Benzoic acids and derivatives	Hydroxybenzoic acid derivatives	Isocoumarins	Coumarins	Shikimates and Phenylpropanoids
5513821438695695284	1576	0.7621	0.0001	181.0721	181.072	YAPQBXQYLJRXSA	THEOBROMINE - 50.0 eV	CN1C=NC2=C1C(=O)NC(=O)N2C	Organic compounds	Organoheterocyclic compounds	Imidazopyrimidines	Purines and purine derivatives	Xanthines	Purine alkaloids	Pseudoalkaloids	Alkaloids
5513821438695695284	1577	0.7843	0.0001	181.0721	181.072	ZFXYFBGIUFBOJW	1,3-dimethyl-7H-purine-2,6-dione	CN1C2=C(C(=O)N(C1=O)C)NC=N2	Organic compounds	Organoheterocyclic compounds	Imidazopyrimidines	Purines and purine derivatives	Xanthines	Purine alkaloids	Pseudoalkaloids	Alkaloids
5513821438695695284	1578	0.6253	0.0001	181.0721	181.072	QUNWUDVFRNGTCO	PARAXANTHINE - 40.0 eV	CN1C=NC2=C1C(=O)N(C)C(=O)N2	Organic compounds	Organoheterocyclic compounds	Imidazopyrimidines	Purines and purine derivatives	Xanthines	Purine alkaloids	Pseudoalkaloids	Alkaloids
5513821438695695284	1579	0.7621	0.0001	181.0721	181.072	YAPQBXQYLJRXSA	THEOBROMINE - 20.0 eV	CN1C=NC2=C1C(=O)NC(=O)N2C	Organic compounds	Organoheterocyclic compounds	Imidazopyrimidines	Purines and purine derivatives	Xanthines	Purine alkaloids	Pseudoalkaloids	Alkaloids
5513821438695695284	1580	0.6253	0.0001	181.0721	181.072	ZFXYFBGIUFBOJW	THEOPHYLLINE	CN1C2=C(C(=O)N(C)C1=O)N=CN2	Organic compounds	Organoheterocyclic compounds	Imidazopyrimidines	Purines and purine derivatives	Xanthines	Purine alkaloids	Pseudoalkaloids	Alkaloids
5513821438695695284	1581	0.6253	0.0001	181.0721	181.072	YAPQBXQYLJRXSA	THEOBROMINE	Cn1cnc2c1c(O)nc(=O)n2C	Organic compounds	Organoheterocyclic compounds	Imidazopyrimidines	Purines and purine derivatives	Xanthines	Purine alkaloids	Pseudoalkaloids	Alkaloids
5513821438695695284	1582	0.6253	0.0001	181.0721	181.072	YAPQBXQYLJRXSA	THEOBROMINE - 60.0 eV	CN1C=NC2=C1C(=O)NC(=O)N2C	Organic compounds	Organoheterocyclic compounds	Imidazopyrimidines	Purines and purine derivatives	Xanthines	Purine alkaloids	Pseudoalkaloids	Alkaloids
5513821438695695284	1583	0.6253	0.0001	181.0721	181.072	ZFXYFBGIUFBOJW	THEOPHYLLINE	Cn1c(=O)c2nc[nH]c2n(C)c1=O	Organic compounds	Organoheterocyclic compounds	Imidazopyrimidines	Purines and purine derivatives	Xanthines	Purine alkaloids	Pseudoalkaloids	Alkaloids
5513821438695695284	1584	0.6253	0.0001	181.0721	181.072	YAPQBXQYLJRXSA	THEOBROMINE	CN1C=NC2=C1C(=NC(=O)N2C)O	Organic compounds	Organoheterocyclic compounds	Imidazopyrimidines	Purines and purine derivatives	Xanthines	Purine alkaloids	Pseudoalkaloids	Alkaloids
5513821438695695284	1585	0.6194	0.0001	181.0721	181.072	ZFXYFBGIUFBOJW	1,3-dimethyl-7H-purine-2,6-dione	CN1C2=C(NC=N2)C(=O)N(C)C1=O	Organic compounds	Organoheterocyclic compounds	Imidazopyrimidines	Purines and purine derivatives	Xanthines	Purine alkaloids	Pseudoalkaloids	Alkaloids
5513821438695695284	1586	0.6253	0.0001	181.0721	181.072	YAPQBXQYLJRXSA	THEOBROMINE	CN1C=NC2=C1C(=NC(=O)N2C)O	Organic compounds	Organoheterocyclic compounds	Imidazopyrimidines	Purines and purine derivatives	Xanthines	Purine alkaloids	Pseudoalkaloids	Alkaloids
5513821438695695284	1587	0.6194	0.0001	181.0721	181.072	YAPQBXQYLJRXSA	theobromine	Cn1cnc2c1c(O)nc(=O)n2C	Organic compounds	Organoheterocyclic compounds	Imidazopyrimidines	Purines and purine derivatives	Xanthines	Purine alkaloids	Pseudoalkaloids	Alkaloids
5513821438695695284	1588	0.6194	0.0001	181.0721	181.072	YAPQBXQYLJRXSA	3,7-dimethylpurine-2,6-dione	CN1C=NC2=C1C(=O)NC(=O)N2C	Organic compounds	Organoheterocyclic compounds	Imidazopyrimidines	Purines and purine derivatives	Xanthines	Purine alkaloids	Pseudoalkaloids	Alkaloids
5513821438695695284	1589	0.6243	0.0001	181.0721	181.072	ZFXYFBGIUFBOJW	THEOPHYLLINE - 20.0 eV	CN1C2=C(NC=N2)C(=O)N(C)C1=O	Organic compounds	Organoheterocyclic compounds	Imidazopyrimidines	Purines and purine derivatives	Xanthines	Purine alkaloids	Pseudoalkaloids	Alkaloids
5513821438695695284	1590	0.6242	0.0001	181.0721	181.072	ZFXYFBGIUFBOJW	1,3-dimethyl-7H-purine-2,6-dione	CN1C2=C(NC=N2)C(=O)N(C)C1=O	Organic compounds	Organoheterocyclic compounds	Imidazopyrimidines	Purines and purine derivatives	Xanthines	Purine alkaloids	Pseudoalkaloids	Alkaloids
5513821438695695284	1591	0.409	630.0239	181.0721	811.096	XFLTYUCKJRFDOU	[(2R,3R,4S,5R,6S)-2-(hydroxymethyl)-4,5,6-tris[(3,4,5-trihydroxybenzoyl)oxy]oxan-3-yl] 3,4,5-trihydroxybenzoate	O=C(O[C@@H]1O[C@H](CO)[C@@H](OC(=O)c2cc(O)c(O)c(O)c2)[C@H](OC(=O)c2cc(O)c(O)c(O)c2)[C@H]1OC(=O)c1cc(O)c(O)c(O)c1)c1cc(O)c(O)c(O)c1	Organic compounds	Phenylpropanoids and polyketides	Tannins		Tannins	Gallotannins	Phenolic acids (C6-C1)	Shikimates and Phenylpropanoids
5513821438695695284	1592	0.7899	0.0001	181.0721	181.072	ZFXYFBGIUFBOJW	THEOPHYLLINE	CN1C2=C(C(=O)N(C)C1=O)N=CN2	Organic compounds	Organoheterocyclic compounds	Imidazopyrimidines	Purines and purine derivatives	Xanthines	Purine alkaloids	Pseudoalkaloids	Alkaloids
5513821438695695284	1593	0.7643	0.0001	181.0721	181.072	ZFXYFBGIUFBOJW	THEOPHYLLINE	CN1C2=C(C(=O)N(C)C1=O)N=CN2	Organic compounds	Organoheterocyclic compounds	Imidazopyrimidines	Purines and purine derivatives	Xanthines	Purine alkaloids	Pseudoalkaloids	Alkaloids
5513821438695695284	1594	0.7669	0.0001	181.0721	181.072	ZFXYFBGIUFBOJW	THEOPHYLLINE	CN1C2=C(C(=O)N(C)C1=O)N=CN2	Organic compounds	Organoheterocyclic compounds	Imidazopyrimidines	Purines and purine derivatives	Xanthines	Purine alkaloids	Pseudoalkaloids	Alkaloids
5513821438695695284	1595	0.7843	0.0009	181.0721	181.073	QUNWUDVFRNGTCO	PARAXANTHINE	CN1C=NC2=C1C(=O)N(C(=O)N2)C	Organic compounds	Organoheterocyclic compounds	Imidazopyrimidines	Purines and purine derivatives	Xanthines	Purine alkaloids	Pseudoalkaloids	Alkaloids
16912421942606204624	1617	0.5521	0.0553	472.1927	472.248	OOEVXDPMQUDHKH	9-(4-hydroxyphenyl)-10-(4-methoxyphenyl)-3,3,6,6-tetramethyl-2,3,4,5,6,7,9,10- octahydroacridine-1,8-dione	COc1ccc(N2C3=C(C(=O)CC(C)(C)C3)C(c3ccc(O)cc3)C3=C2CC(C)(C)CC3=O)cc1	Organic compounds	Organoheterocyclic compounds	Quinolines and derivatives	Phenylquinolines	Phenylquinolines			Alkaloids
16912421942606204624	1624	0.3459	175.1927	472.1927	297.0	GRGPQNRHXNRJFL	Tanshinone VI	CC1=C2C=CC3=C(C2=CC=C1)C(=O)C(=O)C(=C3O)C(C)CO	Organic compounds	Lipids and lipid-like molecules	Prenol lipids	Diterpenoids	Tanshinones, isotanshinones, and derivatives	Naphthoquinones	Naphthalenes	Polyketides
16912421942606204624	1628	0.409	22.0417	472.1927	450.151	CLHYKPBCCXMSGW	[5-cyclopropyl-7-(trifluoromethyl)(8-hydropyrazolo[1,5-a]pyrimidin-2-yl)]-N-[2 -(5-methylindol-3-yl)ethyl]carboxamide	Cc1ccc2[nH]cc(CCN=C(O)c3cc4nc(C5CC5)cc(C(F)(F)F)n4n3)c2c1	Organic compounds	Organoheterocyclic compounds	Indoles and derivatives	Indoles	3-alkylindoles		Tryptophan alkaloids	Alkaloids
7871519732086442797	1649	0.6237	0.0003	196.0887	196.089	WPRYXHDMUFXECU	1-(3-chlorophenyl)-2-[(methylethyl)amino]ethan-1-ol	CC(C)NCC(O)c1cccc(Cl)c1	Organic compounds	Benzenoids	Benzene and substituted derivatives	Halobenzenes	Chlorobenzenes	Phenylalanine-derived alkaloids; Phenylethylamines	Tyrosine alkaloids; Pseudoalkaloids	Alkaloids
7871519732086442797	1650	0.3459	185.0623	196.0887	381.151	DEFVIWRASFVYLL	Egtazic acid	C(COCCOCCN(CC(=O)O)CC(=O)O)N(CC(=O)O)CC(=O)O	Organic compounds	Organic acids and derivatives	Carboxylic acids and derivatives	Tetracarboxylic acids and derivatives	Tetracarboxylic acids and derivatives	Aminoacids	Small peptides	Amino acids and Peptides
7871519732086442797	1651	0.3121	108.0663	196.0887	304.155	LSLYOANBFKQKPT	Fenoterol	[H]Oc(c([H])2)c([H])c([H])c(c([H])2)C([H])([H])C([H])(C([H])([H])[H])N([H])C([H])([H])C([H])(O[H])c(c([H])1)c([H])c(O[H])c([H])c(O[H])1	Organic compounds	Benzenoids	Benzene and substituted derivatives	Phenethylamines	Amphetamines and derivatives	Phenylethylamines	Tyrosine alkaloids	Alkaloids
7871519732086442797	1652	0.2939	142.0573	196.0887	338.146	SIDXEQFMTMICKG	BML01752 N2-Isobutyryl-2'-deoxyguanosine	CC(C)C(=O)NC1=NC(=O)C2=C(N1)N(C=N2)[C@H]3C[C@@H]([C@H](O3)CO)O	Organic compounds	Nucleosides, nucleotides, and analogues	Purine nucleosides	Purine 2'-deoxyribonucleosides	Purine 2'-deoxyribonucleosides	Purine nucleos(t)ides	Nucleosides	Carbohydrates
7871519732086442797	1653	0.3459	200.2583	196.0887	396.347	TYWACVZIFBZIQZ	(2S,3S)-3-methyl-2-[[(Z)-octadec-9-enoyl]amino]pentanoic acid	CCCCCCCC/C=C\CCCCCCCC(=O)N[C@@H]([C@@H](C)CC)C(=O)O	Organic compounds	Organic acids and derivatives	Carboxylic acids and derivatives	Amino acids, peptides, and analogues	Isoleucine and derivatives	N-acyl amines	Fatty amides	Fatty acids
7871519732086442797	1654	0.3459	97.0083	196.0887	293.097	KCXVZYZYPLLWCC	Ethylenediaminetetraacetic acid	C(CN(CC(=O)O)CC(=O)O)N(CC(=O)O)CC(=O)O	Organic compounds	Organic acids and derivatives	Carboxylic acids and derivatives	Tetracarboxylic acids and derivatives	Tetracarboxylic acids and derivatives	Aminoacids	Small peptides	Amino acids and Peptides
7871519732086442797	1655	0.409	239.2063	196.0887	435.295	SCABKEBYDRTODC	bis[2-(2-butoxyethoxy)ethyl] hexanedioate	CCCCOCCOCCOC(=O)CCCCC(=O)OCCOCCOCCCC	Organic compounds	Lipids and lipid-like molecules	Fatty Acyls	Fatty acid esters	Fatty acid esters	Triacylglycerols	Glycerolipids	Fatty acids
7871519732086442797	1656	0.409	239.2063	196.0887	435.295	SCABKEBYDRTODC	bis[2-(2-butoxyethoxy)ethyl] hexanedioate	CCCCOCCOCCOC(=O)CCCCC(=O)OCCOCCOCCCC	Organic compounds	Lipids and lipid-like molecules	Fatty Acyls	Fatty acid esters	Fatty acid esters	Triacylglycerols	Glycerolipids	Fatty acids
7871519732086442797	1657	0.3459	113.1653	196.0887	309.254	CMQOSWNHMUHIJJ	(E)-N-butyl-N-(1-(cyclohexylamino)-1-oxobutan-2-yl)but-2-enamide	C/C=C/C(=O)N(CCCC)C(CC)C(=O)NC1CCCCC1	Organic compounds	Lipids and lipid-like molecules	Fatty Acyls	Fatty amides	N-acyl amines			
7871519732086442797	1658	0.2939	103.0683	196.0887	299.157	VRSRBPOCDOKYKT	78213-63-5	C(N1CCN(CC1)c2ncccn2)c3ccc4OCOc4c3.Cl	Organic compounds	Organoheterocyclic compounds	Diazinanes	Piperazines	N-arylpiperazines		Lysine alkaloids	Alkaloids
7871519732086442797	1659	0.3459	121.1343	196.0887	317.223	VXCAHHWNQSZQMI	(E)-N-(1-(benzylamino)-1-oxobutan-2-yl)-N-butylbut-2-enamide	C/C=C/C(=O)N(CCCC)C(CC)C(=O)NCc1ccccc1	Organic compounds	Organic acids and derivatives	Carboxylic acids and derivatives	Amino acids, peptides, and analogues	Alpha amino acids and derivatives			Alkaloids
7871519732086442797	1660	0.5284	108.1023	196.0887	304.191	ZOEVRBRMARFYMK	(6-methyl-6-azabicyclo[4.4.0]dec-2-yl)methyl 2-hydroxybenzoate, iodide M	C[N+]12CCCCC1C(COC(=O)c1ccccc1O)CCC2	Organic compounds	Alkaloids and derivatives	Lupin alkaloids	Lupinine-type alkaloids	Lupinine-type alkaloids			
7871519732086442797	1661	0.3459	147.1003	196.0887	343.189	APJYDQYYACXCRM	tryptamine	C1=CC=C2C(=C1)C(=CN2)CCN	Organic compounds	Organoheterocyclic compounds	Indoles and derivatives	Tryptamines and derivatives	Tryptamines and derivatives	Simple indole alkaloids	Tryptophan alkaloids	Alkaloids
7871519732086442797	1662	0.5286	168.9603	196.0887	365.049	DCTLYFZHFGENCW	XANTHOSINE 5'-MONOPHOSPHATE	C([C@@H]1[C@H]([C@H]([C@H](N2C=NC3=C(N=C(N=C32)O)O)O1)O)O)OP(=O)(O)O	Organic compounds	Nucleosides, nucleotides, and analogues	Purine nucleotides	Purine ribonucleotides	Purine ribonucleoside monophosphates	Purine nucleos(t)ides	Nucleosides	Carbohydrates
7871519732086442797	1663	0.409	327.9693	196.0887	524.058	BQOHYSXSASDCEA	Cyclic adenosine diphosphate ribose	C1[C@@H]2[C@H]([C@H]([C@@H](O2)N3C=NC4=C3N=CN(C4=N)[C@H]5[C@@H]([C@@H]([C@H](O5)COP(=O)(OP(=O)(O1)O)O)O)O)O)O	Organic compounds	Organic oxygen compounds	Organooxygen compounds	Carbohydrates and carbohydrate conjugates	Pentose phosphates	Purine nucleos(t)ides	Nucleosides	Carbohydrates
7871519732086442797	1665	0.409	237.0583	196.0887	433.147	ZWKRXBCJAUKDCI	captopril disulfide metabolite (putative)	CC(CSSCC(C)C(=O)N1CCCC1C(=O)O)C(=O)N2CCCC2C(=O)O	Organic compounds	Organic acids and derivatives	Carboxylic acids and derivatives	Amino acids, peptides, and analogues	N-acyl-alpha amino acids		Small peptides	Amino acids and Peptides; Polyketides
7871519732086442797	1666	0.3459	115.1813	196.0887	311.27	UQRGRWPAQSUOCR	N-butyl-N-(1-(cyclohexylamino)-1-oxobutan-2-yl)butyramide	CCCCN(C(=O)CCC)C(CC)C(=O)NC1CCCCC1	Organic compounds	Lipids and lipid-like molecules	Fatty Acyls	Fatty amides	N-acyl amines			
7871519732086442797	1667	0.3459	111.0763	196.0887	307.165	VYFYYTLLBUKUHU	dopamine	C1=CC(=C(C=C1CCN)O)O	Organic compounds	Benzenoids	Phenols	Benzenediols	Catecholamines and derivatives	Phenylethylamines	Tyrosine alkaloids	Alkaloids
7871519732086442797	1668	0.6237	0.0003	196.0887	196.089	WPRYXHDMUFXECU	1-(3-chlorophenyl)-2-[(methylethyl)amino]ethan-1-ol	CC(C)NCC(O)c1cccc(Cl)c1	Organic compounds	Benzenoids	Benzene and substituted derivatives	Halobenzenes	Chlorobenzenes	Phenylalanine-derived alkaloids; Phenylethylamines	Tyrosine alkaloids; Pseudoalkaloids	Alkaloids
7871519732086442797	1669	0.3459	183.0033	196.0887	379.092	HCZHHEIFKROPDY	kynurenic_acid	C1=CC=C2C(=C1)C(=O)C=C(N2)C(=O)O	Organic compounds	Organoheterocyclic compounds	Quinolines and derivatives	Quinoline carboxylic acids	Quinoline carboxylic acids	Acridone alkaloids	Anthranilic acid alkaloids	Alkaloids
7871519732086442797	1670	0.6237	0.0003	196.0887	196.089	WPRYXHDMUFXECU	1-(3-chlorophenyl)-2-[(methylethyl)amino]ethan-1-ol	CC(C)NCC(O)c1cccc(Cl)c1	Organic compounds	Benzenoids	Benzene and substituted derivatives	Halobenzenes	Chlorobenzenes	Phenylalanine-derived alkaloids; Phenylethylamines	Tyrosine alkaloids; Pseudoalkaloids	Alkaloids
7871519732086442797	1671	0.6237	0.0003	196.0887	196.089	WPRYXHDMUFXECU	1-(3-chlorophenyl)-2-[(methylethyl)amino]ethan-1-ol	CC(C)NCC(O)c1cccc(Cl)c1	Organic compounds	Benzenoids	Benzene and substituted derivatives	Halobenzenes	Chlorobenzenes	Phenylalanine-derived alkaloids; Phenylethylamines	Tyrosine alkaloids; Pseudoalkaloids	Alkaloids
7871519732086442797	1672	0.6237	0.0003	196.0887	196.089	WPRYXHDMUFXECU	1-(3-chlorophenyl)-2-[(methylethyl)amino]ethan-1-ol	CC(C)NCC(O)c1cccc(Cl)c1	Organic compounds	Benzenoids	Benzene and substituted derivatives	Halobenzenes	Chlorobenzenes	Phenylalanine-derived alkaloids; Phenylethylamines	Tyrosine alkaloids; Pseudoalkaloids	Alkaloids
7871519732086442797	1673	0.6237	0.0003	196.0887	196.089	WPRYXHDMUFXECU	1-(3-chlorophenyl)-2-[(methylethyl)amino]ethan-1-ol	CC(C)NCC(O)c1cccc(Cl)c1	Organic compounds	Benzenoids	Benzene and substituted derivatives	Halobenzenes	Chlorobenzenes	Phenylalanine-derived alkaloids; Phenylethylamines	Tyrosine alkaloids; Pseudoalkaloids	Alkaloids
7871519732086442797	1674	0.6237	0.0003	196.0887	196.089	WPRYXHDMUFXECU	1-(3-chlorophenyl)-2-[(methylethyl)amino]ethan-1-ol	CC(C)NCC(O)c1cccc(Cl)c1	Organic compounds	Benzenoids	Benzene and substituted derivatives	Halobenzenes	Chlorobenzenes	Phenylalanine-derived alkaloids; Phenylethylamines	Tyrosine alkaloids; Pseudoalkaloids	Alkaloids
7871519732086442797	1675	0.6237	0.0003	196.0887	196.089	WPRYXHDMUFXECU	1-(3-chlorophenyl)-2-[(methylethyl)amino]ethan-1-ol	CC(C)NCC(O)c1cccc(Cl)c1	Organic compounds	Benzenoids	Benzene and substituted derivatives	Halobenzenes	Chlorobenzenes	Phenylalanine-derived alkaloids; Phenylethylamines	Tyrosine alkaloids; Pseudoalkaloids	Alkaloids
7871519732086442797	1676	0.2939	130.9193	196.0887	327.008	KVMPUXDNESXNOH	TCPP	CC(CCl)OP(=O)(OC(C)CCl)OC(C)CCl	Organic compounds	Organic acids and derivatives	Organic phosphoric acids and derivatives	Phosphate esters	Trialkyl phosphates			Fatty acids
7871519732086442797	1677	0.6237	0.0003	196.0887	196.089	WPRYXHDMUFXECU	1-(3-chlorophenyl)-2-[(methylethyl)amino]ethan-1-ol	CC(C)NCC(O)c1cccc(Cl)c1	Organic compounds	Benzenoids	Benzene and substituted derivatives	Halobenzenes	Chlorobenzenes	Phenylalanine-derived alkaloids; Phenylethylamines	Tyrosine alkaloids; Pseudoalkaloids	Alkaloids
7871519732086442797	1678	0.3775	50.0287	196.0887	146.06	VDBNYAPERZTOOF	2H-isoquinolin-1-one	c1ccc2c(c1)ccnc2O	Organic compounds	Organoheterocyclic compounds	Isoquinolines and derivatives	Isoquinolones and derivatives	Isoquinolones and derivatives		Tryptophan alkaloids	Alkaloids
7871519732086442797	1679	0.3459	159.1063	196.0887	355.195	DHLXQJRATUXKKM	GOLA_N6_2_5-amino-5-carboxypentyl amino -2-oxoethyl lysine	NC(CCCCNCC(=O)NCCCCC(N)C(O)=O)C(O)=O	Organic compounds	Organic acids and derivatives	Carboxylic acids and derivatives	Amino acids, peptides, and analogues	Alpha amino acid amides	Aminoacids	Small peptides	Amino acids and Peptides
7871519732086442797	1680	0.6237	0.0003	196.0887	196.089	WPRYXHDMUFXECU	1-(3-chlorophenyl)-2-[(methylethyl)amino]ethan-1-ol	CC(C)NCC(O)c1cccc(Cl)c1	Organic compounds	Benzenoids	Benzene and substituted derivatives	Halobenzenes	Chlorobenzenes	Phenylalanine-derived alkaloids; Phenylethylamines	Tyrosine alkaloids; Pseudoalkaloids	Alkaloids
7871519732086442797	1681	0.5495	15.0167	196.0887	181.072	QUNWUDVFRNGTCO	PARAXANTHINE	CN1C=NC2=C1C(=O)N(C)C(=N2)O	Organic compounds	Organoheterocyclic compounds	Imidazopyrimidines	Purines and purine derivatives	Xanthines	Purine alkaloids	Pseudoalkaloids	Alkaloids
7871519732086442797	1682	0.5292	1.0007	196.0887	195.088	RYYVLZVUVIJVGH	FIO00572 Caffeine	Cn(c2)c(C(=O)1)c(n2)N(C)C(=O)N(C)1	Organic compounds	Organoheterocyclic compounds	Imidazopyrimidines	Purines and purine derivatives	Xanthines	Purine alkaloids	Pseudoalkaloids	Alkaloids
7871519732086442797	1683	0.3459	108.0663	196.0887	304.155	LSLYOANBFKQKPT	Fenoterol	[H]Oc(c([H])2)c([H])c([H])c(c([H])2)C([H])([H])C([H])(C([H])([H])[H])N([H])C([H])([H])C([H])(O[H])c(c([H])1)c([H])c(O[H])c([H])c(O[H])1	Organic compounds	Benzenoids	Benzene and substituted derivatives	Phenethylamines	Amphetamines and derivatives	Phenylethylamines	Tyrosine alkaloids	Alkaloids
7871519732086442797	1684	0.409	301.0043	196.0887	497.093	SKUCQDOSGKINGP	3,4-di-O-galloylquinic acid	O=C(O[C@@H]1C[C@](O)(C(=O)O)C[C@@H](O)[C@H]1OC(=O)c1cc(O)c(O)c(O)c1)c1cc(O)c(O)c(O)c1	Organic compounds	Organic oxygen compounds	Organooxygen compounds	Alcohols and polyols	Quinic acids and derivatives	Gallotannins; Simple phenolic acids	Phenolic acids (C6-C1)	Shikimates and Phenylpropanoids
7871519732086442797	1685	0.409	423.5243	196.0887	619.613	JZJYYCFYGXPUMF	Oleoyl ethylamide	CCCCCCCC/C=C\CCCCCCCC(=O)NCC	Organic compounds	Lipids and lipid-like molecules	Fatty Acyls	Fatty amides	N-acyl amines	N-acyl amines	Fatty amides	Fatty acids
7871519732086442797	1686	0.2939	104.1073	196.0887	300.196	PTGXAUBQBSGPKF	Nylidrin|4-[1-hydroxy-2-(4-phenylbutan-2-ylamino)propyl]phenol	CC(CCC1=CC=CC=C1)NC(C)C(C2=CC=C(C=C2)O)O	Organic compounds	Benzenoids	Benzene and substituted derivatives	Phenylpropanes	Phenylpropanes	Phenylalanine-derived alkaloids	Pseudoalkaloids	Alkaloids
7871519732086442797	1688	0.3459	191.9113	196.0887	388.0	AHTPATJNIAFOLR	Thifensulfuron-methyl	COc(n2)nc(nc(C)2)NC(=O)NS(=O)(=O)c(c1)c(sc1)C(=O)OC	Organic compounds	Organoheterocyclic compounds	Thiophenes	Thiophene carboxylic acids and derivatives	Thiophene carboxylic acids and derivatives			Alkaloids
7871519732086442797	1689	0.522	22.9993	196.0887	219.088	IORPOFJLSIHJOG	"3,7-Dimethyl-1-propargylxanthine"""	Cn1cnc2n(C)c(=O)n(CC#C)c(=O)c12	Organic compounds	Organoheterocyclic compounds	Imidazopyrimidines	Purines and purine derivatives	Xanthines			
7871519732086442797	1690	0.6237	0.0003	196.0887	196.089	WPRYXHDMUFXECU	1-(3-chlorophenyl)-2-[(methylethyl)amino]ethan-1-ol	CC(C)NCC(O)c1cccc(Cl)c1	Organic compounds	Benzenoids	Benzene and substituted derivatives	Halobenzenes	Chlorobenzenes	Phenylalanine-derived alkaloids; Phenylethylamines	Tyrosine alkaloids; Pseudoalkaloids	Alkaloids
7871519732086442797	1691	0.3107	95.0013	196.0887	291.09	IVUXTESCPZUGJC	3-[4-(4-chloranylphenoxy)phenyl]-1,1-dimethyl-urea	CN(C)C(=O)NC1=CC=C(OC2=CC=C(Cl)C=C2)C=C1	Organic compounds	Benzenoids	Benzene and substituted derivatives	Diphenylethers	Diphenylethers			
7871519732086442797	1692	0.6237	0.0003	196.0887	196.089	WPRYXHDMUFXECU	1-(3-chlorophenyl)-2-[(methylethyl)amino]ethan-1-ol	CC(C)NCC(O)c1cccc(Cl)c1	Organic compounds	Benzenoids	Benzene and substituted derivatives	Halobenzenes	Chlorobenzenes	Phenylalanine-derived alkaloids; Phenylethylamines	Tyrosine alkaloids; Pseudoalkaloids	Alkaloids
7871519732086442797	1693	0.5456	56.0213	196.0887	252.11	OFEZSBMBBKLLBJ	Cordycepin	OCC1OC(N2C=NC=3C(=NC=NC32)N)C(O)C1	Organic compounds	Nucleosides, nucleotides, and analogues	Purine nucleosides	Purine 3'-deoxyribonucleosides	Purine 3'-deoxyribonucleosides	Purine nucleos(t)ides	Nucleosides	Carbohydrates
7871519732086442797	1694	0.6237	0.0003	196.0887	196.089	WPRYXHDMUFXECU	1-(3-chlorophenyl)-2-[(methylethyl)amino]ethan-1-ol	CC(C)NCC(O)c1cccc(Cl)c1	Organic compounds	Benzenoids	Benzene and substituted derivatives	Halobenzenes	Chlorobenzenes	Phenylalanine-derived alkaloids; Phenylethylamines	Tyrosine alkaloids; Pseudoalkaloids	Alkaloids
7871519732086442797	1695	0.3397	92.0863	196.0887	288.175	MXHTZQSKTCCMFG	Tribenzylamin	C(N(CC1=CC=CC=C1)CC1=CC=CC=C1)C1=CC=CC=C1	Organic compounds	Benzenoids	Benzene and substituted derivatives	Phenylmethylamines	Phenylmethylamines			Alkaloids
7871519732086442797	1696	0.6237	0.0003	196.0887	196.089	WPRYXHDMUFXECU	1-(3-chlorophenyl)-2-[(methylethyl)amino]ethan-1-ol	CC(C)NCC(O)c1cccc(Cl)c1	Organic compounds	Benzenoids	Benzene and substituted derivatives	Halobenzenes	Chlorobenzenes	Phenylalanine-derived alkaloids; Phenylethylamines	Tyrosine alkaloids; Pseudoalkaloids	Alkaloids
4882780294393822769	1697	0.6259	0.0003	96.0446	96.0449	UBQKCCHYAOITMY	2-Hydroxypyridine	C1=CC(=O)NC=C1	Organic compounds	Organoheterocyclic compounds	Pyridines and derivatives	Hydropyridines	Pyridinones	Pyridine alkaloids	Nicotinic acid alkaloids	Alkaloids
4882780294393822769	1698	0.409	375.1044	96.0446	471.149	VCKPUUFAIGNJHC	3_hydroxy_DL_kynurenine	C1=CC(=C(C(=C1)O)N)C(=O)CC(C(=O)O)N	Organic compounds	Organic oxygen compounds	Organooxygen compounds	Carbonyl compounds	Alkyl-phenylketones	Aminoacids	Small peptides	Amino acids and Peptides
4882780294393822769	1699	0.625	0.0002	96.0446	96.0444	UBQKCCHYAOITMY	2-HYDROXYPYRIDINE	Oc1ccccn1	Organic compounds	Organoheterocyclic compounds	Pyridines and derivatives	Hydropyridines	Pyridinones	Pyridine alkaloids	Nicotinic acid alkaloids	Alkaloids
4882780294393822769	1700	0.625	0.0003	96.0446	96.0449	GRFNBEZIAWKNCO	3-Hydroxypyridine	C1=CC(=CN=C1)O	Organic compounds	Organoheterocyclic compounds	Pyridines and derivatives	Hydroxypyridines	Hydroxypyridines	Pyridine alkaloids	Nicotinic acid alkaloids	Alkaloids
4882780294393822769	1702	0.7302	0.0002	96.0446	96.0444	GRFNBEZIAWKNCO	pyridin-3-ol	OC1=CC=CN=C1	Organic compounds	Organoheterocyclic compounds	Pyridines and derivatives	Hydroxypyridines	Hydroxypyridines	Pyridine alkaloids	Nicotinic acid alkaloids	Alkaloids
4882780294393822769	1703	0.6259	0.0003	96.0446	96.0449	GRFNBEZIAWKNCO	3-Hydroxypyridine	C1=CC(=CN=C1)O	Organic compounds	Organoheterocyclic compounds	Pyridines and derivatives	Hydroxypyridines	Hydroxypyridines	Pyridine alkaloids	Nicotinic acid alkaloids	Alkaloids
4882780294393822769	1705	0.625	0.0002	96.0446	96.0444	UBQKCCHYAOITMY	2-HYDROXYPYRIDINE - 20.0 eV	OC1=CC=CC=N1	Organic compounds	Organoheterocyclic compounds	Pyridines and derivatives	Hydropyridines	Pyridinones	Pyridine alkaloids	Nicotinic acid alkaloids	Alkaloids
4882780294393822769	1714	0.8353	0.0002	96.0446	96.0444	UBQKCCHYAOITMY	2-HYDROXYPYRIDINE	Oc1ccccn1	Organic compounds	Organoheterocyclic compounds	Pyridines and derivatives	Hydropyridines	Pyridinones	Pyridine alkaloids	Nicotinic acid alkaloids	Alkaloids
4882780294393822769	1716	0.625	0.0002	96.0446	96.0444	UBQKCCHYAOITMY	2-HYDROXYPYRIDINE - 20.0 eV	OC1=CC=CC=N1	Organic compounds	Organoheterocyclic compounds	Pyridines and derivatives	Hydropyridines	Pyridinones	Pyridine alkaloids	Nicotinic acid alkaloids	Alkaloids
4882780294393822769	1722	0.625	0.0002	96.0446	96.0444	GRFNBEZIAWKNCO	pyridin-3-ol	OC1=CC=CN=C1	Organic compounds	Organoheterocyclic compounds	Pyridines and derivatives	Hydroxypyridines	Hydroxypyridines	Pyridine alkaloids	Nicotinic acid alkaloids	Alkaloids
4882780294393822769	1723	0.625	0.0003	96.0446	96.0449	UBQKCCHYAOITMY	2-HYDROXYPYRIDINE	C1=CC(=O)NC=C1	Organic compounds	Organoheterocyclic compounds	Pyridines and derivatives	Hydropyridines	Pyridinones	Pyridine alkaloids	Nicotinic acid alkaloids	Alkaloids
4882780294393822769	1724	0.625	0.0003	96.0446	96.0449	GRFNBEZIAWKNCO	3-Hydroxypyridine	C1=CC(=CN=C1)O	Organic compounds	Organoheterocyclic compounds	Pyridines and derivatives	Hydroxypyridines	Hydroxypyridines	Pyridine alkaloids	Nicotinic acid alkaloids	Alkaloids
4882780294393822769	1725	0.625	0.0003	96.0446	96.0449	GRFNBEZIAWKNCO	pyridin-3-ol	C1=CC(=CN=C1)O	Organic compounds	Organoheterocyclic compounds	Pyridines and derivatives	Hydroxypyridines	Hydroxypyridines	Pyridine alkaloids	Nicotinic acid alkaloids	Alkaloids
4882780294393822769	1729	0.625	0.0002	96.0446	96.0444	UBQKCCHYAOITMY	2-HYDROXYPYRIDINE - 70.0 eV	OC1=CC=CC=N1	Organic compounds	Organoheterocyclic compounds	Pyridines and derivatives	Hydropyridines	Pyridinones	Pyridine alkaloids	Nicotinic acid alkaloids	Alkaloids
4882780294393822769	1740	0.8018	0.0003	96.0446	96.0449	GRFNBEZIAWKNCO	pyridin-3-ol	C1=CC(=CN=C1)O	Organic compounds	Organoheterocyclic compounds	Pyridines and derivatives	Hydroxypyridines	Hydroxypyridines	Pyridine alkaloids	Nicotinic acid alkaloids	Alkaloids
4882780294393822769	1743	0.625	0.0002	96.0446	96.0444	UBQKCCHYAOITMY	2-HYDROXYPYRIDINE - 20.0 eV	OC1=CC=CC=N1	Organic compounds	Organoheterocyclic compounds	Pyridines and derivatives	Hydropyridines	Pyridinones	Pyridine alkaloids	Nicotinic acid alkaloids	Alkaloids
9750239525216332245	1749	0.3459	230.1172	138.0528	368.17	NKRQJWQYBNTAEV	(1R,3`S,4S,6R,7R,17R)-7-hydroxy-3`,6,7-trimethyl-14-oxidospiro[2,9-dioxa-14-azoniatricyclo[9.5.1.0^{14,17}]heptadec-11-ene-4,2`-oxirane]-3,8-dione	C[C@@H]1O[C@@]11C[C@@H](C)[C@@](C)(O)C(=O)OCC2=CCN3(=O)CC[C@@H](OC1=O)[C@@H]23	Organic compounds	Alkaloids and derivatives			Alkaloids and derivatives	Pyrrolizidine alkaloids	Ornithine alkaloids	Alkaloids
9750239525216332245	1750	0.4367	50.0172	138.0528	188.07	DFWFIQKMSFGDCQ	6-chloro-2-N-propan-2-yl-1,3,5-triazine-2,4-diamine	CC(C)NC1=NC(Cl)=NC(N)=N1	Organic compounds	Organoheterocyclic compounds	Triazines	Aminotriazines	1,3,5-triazine-2,4-diamines	Purine alkaloids	Pseudoalkaloids	Alkaloids
9750239525216332245	1751	0.3775	158.0172	138.0528	296.07	GXPIUNZCALHVBA	N-[4-[(5-methyl-1,2-oxazol-3-yl)sulfamoyl]phenyl]acetamide	c1(ccc(cc1)NC(C)=O)S(Nc1cc(C)on1)(=O)=O	Organic compounds	Benzenoids	Benzene and substituted derivatives	Benzenesulfonamides	Benzenesulfonamides			Alkaloids
9750239525216332245	1752	0.3459	158.0172	138.0528	296.07	GXPIUNZCALHVBA	Diphenhydramine	CC(=O)NC1=CC=C(C=C1)S(=O)(=O)NC1=NOC(C)=C1	Organic compounds	Benzenoids	Benzene and substituted derivatives	Benzenesulfonamides	Benzenesulfonamides			Alkaloids
9750239525216332245	1753	0.5279	42.0492	138.0528	180.102	CPJSUEIXXCENMM	N-(4-ethoxyphenyl)acetamide	CCOC1=CC=C(NC(C)=O)C=C1	Organic compounds	Benzenoids	Benzene and substituted derivatives	Anilides	Acetanilides			Alkaloids; Shikimates and Phenylpropanoids
9750239525216332245	1754	0.3139	296.1912	138.0528	434.244	VVXOOWXYJLWPTC	N-(6-ethyl-2-methylphenyl)-2-{4-[(7-methyl-2-oxochromen-4-yl)methyl]piperaziny l}acetamide	CCc1cccc(C)c1N=C(O)CN1CCN(Cc2cc(=O)oc3cc(C)ccc23)CC1	Organic compounds	Organic acids and derivatives	Carboxylic acids and derivatives	Amino acids, peptides, and analogues	Alpha amino acid amides	Simple coumarins	Coumarins	Shikimates and Phenylpropanoids
9750239525216332245	1755	0.3775	42.0492	138.0528	180.102	CPJSUEIXXCENMM	N-(4-ethoxyphenyl)acetamide	CCOC1=CC=C(NC(C)=O)C=C1	Organic compounds	Benzenoids	Benzene and substituted derivatives	Anilides	Acetanilides			Alkaloids; Shikimates and Phenylpropanoids
9750239525216332245	1756	0.5279	150.0502	138.0528	288.103	FOAWUBNPRGKJKL	1-(2H-benzo[3,4-d]1,3-dioxolen-5-yl)-3-[(3-fluorophenyl)amino]propan-1-one	O=C(CCNc1cccc(F)c1)c1ccc2c(c1)OCO2	Organic compounds	Organoheterocyclic compounds	Benzodioxoles		Benzodioxoles			
9750239525216332245	1757	0.3459	166.0992	138.0528	304.152	SGZRQMALQBXAIQ		CC(Cc1ccc(O)cc1)NCC(O)c2cc(O)cc(O)c2.Br	Organic compounds	Benzenoids	Benzene and substituted derivatives	Phenethylamines	Amphetamines and derivatives	Phenylethylamines	Tyrosine alkaloids	Alkaloids
9750239525216332245	1758	0.4699	220.0942	138.0528	358.147	ISFFJOFNLNXPLJ	1-(2H-benzo[d]1,3-dioxolen-5-yl)-3-[(4-butylthiophenyl)amino]propan-1-one	CCCCSc1ccc(NCCC(=O)c2ccc3c(c2)OCO3)cc1	Organic compounds	Organoheterocyclic compounds	Benzodioxoles		Benzodioxoles			Shikimates and Phenylpropanoids
9750239525216332245	1759	0.409	366.0322	138.0528	504.085	NIFKBBMCXCMCAO	2-[(4,6-dimethoxypyrimidin-2-yl)carbamoylsulfamoyl]-4-(methanesulfonamidomethyl)benzoic acid methyl ester	COC1=CC(=NC(=N1)NC(=O)NS(=O)(=O)C2=C(C=CC(=C2)CNS(=O)(=O)C)C(=O)OC)OC	Organic compounds	Organic nitrogen compounds	Organonitrogen compounds	Sulfonylureas	Pyrimidinyl-2-sulfonylureas			Alkaloids
9750239525216332245	1760	0.409	307.9822	138.0528	446.035	KVEQCVKVIFQSGC	N-{[4-methoxy-6-(trifluoromethyl)-1,3,5-triazin-2-yl]carbamoyl}-2-(trifluoromethyl)benzenesulfonamide	c1c(S(=O)(=O)NC(Nc2nc(nc(n2)C(F)(F)F)OC)=O)c(C(F)(F)F)ccc1	Organic compounds	Organic nitrogen compounds	Organonitrogen compounds	Sulfonylureas	S-triazinyl-2-sulfonylureas			Alkaloids
9750239525216332245	1761	0.409	433.2272	138.0528	571.28	DZKBRKKSFHBYIN	(1R,4R)-bis((1R,2R,4S,5S)-9-methyl-3-oxa-9-azatricyclo[3.3.1.0(2,4)]nonan-7-yl) 1-phenyl-1,2,3,4-tetrahydronaphthalene-1,4-dicarboxylate	O=C(OC1CC2N(C)C(C1)C3OC32)C4C=5C=CC=CC5C(C(=O)OC6CC7N(C)C(C6)C8OC87)(C=9C=CC=CC9)CC4	Organic compounds	Benzenoids	Naphthalenes	Naphthalenecarboxylic acids and derivatives	Naphthalenecarboxylic acids and derivatives	Tropane alkaloids	Ornithine alkaloids	Alkaloids
9750239525216332245	1762	0.5519	36.0012	138.0528	174.054	IVENSCMCQBJAKW	6-chloro-2-N-ethyl-1,3,5-triazine-2,4-diamine	CC/N=c\1/[nH]c(=N)nc([nH]1)Cl	Organic compounds	Organoheterocyclic compounds	Triazines	Aminotriazines	1,3,5-triazine-2,4-diamines			Alkaloids
9750239525216332245	1763	0.5211	13.9768	138.0528	124.076	BHAAPTBBJKJZER	p-Anisidine	COC1=CC=C(N)C=C1	Organic compounds	Benzenoids	Phenol ethers	Aminophenyl ethers	Aminophenyl ethers	Aminoacids	Small peptides	Amino acids and Peptides; Shikimates and Phenylpropanoids
9750239525216332245	1764	0.409	433.2282	138.0528	571.281	DZKBRKKSFHBYIN	(1R,4R)-bis((1R,2R,4S,5S)-9-methyl-3-oxa-9-azatricyclo[3.3.1.0(2,4)]nonan-7-yl) 1-phenyl-1,2,3,4-tetrahydronaphthalene-1,4-dicarboxylate	O=C(OC1CC2N(C)C(C1)C3OC32)C4C=5C=CC=CC5C(C(=O)OC6CC7N(C)C(C6)C8OC87)(C=9C=CC=CC9)CC4	Organic compounds	Benzenoids	Naphthalenes	Naphthalenecarboxylic acids and derivatives	Naphthalenecarboxylic acids and derivatives	Tropane alkaloids	Ornithine alkaloids	Alkaloids
9750239525216332245	1765	0.3775	42.0492	138.0528	180.102	CPJSUEIXXCENMM	N-(4-ethoxyphenyl)acetamide	CCOC1=CC=C(NC(C)=O)C=C1	Organic compounds	Benzenoids	Benzene and substituted derivatives	Anilides	Acetanilides			Alkaloids; Shikimates and Phenylpropanoids
9750239525216332245	1766	0.3459	214.1232	138.0528	352.176	PLGBHVNNYDZWGZ	(1R,4Z,6R,7R,17R)-4-ethylidene-7-hydroxy-6,7-dimethyl-14-oxido-2,9-dioxa-14-azoniatricyclo[9.5.1.0^{14,17}]heptadec-11-ene-3,8-dione	C\C=C1\C[C@@H](C)[C@@](C)(O)C(=O)OCC2=CC[N+]3([O-])CC[C@@H](OC1=O)[C@@H]23	Organic compounds	Alkaloids and derivatives			Alkaloids and derivatives			
9750239525216332245	1767	0.5292	214.1232	138.0528	352.176	PLGBHVNNYDZWGZ	(1R,4Z,6R,7R,17R)-4-ethylidene-7-hydroxy-6,7-dimethyl-14-oxido-2,9-dioxa-14-azoniatricyclo[9.5.1.0^{14,17}]heptadec-11-ene-3,8-dione	C\C=C1\C[C@@H](C)[C@@](C)(O)C(=O)OCC2=CC[N+]3([O-])CC[C@@H](OC1=O)[C@@H]23	Organic compounds	Alkaloids and derivatives			Alkaloids and derivatives			
9750239525216332245	1768	0.3775	1.9812	138.0528	140.034	BLHCMGRVFXRYRN	6-Hydroxynicotinic acid	O=C(O)c1ccc(O)nc1	Organic compounds	Organoheterocyclic compounds	Pyridines and derivatives	Pyridinecarboxylic acids and derivatives	Pyridinecarboxylic acids	Pyridine alkaloids	Nicotinic acid alkaloids	Alkaloids
9750239525216332245	1769	0.7531	0.0022	138.0528	138.055	WWNNZCOKKKDOPX	TRIGONELLINE - 20.0 eV	C[N+]1=CC(=CC=C1)C([O-])=O	Organic compounds	Alkaloids and derivatives			Alkaloids and derivatives			
9750239525216332245	1770	0.409	455.2072	138.0528	593.26	DZKBRKKSFHBYIN	(1R,4R)-bis((1R,2R,4S,5S)-9-methyl-3-oxa-9-azatricyclo[3.3.1.0(2,4)]nonan-7-yl) 1-phenyl-1,2,3,4-tetrahydronaphthalene-1,4-dicarboxylate	O=C(OC1CC2N(C)C(C1)C3OC32)C4C=5C=CC=CC5C(C(=O)OC6CC7N(C)C(C6)C8OC87)(C=9C=CC=CC9)CC4	Organic compounds	Benzenoids	Naphthalenes	Naphthalenecarboxylic acids and derivatives	Naphthalenecarboxylic acids and derivatives	Tropane alkaloids	Ornithine alkaloids	Alkaloids
9750239525216332245	1771	0.5311	103.0432	138.0528	241.096	MZZBPDKVEFVLFF	2-[[4-chloro-6-(ethylamino)-1,3,5-triazin-2-yl]amino]-2-methylpropanenitrile	CCNC1=NC(NC(C)(C)C#N)=NC(Cl)=N1	Organic compounds	Organoheterocyclic compounds	Triazines	Aminotriazines	Aminotriazines	Purine alkaloids	Pseudoalkaloids	Alkaloids
9750239525216332245	1772	0.5286	78.0482	138.0528	216.101	MXWJVTOOROXGIU	6-chloro-4-N-ethyl-2-N-propan-2-yl-1,3,5-triazine-2,4-diamine	CCNC1=NC(NC(C)C)=NC(Cl)=N1	Organic compounds	Organoheterocyclic compounds	Triazines	1,3,5-triazines	Chloro-s-triazines	Purine alkaloids	Pseudoalkaloids	Alkaloids
9750239525216332245	1773	0.3459	166.1022	138.0528	304.155	LSLYOANBFKQKPT	Fenoterol	[H]Oc(c([H])2)c([H])c([H])c(c([H])2)C([H])([H])C([H])(C([H])([H])[H])N([H])C([H])([H])C([H])(O[H])c(c([H])1)c([H])c(O[H])c([H])c(O[H])1	Organic compounds	Benzenoids	Benzene and substituted derivatives	Phenethylamines	Amphetamines and derivatives	Phenylethylamines	Tyrosine alkaloids	Alkaloids
9750239525216332245	1774	0.5279	13.9768	138.0528	124.076	BHAAPTBBJKJZER	p-Anisidine	COC1=CC=C(N)C=C1	Organic compounds	Benzenoids	Phenol ethers	Aminophenyl ethers	Aminophenyl ethers	Aminoacids	Small peptides	Amino acids and Peptides; Shikimates and Phenylpropanoids
9750239525216332245	1775	0.5273	13.9768	138.0528	124.076	BHAAPTBBJKJZER	p-Anisidine	COC1=CC=C(N)C=C1	Organic compounds	Benzenoids	Phenol ethers	Aminophenyl ethers	Aminophenyl ethers	Aminoacids	Small peptides	Amino acids and Peptides; Shikimates and Phenylpropanoids
9750239525216332245	1776	0.409	391.0422	138.0528	529.095	JLKIGFTWXXRPMT	Sulfamethoxazole	CC1=CC(=NO1)NS(=O)(=O)C2=CC=C(C=C2)N	Organic compounds	Benzenoids	Benzene and substituted derivatives	Benzenesulfonamides	Aminobenzenesulfonamides			
9750239525216332245	1777	0.5319	230.1172	138.0528	368.17	IDIMIWQPUHURPV	(1R,4Z,6R,7S,14S,17R)-4-ethylidene-7-hydroxy-7-(hydroxymethyl)-6-methyl-14-oxido-2,9-dioxa-14-azoniatricyclo[9.5.1.014,17]heptadec-11-ene-3,8-dione	C/C=C\1/C[C@H]([C@@](C(=O)OCC2=CC[N@@+]3([C@H]2[C@@H](CC3)OC1=O)[O-])(CO)O)C	Organic compounds	Alkaloids and derivatives			Alkaloids and derivatives			
9750239525216332245	1778	0.549	304.0572	138.0528	442.11	KWKBCWOKPROAKK	(1S,7aR)-7-((((2S,3R)-2,3-dihydroxy-2-isopropylbutanoyl)oxy)methyl)-1-hydroxy-4-methyl-1,2,3,4,5,7a-hexahydropyrrolizin-4-ium iodide	[I-].O=C(OCC1=CC[N+]2(C)CCC(O)C12)C(O)(C(O)C)C(C)C	Organic compounds	Alkaloids and derivatives			Alkaloids and derivatives			
9750239525216332245	1779	0.409	455.2072	138.0528	593.26	DZKBRKKSFHBYIN	(1R,4R)-bis((1R,2R,4S,5S)-9-methyl-3-oxa-9-azatricyclo[3.3.1.0(2,4)]nonan-7-yl) 1-phenyl-1,2,3,4-tetrahydronaphthalene-1,4-dicarboxylate	O=C(OC1CC2N(C)C(C1)C3OC32)C4C=5C=CC=CC5C(C(=O)OC6CC7N(C)C(C6)C8OC87)(C=9C=CC=CC9)CC4	Organic compounds	Benzenoids	Naphthalenes	Naphthalenecarboxylic acids and derivatives	Naphthalenecarboxylic acids and derivatives	Tropane alkaloids	Ornithine alkaloids	Alkaloids
9750239525216332245	1780	0.3775	76.9952	138.0528	215.048	PKOFBDHYTMYVGJ	N-(4-sulfamoylphenyl)acetamide	CC(=O)NC1=CC=C(C=C1)S(N)(=O)=O	Organic compounds	Benzenoids	Benzene and substituted derivatives	Benzenesulfonamides	Benzenesulfonamides			Alkaloids
9750239525216332245	1781	0.5284	103.0432	138.0528	241.096	MZZBPDKVEFVLFF	2-[[4-chloro-6-(ethylamino)-1,3,5-triazin-2-yl]amino]-2-methylpropanenitrile	CCNC1=NC(NC(C)(C)C#N)=NC(Cl)=N1	Organic compounds	Organoheterocyclic compounds	Triazines	Aminotriazines	Aminotriazines	Purine alkaloids	Pseudoalkaloids	Alkaloids
9750239525216332245	1782	0.5273	36.0012	138.0528	174.054	IVENSCMCQBJAKW	6-chloro-2-N-ethyl-1,3,5-triazine-2,4-diamine	CCNC1=NC(Cl)=NC(N)=N1	Organic compounds	Organoheterocyclic compounds	Triazines	Aminotriazines	1,3,5-triazine-2,4-diamines			Alkaloids
9750239525216332245	1783	0.3459	183.0492	138.0528	321.102	LJKAKWDUZRJNPJ	N-[4-[(4,6-dimethyl-2-pyrimidinyl)sulfamoyl]phenyl]acetamide	O=S(=O)(c1ccc(cc1)NC(=O)C)Nc1nc(cc(n1)C)C	Organic compounds	Benzenoids	Benzene and substituted derivatives	Benzenesulfonamides	Benzenesulfonamides			Alkaloids
9750239525216332245	1784	0.5286	50.0172	138.0528	188.07	DFWFIQKMSFGDCQ	6-chloro-2-N-propan-2-yl-1,3,5-triazine-2,4-diamine	CC(C)NC1=NC(Cl)=NC(N)=N1	Organic compounds	Organoheterocyclic compounds	Triazines	Aminotriazines	1,3,5-triazine-2,4-diamines	Purine alkaloids	Pseudoalkaloids	Alkaloids
9750239525216332245	1785	0.4703	214.1232	138.0528	352.176	GDDNFNQRHNCJAZ	7-hydroxy-5,6,7-trimethyl-4-methylidene-14-oxido-2,9-dioxa-14-azoniatricyclo[9.5.1.014,17]heptadec-11-ene-3,8-dione	CC1C(C(C(=O)OCC2=CC[N+]3(C2C(CC3)OC(=O)C1=C)[O-])(C)O)C	Organic compounds	Alkaloids and derivatives			Alkaloids and derivatives			
9750239525216332245	1786	0.5286	214.1232	138.0528	352.176	PLGBHVNNYDZWGZ	(1R,4Z,6R,7R,17R)-4-ethylidene-7-hydroxy-6,7-dimethyl-14-oxido-2,9-dioxa-14-azoniatricyclo[9.5.1.014,17]heptadec-11-ene-3,8-dione	C/C=C\1/C[C@H]([C@@](C(=O)OCC2=CC[N+]3([C@H]2[C@@H](CC3)OC1=O)[O-])(C)O)C	Organic compounds	Alkaloids and derivatives			Alkaloids and derivatives			
9750239525216332245	1787	0.409	353.9562	138.0528	492.009	SUYVUBYJARFZHO	Deoxyadenosine triphosphate	NC1=NC=NC2=C1N=CN2[C@H]1C[C@H](O)[C@@H](COP(O)(=O)OP(O)(=O)OP(O)(O)=O)O1	Organic compounds	Nucleosides, nucleotides, and analogues	Purine nucleotides	Purine deoxyribonucleotides	Purine 2'-deoxyribonucleoside triphosphates	Purine nucleos(t)ides	Nucleosides	Carbohydrates
9750239525216332245	1788	0.5261	42.0492	138.0528	180.102	CPJSUEIXXCENMM	N-(4-ethoxyphenyl)acetamide	CCOC1=CC=C(NC(C)=O)C=C1	Organic compounds	Benzenoids	Benzene and substituted derivatives	Anilides	Acetanilides			Alkaloids; Shikimates and Phenylpropanoids
9750239525216332245	1789	0.3459	199.8502	138.0528	337.903	COESHZUDRKCEPA	beta-(3,5-dibromo-4-hydroxyphenyl)alanine	C1=C(C=C(C(=C1Br)O)Br)CC(C(=O)O)N	Organic compounds	Organic acids and derivatives	Carboxylic acids and derivatives	Amino acids, peptides, and analogues	Tyrosine and derivatives	Aminoacids	Small peptides	Amino acids and Peptides
9750239525216332245	1790	0.3459	155.0172	138.0528	293.07	NJIZUWGMNCUKGU	N-[4-(2-pyrimidinylsulfamoyl)phenyl]acetamide	c1nc(NS(c2ccc(cc2)NC(C)=O)(=O)=O)ncc1	Organic compounds	Benzenoids	Benzene and substituted derivatives	Benzenesulfonamides	Benzenesulfonamides	Pyridine alkaloids	Nicotinic acid alkaloids	Alkaloids
9750239525216332245	1791	0.5286	78.0482	138.0528	216.101	MXWJVTOOROXGIU	6-chloro-4-N-ethyl-2-N-propan-2-yl-1,3,5-triazine-2,4-diamine	CCNC1=NC(NC(C)C)=NC(Cl)=N1	Organic compounds	Organoheterocyclic compounds	Triazines	1,3,5-triazines	Chloro-s-triazines	Purine alkaloids	Pseudoalkaloids	Alkaloids
9750239525216332245	1792	0.3459	155.0172	138.0528	293.07	NJIZUWGMNCUKGU	N-[4-(2-pyrimidinylsulfamoyl)phenyl]acetamide	c1nc(NS(c2ccc(cc2)NC(C)=O)(=O)=O)ncc1	Organic compounds	Benzenoids	Benzene and substituted derivatives	Benzenesulfonamides	Benzenesulfonamides	Pyridine alkaloids	Nicotinic acid alkaloids	Alkaloids
9750239525216332245	1793	0.3459	224.0622	138.0528	362.115	IIBYAHWJQTYFKB	2-[4-[2-[(4-chlorobenzoyl)amino]ethyl]phenoxy]-2-methyl-propionic acid	c1(C(NCCc2ccc(OC(C(O)=O)(C)C)cc2)=O)ccc(Cl)cc1	Organic compounds	Benzenoids	Benzene and substituted derivatives	Phenoxyacetic acid derivatives	Phenoxyacetic acid derivatives			
9750239525216332245	1794	0.7643	0.0022	138.0528	138.055	YNBADRVTZLEFNH	METHYL NICOTINIC ACID	COC(=O)C1=CC=CN=C1	Organic compounds	Organoheterocyclic compounds	Pyridines and derivatives	Pyridinecarboxylic acids and derivatives	Pyridinecarboxylic acids	Pyridine alkaloids	Nicotinic acid alkaloids	Alkaloids
9750239525216332245	1795	0.409	455.2072	138.0528	593.26	DZKBRKKSFHBYIN	(1R,4R)-bis((1R,2R,4S,5S)-9-methyl-3-oxa-9-azatricyclo[3.3.1.0(2,4)]nonan-7-yl) 1-phenyl-1,2,3,4-tetrahydronaphthalene-1,4-dicarboxylate	O=C(OC1CC2N(C)C(C1)C3OC32)C4C=5C=CC=CC5C(C(=O)OC6CC7N(C)C(C6)C8OC87)(C=9C=CC=CC9)CC4	Organic compounds	Benzenoids	Naphthalenes	Naphthalenecarboxylic acids and derivatives	Naphthalenecarboxylic acids and derivatives	Tropane alkaloids	Ornithine alkaloids	Alkaloids
9750239525216332245	1796	0.3775	36.0012	138.0528	174.054	IVENSCMCQBJAKW	Desisopropylatrazine	CCNc1nc(N)nc(Cl)n1	Organic compounds	Organoheterocyclic compounds	Triazines	Aminotriazines	1,3,5-triazine-2,4-diamines			Alkaloids
15783944296093483687	1797	0.409	116.0553	414.3037	530.359	RTDQSSMYUXUAHN	Citrulline-CA	C[C@H](CCC(N[C@H](C(O)=O)CCCNC(N)=O)=O)[C@H]1CC[C@@]2([H])[C@]3([H])[C@H](O)C[C@]4([H])C[C@H](O)CC[C@]4(C)[C@H]3C[C@H](O)[C@@]21C	Organic compounds	Lipids and lipid-like molecules	Steroids and steroid derivatives	Bile acids, alcohols and derivatives	Trihydroxy bile acids, alcohols and derivatives	Cholane steroids	Steroids	Terpenoids
15783944296093483687	1799	0.409	85.9763	414.3037	500.28	SQMGCPHFHQGPIF	Aconine	OC1CC(OC)C23C4N(CC)CC1(COC)C3C(OC)C4C5(O)C(O)C(OC)C6(O)CC2C5C6O	Organic compounds	Lipids and lipid-like molecules	Prenol lipids	Diterpenoids	Aconitane-type diterpenoid alkaloids	Terpenoid alkaloids	Pseudoalkaloids	Alkaloids; Terpenoids
15783944296093483687	1800	0.409	96.6963	414.3037	511.0	KZVHAGNFWJIOMX	Jamaicamide B	CO\C(CCNC(=O)CC\C=C\C(C)CC\C(CCCC#C)=C\Cl)=C\C(=O)N1C(C)C=CC1=O	Organic compounds	Lipids and lipid-like molecules	Fatty Acyls	Fatty amides	N-acyl amines			
15783944296093483687	1801	0.409	35.7963	414.3037	450.1	WVULKSPCQVQLCU	glycodeoxycholate	C(C2([H])3)CC([H])(C1)C(C)(C(CC([H])(O)C(C(C([H])(C)CCC(=O)NCC(O)=O)([H])4)(C)C(CC4)3[H])([H])2)CCC1([H])O	Organic compounds	Lipids and lipid-like molecules	Steroids and steroid derivatives	Bile acids, alcohols and derivatives	Glycinated bile acids and derivatives	Cholane steroids	Steroids	Terpenoids
15783944296093483687	1802	0.4887	59.0593	414.3037	473.363	QGNVMEXLLPGQEV	Saikogenin D	OCC12C(=C3C=CC4C5(C)CCC(O)C(C)(CO)C5CCC4(C)C3(C)CC1O)CC(C)(C)CC2	Organic compounds	Lipids and lipid-like molecules	Prenol lipids	Triterpenoids	Triterpenoids	Oleanane triterpenoids	Triterpenoids	Terpenoids
15783944296093483687	1803	0.409	55.7793	414.3037	470.083	ODRHNGNRVVELAJ	Magnoflorine Iodide	[I-].OC=1C(OC)=CC=C2C1C=3C(O)=C(OC)C=C4C3C(C2)[N+](C)(C)CC4	Organic compounds	Alkaloids and derivatives	Aporphines		Aporphines			
15783944296093483687	1804	0.5521	63.0263	414.3037	477.33	SLJTWDNVZKIDAU	Liquidambaric acid	O=C(O)C12CCC(C(=C)C)C2C3CCC4C5(C)CCC(=O)C(C)(C)C5CCC4(C)C3(C)CC1	Organic compounds	Lipids and lipid-like molecules	Prenol lipids	Triterpenoids	Triterpenoids	Lupane triterpenoids	Triterpenoids	Terpenoids
15783944296093483687	1808	0.4887	194.8763	414.3037	609.18	VGGSULWDCMWZPO	Spinosin	O=C1C=C(OC=2C=C(OC)C(=C(O)C12)C3OC(CO)C(O)C(O)C3OC4OC(CO)C(O)C(O)C4O)C=5C=CC(O)=CC5	Organic compounds	Phenylpropanoids and polyketides	Flavonoids	Flavonoid glycosides	Flavonoid C-glycosides	Flavones	Flavonoids	Shikimates and Phenylpropanoids
15783944296093483687	1809	0.409	51.0673	414.3037	465.371	IOPDFSGGBHSXSV	Ainidiol	OC1CCC2(C)C(CCC3(C)C2CCC4C5C(C(=C)CCC5(C)C(O)CC43C)C)C1(C)C	Organic compounds	Lipids and lipid-like molecules	Prenol lipids	Triterpenoids	Triterpenoids	Ursane and Taraxastane triterpenoids	Triterpenoids	Terpenoids
15783944296093483687	1810	0.409	107.0063	414.3037	521.31	RPCTUYZLPGGPJD	Precyasterone	O=C1OC(CC(C(O)C)C1C)C(O)(C)C2CCC3(O)C4=CC(=O)C5CC(O)C(O)CC5(C)C4CCC23C	Organic compounds	Lipids and lipid-like molecules	Steroids and steroid derivatives	Steroid lactones	Withanolides and derivatives	Ecdysteroids	Steroids	Terpenoids
15783944296093483687	1812	0.6052	503.2433	414.3037	917.547	MYBAONSAUGZRAX	Notoginsenoside Fe	OCC1OC(OCC2OC(OC(C)(CCC=C(C)C)C3CCC4(C)C3C(O)CC5C6(C)CCC(OC7OC(CO)C(O)C(O)C7O)C(C)(C)C6CCC54C)C(O)C(O)C2O)C(O)C1O	Organic compounds	Lipids and lipid-like molecules	Prenol lipids	Triterpenoids	Triterpenoids	Dammarane and Protostane triterpenoids	Triterpenoids	Terpenoids
15783944296093483687	1813	0.4887	223.9533	414.3037	638.257	AAIIJIOWYALNCC		C[C@@H]1CCC2C(C)(C)[C@H](OC(C)=O)[C@@H](C[C@]2(C)[C@@]13CC4=C(O3)C5=C(C=C4O)C(=O)N(C5)[C@@H](CCC(O)=O)C(O)=O)OC(C)=O	Organic compounds	Organic acids and derivatives	Carboxylic acids and derivatives	Amino acids, peptides, and analogues	Glutamic acid and derivatives	Drimane sesquiterpenoids; Spriromeroterpenoids	Meroterpenoids; Sesquiterpenoids	Terpenoids
15783944296093483687	1814	0.409	309.1043	414.3037	723.408	YGVSZJJKFQFKBE	1-(furan-3-yl)-2-(4,5,6-trihydroxy-1,2,4a,5-tetramethyl-decahydronaphthalen-1-yl)ethan-1-one	CC(CC1O)C(C)(CC(c2cocc2)=O)C(CCC2O)C1(C)C2(C)O	Organic compounds	Lipids and lipid-like molecules	Prenol lipids	Diterpenoids	Colensane and clerodane diterpenoids	Colensane and Clerodane diterpenoids	Diterpenoids	Terpenoids
15783944296093483687	1815	0.409	26.8783	414.3037	441.182	BFVCXYLQNGCSNB	Clindamycin N-oxide	CCCC1CC(C(NC(C(Cl)C)C2C(O)C(O)C(O)C(SC)O2)=O)[N+](C)([O-])C1	Organic compounds	Organic oxygen compounds	Organooxygen compounds	Carbohydrates and carbohydrate conjugates	Thioglycosides			
15783944296093483687	1816	0.5491	18.0363	414.3037	432.34	IUKLSMSEHKDIIP	Peimine	OC1CCC2(C)C(C1)C(O)CC3C4CCC5C(CN6CC(C)CCC6C5(O)C)C4CC32	Organic compounds	Lipids and lipid-like molecules	Steroids and steroid derivatives	Steroidal alkaloids	Cerveratrum-type alkaloids	Steroidal alkaloids	Pseudoalkaloids	Alkaloids; Terpenoids
15783944296093483687	1817	0.5491	18.0363	414.3037	432.34	IUKLSMSEHKDIIP	Peimine	OC1CCC2(C)C(C1)C(O)CC3C4CCC5C(CN6CC(C)CCC6C5(O)C)C4CC32	Organic compounds	Lipids and lipid-like molecules	Steroids and steroid derivatives	Steroidal alkaloids	Cerveratrum-type alkaloids	Steroidal alkaloids	Pseudoalkaloids	Alkaloids; Terpenoids
15783944296093483687	1818	0.7455	0.0037	414.3037	414.3	GHCZAUBVMUEKKP	GLYCOCHENODEOXYCHOLATE	CC(CCC(=O)NCC(=O)O)C1CCC2C1(CCC3C2C(CC4C3(CCC(C4)O)C)O)C	Organic compounds	Lipids and lipid-like molecules	Steroids and steroid derivatives	Bile acids, alcohols and derivatives	Glycinated bile acids and derivatives	Cholane steroids; Cholestane steroids	Steroids	Terpenoids
15783944296093483687	1819	0.6337	409.1763	414.3037	823.48	SLAWMGMTBGDBFT	Mogroside II A2	OCC1OC(OCC2OC(OC3CCC4C(=CCC5C4(C)C(O)CC6(C)C(CCC56C)C(C)CCC(O)C(O)(C)C)C3(C)C)C(O)C(O)C2O)C(O)C(O)C1O	Organic compounds	Lipids and lipid-like molecules	Steroids and steroid derivatives	Steroidal glycosides	Cucurbitacin glycosides	Cucurbitane triterpenoids	Triterpenoids	Terpenoids
15783944296093483687	1820	0.409	19.8783	414.3037	434.182	JTJJJLSLKZFEPJ	Meleagrine	CC(C)(C=C)[C@@]12C=C(C(=O)N\3[C@]1(NC(=O)/C3=C\C4=CN=CN4)N(C5=CC=CC=C25)OC)O	Organic compounds	Organoheterocyclic compounds	Indoles and derivatives	Pyridoindoles	Pyridoindolones	Imidazole alkaloids	Histidine alkaloids	Alkaloids
15783944296093483687	1822	0.409	125.2243	414.3037	539.528	GCGTXOVNNFGTPQ	Cer(d18:0/16:0)	CCCCCCCCCCCCCCC[C@H]([C@H](CO)NC(=O)CCCCCCCCCCCCCCC)O	Organic compounds	Lipids and lipid-like molecules	Sphingolipids	Ceramides	Long-chain ceramides	Ceramides	Sphingolipids	Fatty acids
15783944296093483687	1823	0.409	97.0463	414.3037	511.35	HZKFYHKCBBWPIX	Alteramide A	CC[C@H]1C[C@@H]2C[C@H]3/C=C\C=C/C(=O)NCC[C@@H]([C@H]4C(=O)/C(=C(\C=C/C=C\[C@@H]([C@H]3[C@@H]2[C@H]1C)O)/O)/C(=O)N4)O	Organic compounds	Phenylpropanoids and polyketides	Macrolactams		Macrolactams	Macrocyclic tetramic acids	Macrolides	Amino acids and Peptides; Polyketides
15783944296093483687	1824	0.409	44.9263	414.3037	459.23	KBKUJJFDSHBPPA	Cinobufotalin	O=C1OC=C(C=C1)C2C(OC(=O)C)C3OC34C5CCC6(O)CC(O)CCC6(C)C5CCC24C	Organic compounds	Lipids and lipid-like molecules	Steroids and steroid derivatives	Steroid lactones	Bufanolides and derivatives	Bufadienolides	Steroids	Terpenoids
15783944296093483687	1825	0.4887	197.1363	414.3037	611.44	QADGRUZLZSCZEY	Citrinadin C	C[C@H]1C[C@H](C[C@H]2N1C[C@@]3(C[C@@]4(C5=CC=CC(=C5NC4=O)C(=O)[C@@H]6C(O6)(C)C)C([C@]3(C2)O)(C)C)NC)OC(=O)[C@H](C(C)C)NC	Organic compounds	Organic acids and derivatives	Carboxylic acids and derivatives	Amino acids, peptides, and analogues	Delta amino acids and derivatives			Alkaloids
15783944296093483687	1826	0.6074	409.1763	414.3037	823.48	SLAWMGMTBGDBFT	Mogroside II A2	OCC1OC(OCC2OC(OC3CCC4C(=CCC5C4(C)C(O)CC6(C)C(CCC56C)C(C)CCC(O)C(O)(C)C)C3(C)C)C(O)C(O)C2O)C(O)C(O)C1O	Organic compounds	Lipids and lipid-like molecules	Steroids and steroid derivatives	Steroidal glycosides	Cucurbitacin glycosides	Cucurbitane triterpenoids	Triterpenoids	Terpenoids
15783944296093483687	1827	0.5491	18.0363	414.3037	432.34	IUKLSMSEHKDIIP	Peimine	OC1CCC2(C)C(C1)C(O)CC3C4CCC5C(CN6CC(C)CCC6C5(O)C)C4CC32	Organic compounds	Lipids and lipid-like molecules	Steroids and steroid derivatives	Steroidal alkaloids	Cerveratrum-type alkaloids	Steroidal alkaloids	Pseudoalkaloids	Alkaloids; Terpenoids
15783944296093483687	1828	0.409	60.8363	414.3037	475.14	TUFBUBIMKZRZLD	(Z)-9-(4-hydroxyphenyl)-2-(2,3,4-trimethoxybenzylidene)-8,9-dihydro-2H-furo[2,3-f]chromene-3,7-dione	O=C1OC2=CC=C3C(=O)C(OC3=C2C(C4=CC=C(O)C=C4)C1)=CC5=CC=C(OC)C(OC)=C5OC	Organic compounds	Phenylpropanoids and polyketides	Diarylheptanoids	Linear diarylheptanoids	Linear diarylheptanoids	Aurones; Neoflavonoids	Flavonoids	Shikimates and Phenylpropanoids
15783944296093483687	1831	0.5521	114.0263	414.3037	528.33	TVPOLIFUNGGLJS	Pro-aMCA	C[C@H](CCC(N1C(C(O)=O)CCC1)=O)[C@H]2CC[C@@]3([H])[C@]4([H])[C@H](O)[C@@H](O)[C@]5([H])C[C@H](O)CC[C@]5(C)[C@H]4CC[C@@]32C	Organic compounds	Lipids and lipid-like molecules	Steroids and steroid derivatives	Bile acids, alcohols and derivatives	Trihydroxy bile acids, alcohols and derivatives	Cholane steroids	Steroids	Terpenoids
15783944296093483687	1832	0.409	59.9793	414.3037	474.283	DBODJJZRZFZBBD	Chasmanine	OC1C2CC3C1C(O)(CC2OC)C4C(OC)C5C6(COC)CN(CC)C4C35C(OC)CC6	Organic compounds	Lipids and lipid-like molecules	Prenol lipids	Diterpenoids	Aconitane-type diterpenoid alkaloids	Terpenoid alkaloids	Pseudoalkaloids	Alkaloids; Terpenoids
15783944296093483687	1833	0.4887	57.0363	414.3037	471.34	YIMHGPSYDOGBPI	11-Keto-beta-boswellic acid	O=C(O)C1(C)C(O)CCC2(C)C3C(=O)C=C4C5C(C)C(C)CCC5(C)CCC4(C)C3(C)CCC12	Organic compounds	Lipids and lipid-like molecules	Prenol lipids	Triterpenoids	Triterpenoids	Ursane and Taraxastane triterpenoids	Triterpenoids	Terpenoids
15783944296093483687	1834	0.6286	804.5363	414.3037	1218.84	FOAIGCPESMNWQP	MSJ00171 Leucinostatin A	CN(C)C[C@H](C)NC(=O)CCNC(=O)C(C)(C)NC(=O)C(C)(C)NC(=O)[C@H](CC(C)C)NC(=O)[C@H](CC(C)C)NC(=O)C(C)(C)NC(=O)[C@@H](NC(=O)[C@H](C[C@H](C)C[C@@H](O)CC(=O)CC)NC(=O)[C@@H]1C[C@H](C)CN1C(=O)/C=C/[C@@H](C)CC)[C@H](O)C(C)C	Organic compounds	Organic acids and derivatives	Peptidomimetics	Hybrid peptides	Hybrid peptides	Peptaibols	Oligopeptides	Amino acids and Peptides
15783944296093483687	1835	0.409	81.0263	414.3037	495.33	IJRBORPEVKCEQD	24-epimakisterone A	O=C1C=C2C(CCC3(C)C(CCC23O)C(O)(C)C(O)CC(C)C(O)(C)C)C4(C)CC(O)C(O)CC14	Organic compounds	Lipids and lipid-like molecules	Steroids and steroid derivatives	Bile acids, alcohols and derivatives	Hydroxy bile acids, alcohols and derivatives	Ecdysteroids	Steroids	Terpenoids
15783944296093483687	1836	0.6074	409.1763	414.3037	823.48	SLAWMGMTBGDBFT	Mogroside II A2	OCC1OC(OCC2OC(OC3CCC4C(=CCC5C4(C)C(O)CC6(C)C(CCC56C)C(C)CCC(O)C(O)(C)C)C3(C)C)C(O)C(O)C2O)C(O)C(O)C1O	Organic compounds	Lipids and lipid-like molecules	Steroids and steroid derivatives	Steroidal glycosides	Cucurbitacin glycosides	Cucurbitane triterpenoids	Triterpenoids	Terpenoids
15783944296093483687	1838	0.4887	121.0363	414.3037	535.34	HMMGKOVEOFBCAU	3-Acetyl-11-keto-beta-boswellic Acid	O=C(OC1CCC2(C)C3C(=O)C=C4C5C(C)C(C)CCC5(C)CCC4(C)C3(C)CCC2C1(C(=O)O)C)C	Organic compounds	Lipids and lipid-like molecules	Prenol lipids	Triterpenoids	Triterpenoids	Serratane triterpenoids; Ursane and Taraxastane triterpenoids	Triterpenoids	Terpenoids
15783944296093483687	1840	0.2939	4.9033	414.3037	419.207	NLJJSPKWNBUDNS	Gomisin H	OC1=C(OC)C(OC)=CC2=C1C3=C(OC)C(OC)=C(OC)C=C3CC(O)(C)C(C)C2	Organic compounds	Phenylpropanoids and polyketides	Tannins	Hydrolyzable tannins	Hydrolyzable tannins	Dibenzocyclooctadienes lignans	Lignans	Shikimates and Phenylpropanoids
15783944296093483687	1841	0.4887	117.9863	414.3037	532.29	RNPABQVCNAUEIY	(3S,4S,4aS,6R,6aS,6bS,7S,8R,8aR,9S,9aS,12S,15aS,15bS,16aR,16bS)-9,12,16b-trimethyldocosahydro-1H-4,16a-epoxybenzo[4,5]indeno[1,2-h]pyrido[1,2-b]isoquinoline-3,4,6,6b,7,8,9-heptaol	OC1CC2C3(O)OC4(CC5C6CN7CC(C)CCC7C(O)(C)C6C(O)C(O)C5(O)C14)C2(C)CCC3O	Organic compounds	Lipids and lipid-like molecules	Steroids and steroid derivatives	Steroidal alkaloids	Cerveratrum-type alkaloids	Steroidal alkaloids	Pseudoalkaloids	Alkaloids; Terpenoids
15783944296093483687	1842	0.552	260.2963	414.3037	674.6	NQQDXUQABFCHGS	Stenophylline A	C[C@H]1CC[C@H]2[C@@H]([C@@H]3[C@@H](CN2C1)[C@@H]4CC56[C@H](C4[C@@]([C@@H]3O)(C/C=C(/C)\C(=O)O)O)[C@@H](CC7[C@@]5(CC[C@]([C@]7(O6)O)(C/C=C(/C)\C(=O)O)O)C)O)C	Organic compounds	Lipids and lipid-like molecules	Prenol lipids	Sesterterpenoids	Sesterterpenoids	Steroidal alkaloids	Pseudoalkaloids	Alkaloids; Terpenoids
15783944296093483687	1843	0.4837	856.3063	414.3037	1270.61	JNSUDLCASPZEHI	Solasodine base + 2H, 1Acetyl, O-Hex, O-Hex-Hex-Hex-Pen	CC1C2C(CC3C4CCC5CC(CCC5(C)C4CCC23C)OC2OC(CO)C(OC3OC(CO)C(OC4OCC(O)C(O)C4O)C(O)C3OC3OC(CO)C(O)C(O)C3O)C(O)C2O)OC11NCC(COC2OC(CO)C(O)C(O)C2O)CC1OC(C)=O	Organic compounds	Lipids and lipid-like molecules	Steroids and steroid derivatives	Steroidal glycosides	Steroidal saponins	Steroidal alkaloids	Pseudoalkaloids	Alkaloids; Terpenoids
15783944296093483687	1844	0.4887	219.0863	414.3037	633.39	DOFHBPYYAMNAKG	1,2,6,6,10,17,20-heptamethyl-17-[N-(4-nitrophenyl)carbamoyl]-12-oxopentacyclo[ 12.8.0.0<2,11>.0<5,10>.0<15,20>]docos-13-en-7-yl acetate	CC(=O)OC1CCC2(C)C(CCC3(C)C2C(=O)C=C2C4CC(C)(C(=O)Nc5ccc([N+](=O)[O-])cc5)CCC4(C)CCC23C)C1(C)C	Organic compounds	Lipids and lipid-like molecules	Prenol lipids	Triterpenoids	Triterpenoids			
3043165930917491123	1845	0.5516	493.4253	538.2547	1031.68	KHPHCSMHVCKXMH	"""(3R,5R,6S,9S,10R,13R,17R)-17-((R)-5-acetoxypentan-2-yl)-10,13-dimethylhexadecahydro-1H-cyclopenta[a]phenanthrene-3,6-diyl diacetate"""	[H][C@]12[C@@]3(C[C@H](OC(C)=O)[C@]4([H])C[C@H](OC(C)=O)CC[C@]4(C)[C@H]3CC[C@]1(C)[C@@H]([C@@H](CCCOC(C)=O)C)CC2)[H]	Organic compounds	Lipids and lipid-like molecules	Steroids and steroid derivatives	Bile acids, alcohols and derivatives	Bile acids, alcohols and derivatives	Cholestane steroids	Steroids	Terpenoids
3043165930917491123	1846	0.5777	563.4553	538.2547	1101.71	CEMZGPKUKMFNNF	phenylalanine conjugated chenodeoxycholic acid	CC(CCC(O)=N[C@@H](Cc1ccccc1)C(=O)O)[C@H]1CC[C@H]2[C@H]3[C@H](CCC21C)C1(C)CC[C@@H](O)C[C@H]1C[C@H]3O	Organic compounds	Lipids and lipid-like molecules	Steroids and steroid derivatives	Bile acids, alcohols and derivatives	Glycinated bile acids and derivatives	Cholane steroids	Steroids	Terpenoids
3043165930917491123	1847	0.5515	651.4853	538.2547	1189.74	BWJAVNUITZYXPB	Trp-bMCA	C[C@H](CCC(N[C@H](C(O)=O)CC1=CNC2=C1C=CC=C2)=O)[C@H]3CC[C@@]4([H])[C@]5([H])[C@@H](O)[C@@H](O)[C@]6([H])C[C@H](O)CC[C@]6(C)[C@H]5CC[C@@]43C	Organic compounds	Lipids and lipid-like molecules	Steroids and steroid derivatives	Bile acids, alcohols and derivatives	Trihydroxy bile acids, alcohols and derivatives	Cholestane steroids	Steroids	Terpenoids
3043165930917491123	1848	0.4887	324.7453	538.2547	863.0	YUNDIYNGCYJSTC	GalNAc-alpha-1-2Fuc-alpha-1-3GlcNAc-beta-1-2ThrNAc (ThrNAc; 3-acetamido-3-deoxythreose)	N(C(C(OC(C(O)2)C(OC(C3O)C(NC(C)=O)C(OC(C=O)(C(CO)(NC(C)=O)[H])[H])OC3CO)OC(C)C2O)1)C(O)C(O)C(CO)O1)C(C)=O	Organic compounds	Organic oxygen compounds	Organooxygen compounds	Carbohydrates and carbohydrate conjugates	Oligosaccharides	Aminosugars	Aminosugars and aminoglycosides	Carbohydrates
3043165930917491123	1849	0.5544	320.1853	538.2547	858.44	KCAKUFQSCADGHZ	Oscillamide Y|(2S)-2-[[(3S,6S,9S,12S,15R)-3-benzyl-12-[(2R)-butan-2-yl]-9-[2-(4-hydroxyphenyl)ethyl]-6,7-dimethyl-2,5,8,11,14-pentaoxo-1,4,7,10,13-pentazacyclononadec-15-yl]carbamoylamino]-3-(4-hydrox	CC[C@@H](C)[C@@H]1NC(=O)[C@@H](CCCCNC(=O)[C@H](Cc2ccccc2)NC(=O)[C@H](C)N(C)C(=O)[C@H](CCc3ccc(O)cc3)NC1=O)NC(=O)N[C@@H](Cc4ccc(O)cc4)C(O)=O	Organic compounds	Organic acids and derivatives	Carboxylic acids and derivatives	Amino acids, peptides, and analogues	Oligopeptides	Anabaenopeptins; Cyclic peptides	Oligopeptides	Amino acids and Peptides
3043165930917491123	1850	0.4887	172.1563	538.2547	710.411	LWSPRPDSPCBAKK	Germbudine	CCC(C)C(=O)OC1C(O)C2C(CN3CC(C)CCC3C2(C)O)C2CC34OC5(O)C(CC(O)C3C12O)C4(C)CCC5OC(=O)C(C)(O)C(C)O	Organic compounds	Lipids and lipid-like molecules	Steroids and steroid derivatives	Steroidal alkaloids	Cerveratrum-type alkaloids	Steroidal alkaloids	Pseudoalkaloids	Alkaloids; Terpenoids
3043165930917491123	1851	0.5526	24.0943	538.2547	562.349	CEMZGPKUKMFNNF	phenylalanine conjugated chenodeoxycholic acid	CC(CCC(O)=N[C@@H](Cc1ccccc1)C(=O)O)[C@H]1CC[C@H]2[C@H]3[C@H](CCC21C)C1(C)CC[C@@H](O)C[C@H]1C[C@H]3O	Organic compounds	Lipids and lipid-like molecules	Steroids and steroid derivatives	Bile acids, alcohols and derivatives	Glycinated bile acids and derivatives	Cholane steroids	Steroids	Terpenoids
3043165930917491123	1852	0.4887	117.0213	538.2547	655.276	XNBNKCLBGTWWSD	Coproporphyrin III	CC1=C(C2=CC3=C(C(=C(N3)C=C4C(=C(C(=N4)C=C5C(=C(C(=N5)C=C1N2)C)CCC(=O)O)C)CCC(=O)O)C)CCC(=O)O)CCC(=O)O	Organic compounds	Organoheterocyclic compounds	Tetrapyrroles and derivatives	Porphyrins	Porphyrins			Alkaloids
3043165930917491123	1853	0.4887	38.8757	538.2547	499.379	FIWGZIBLJWZUEA	Tsugaric acid A	O=C(OC1CCC2(C3=C(CCC2C1(C)C)C4(C)CCC(C(C(=O)O)CCC=C(C)C)C4(C)CC3)C)C	Organic compounds	Lipids and lipid-like molecules	Prenol lipids	Triterpenoids	Triterpenoids	Lanostane, Tirucallane and Euphane triterpenoids	Triterpenoids	Terpenoids
3043165930917491123	1854	0.4887	41.1243	538.2547	579.379	CANKROYVEPINSI	Trp-HDCA	C[C@H](CCC(N[C@@H](CC1=CNC2=C1C=CC=C2)C(O)=O)=O)[C@H]3CC[C@@]4([H])[C@]5([H])C[C@H](O)[C@]6([H])C[C@H](O)CC[C@]6(C)[C@H]5CC[C@@]43C	Organic compounds	Lipids and lipid-like molecules	Steroids and steroid derivatives	Bile acids, alcohols and derivatives	Dihydroxy bile acids, alcohols and derivatives	Cholestane steroids	Steroids	Terpenoids
3043165930917491123	1855	0.409	4.0417	538.2547	534.213	XYPWCJWXFYYGPA	10-methoxy-2,2-dimethylpyrano[3,2-g]chromen-8-one [IIN-based on: CCMSLIB00000847475]	COC1=C2OC(=O)C=CC2=CC3=C1OC(C)(C)C=C3	Organic compounds	Phenylpropanoids and polyketides	Coumarins and derivatives	Pyranocoumarins	Linear pyranocoumarins	Pyranocoumarins; Simple coumarins	Coumarins	Shikimates and Phenylpropanoids
3043165930917491123	1856	0.5521	117.0233	538.2547	655.278	VCCUOZSDXVZCSK	Coproporphyrin I	CC1=C(C2=CC3=NC(=CC4=NC(=CC5=C(C(=C(N5)C=C1N2)CCC(=O)O)C)C(=C4C)CCC(=O)O)C(=C3C)CCC(=O)O)CCC(=O)O	Organic compounds	Organoheterocyclic compounds	Tetrapyrroles and derivatives	Porphyrins	Porphyrins			Alkaloids
3043165930917491123	1857	0.409	56.0853	538.2547	594.34	JETMSKKNSNPVER	LDOPA-DCA	C[C@H](CCC(N[C@H](C(O)=O)CC1=CC=C(O)C(O)=C1)=O)[C@H]2CC[C@@]3([H])[C@]4([H])CC[C@]5([H])C[C@H](O)CC[C@]5(C)[C@H]4C[C@H](O)[C@@]32C	Organic compounds	Lipids and lipid-like molecules	Steroids and steroid derivatives	Bile acids, alcohols and derivatives	Dihydroxy bile acids, alcohols and derivatives	Cholane steroids	Steroids	Terpenoids
3043165930917491123	1858	0.4896	38.9903	538.2547	577.245	RRWXSVSMTCNULZ		CC(C)c1ccc(cc1)C2N3[C@@H](Cc4c2[nH]c5ccccc45)C(=O)N(C3=O)c6ccccc6C(=O)N7CCC[C@@H]7C(=O)O	Organic compounds	Organoheterocyclic compounds	Indoles and derivatives	Pyridoindoles	Beta carbolines	Carboline alkaloids	Tryptophan alkaloids	Alkaloids
3043165930917491123	1860	0.409	55.0953	538.2547	593.35	ZMCWALAQRPULMT	5-[[4-[5-[[4-[5-[acetyl(hydroxy)amino]pentylamino]-4-oxobutanoyl]-hydroxyamino]pentylamino]-4-oxobutanoyl]-hydroxyamino]pentanoic acid	CC(=O)N(O)CCCCCN=C(O)CCC(=O)N(O)CCCCCN=C(O)CCC(=O)N(O)CCCCC(=O)O	Organic compounds	Lipids and lipid-like molecules	Fatty Acyls	Fatty amides	N-acyl amines	N-acyl amines	Fatty amides	Fatty acids
3043165930917491123	1861	0.409	58.9047	538.2547	479.35	MIJYXULNPSFWEK	oleanolic acid	O=C(O)C12CCC(C)(C)CC2C3=CCC4C5(C)CCC(O)C(C)(C)C5CCC4(C)C3(C)CC1	Organic compounds	Lipids and lipid-like molecules	Prenol lipids	Triterpenoids	Triterpenoids	Oleanane triterpenoids	Triterpenoids	Terpenoids
3043165930917491123	1862	0.409	37.9687	538.2547	500.286	SQMGCPHFHQGPIF	Aconine	OC1CC(OC)C23C4N(CC)CC1(COC)C3C(OC)C4C5(O)C(O)C(OC)C6(O)CC2C5C6O	Organic compounds	Lipids and lipid-like molecules	Prenol lipids	Diterpenoids	Aconitane-type diterpenoid alkaloids	Terpenoid alkaloids	Pseudoalkaloids	Alkaloids; Terpenoids
3043165930917491123	1863	0.409	87.0847	538.2547	451.17	UFUVJROSOIXJGR	Praeruptorin C	O=C1OC2=C(C=C1)C=CC=3OC(C)(C)C(OC(=O)C(=CC)C)C(OC(=O)CC(C)C)C32	Organic compounds	Phenylpropanoids and polyketides	Coumarins and derivatives	Pyranocoumarins	Angular pyranocoumarins	Pyranocoumarins	Coumarins	Shikimates and Phenylpropanoids
3043165930917491123	1864	0.409	149.0953	538.2547	687.35	XONIDZKOFMZZPY	Cercic acid	O=C1CC[C@@H](C(N[C@H](C(N[C@@H](CC(C)C)C(N[C@@H](CC2=CC=CC=C2)C(N[C@H](C(O)=O)CC3=CN4C5=C3C=CC=C5)=O)=O)=O)[C@@]4(C)CC)=O)N1	Organic compounds	Organic Polymers	Polypeptides		Polypeptides	Cyclic peptides	Oligopeptides	Amino acids and Peptides
3043165930917491123	1865	0.4887	28.9607	538.2547	509.294	CSKRCVQJKJFWGN	"""2,5-Piperazinedione, 3-[[1-(1,1-dimethyl-2-propen-1-yl)-1H-indol-3-yl]methyl]-6-[[2-(1,1-dimethyl-2-propen-1-yl)-1H-indol-3-yl]methyl]-, (3S,6S)_120157"""	CC(C=C)(C)C1=C(C[C@@H]2NC([C@H](CC3=CN(C(C)(C)C=C)C4=C3C=CC=C4)NC2=O)=O)C5=CC=CC=C5N1	Organic compounds	Organoheterocyclic compounds	Indoles and derivatives	N-alkylindoles	N-alkylindoles	Indole diketopiperazine alkaloids (L-Trp, L-Trp)	Peptide alkaloids	Alkaloids; Amino acids and Peptides
3043165930917491123	1866	0.4887	35.9793	538.2547	574.234	YFGBQHOOROIVKG	Methionine_Enkephalin	[H]C([H])(c(c2[H])c(c(c(c2[H])O[H])[H])[H])C([H])(N([H])[H])C(N(C(C(N(C(C(N(C(C([H])([H])c(c1[H])c(c(c(c1[H])[H])[H])[H])([H])C(N(C([H])(C(=O)O[H])C([H])([H])C(SC([H])([H])[H])([H])[H])[H])=O)[H])=O)([H])[H])[H])=O)([H])[H])[H])=O	Organic compounds	Organic acids and derivatives	Carboxylic acids and derivatives	Amino acids, peptides, and analogues	Oligopeptides	Tripeptides	Small peptides	Amino acids and Peptides
3043165930917491123	1867	0.3775	364.1637	538.2547	174.091	MOSRXMRJDACECK	Pargyline formamide	O=CN(CC#C)CC1=CC=CC=C1	Organic compounds	Benzenoids	Benzene and substituted derivatives		Benzene and substituted derivatives			
3043165930917491123	1869	0.5528	63.1063	538.2547	601.361	CYHFCBVFHBCQHF	Trp-UDCA	C[C@H](CCC(N[C@H](C(O)=O)CC1=CNC2=C1C=CC=C2)=O)[C@H]3CC[C@@]4([H])[C@]5([H])[C@@H](O)C[C@]6([H])C[C@@H](CC[C@]6(C)[C@H]5CC[C@@]43C)O	Organic compounds	Lipids and lipid-like molecules	Steroids and steroid derivatives	Bile acids, alcohols and derivatives	Glycinated bile acids and derivatives	Cholane steroids	Steroids	Terpenoids
3043165930917491123	1870	0.4887	11.0163	538.2547	549.271	KQGQONPKSKUHHT	N_Acetyl_L_tryptophan_ethyl_ester	CCOC(=O)C(CC1=CNC2=CC=CC=C21)NC(=O)C	Organic compounds	Organic acids and derivatives	Carboxylic acids and derivatives	Amino acids, peptides, and analogues	N-acyl-alpha amino acids and derivatives	Dipeptides	Small peptides	Amino acids and Peptides
3043165930917491123	1871	0.4887	117.1173	538.2547	655.372	PTPCWEVNYOLFMA	1,2,6,6,10,17,20-heptamethyl-17-[N-(3-nitrophenyl)carbamoyl]-12-oxopentacyclo[ 12.8.0.0<2,11>.0<5,10>.0<15,20>]docos-13-en-7-yl acetate	CC(=O)OC1CCC2(C)C(CCC3(C)C2C(=O)C=C2C4CC(C)(C(O)=Nc5cccc([N+](=O)[O-])c5)CCC4(C)CCC23C)C1(C)C	Organic compounds	Lipids and lipid-like molecules	Prenol lipids	Triterpenoids	Triterpenoids			
3043165930917491123	1872	0.409	1038.6553	538.2547	1576.91	OESVNVWXOTVKHT	2-[[1-[2-[[2-[[2-[[2-[[2-[[2-[[2-[[2-[(2-acetamido-3-phenylpropanoyl)amino]-2-methylpropanoyl]amino]-2-methylpropanoyl]amino]-2-methylpropanoyl]amino]-3-methylbutanoyl]amino]acetyl]amino]-4-methylpentanoyl]amino]-2-methylpropanoyl]amino]-2-methylpropanoyl]-4-hydroxypyrrolidine-2-carbonyl]amino]-N-[1-[4-hydroxy-2-[[1-[(1-hydroxy-3-phenylpropan-2-yl)amino]-2-methyl-1-oxopropan-2-yl]carbamoyl]pyrrolidin-1-yl]-2-methyl-1-oxopropan-2-yl]pentanediamide	CC(C)CC(NC(=O)CNC(=O)C(NC(=O)C(C)(C)NC(=O)C(C)(C)NC(=O)C(C)(C)NC(=O)C(CC1=CC=CC=C1)NC(C)=O)C(C)C)C(=O)NC(C)(C)C(=O)NC(C)(C)C(=O)N2CC(O)CC2C(=O)NC(CCC(N)=O)C(=O)NC(C)(C)C(=O)N3CC(O)CC3C(=O)NC(C)(C)C(=O)NC(CO)CC4=CC=CC=C4	Organic compounds	Organic acids and derivatives	Carboxylic acids and derivatives	Amino acids, peptides, and analogues	Oligopeptides	Linear peptides	Oligopeptides	Amino acids and Peptides
3043165930917491123	1873	0.6653	77.0357	538.2547	461.219	VOZWTVJISAVWFI		COc1ccc(CCNC(=O)[C@H](C)N2C(=O)N3CCc4c([nH]c5ccccc45)[C@@]3(C)C2=O)cc1	Organic compounds	Organic acids and derivatives	Carboxylic acids and derivatives	Amino acids, peptides, and analogues	Dipeptides	Carboline alkaloids	Tryptophan alkaloids	Alkaloids
3043165930917491123	1874	0.6097	315.9043	538.2547	854.159	QHHKKMYHDBRONY	3-hydroxybutanoyl CoA	O=C(SCCNC(CCNC(C(C(C)(C)COP(OP(OCC1C(OP(O)(O)=O)C(O)C(N2C(N=CN=C3N)=C3N=C2)O1)(O)=O)(O)=O)O)=O)=O)CC(O)C	Organic compounds	Lipids and lipid-like molecules	Fatty Acyls	Fatty acyl thioesters	3-hydroxyacyl CoAs	Fatty acyl CoAs	Fatty esters	Fatty acids
3043165930917491123	1875	0.5529	75.0763	538.2547	613.331	UMKHUVRCCMAOBN	WS-7338-B;_BE-18257-B_32402_dereplictor_pv_1.38423e-16	[H]OC(=O)C([H])([H])C([H])([H])C1([H])N([H])C(=O)C([H])(N([H])C(=O)C([H])(N([H])C(=O)C([H])(N([H])C(=O)C([H])(N([H])C1=O)C([H])([H])[H])C([H])(C([H])([H])[H])C([H])([H])C([H])([H])[H])C([H])([H])C([H])(C([H])([H])[H])C([H])([H])[H])C([H])([H])C1=C([H])N([H])C2=C1C([H])=C([H])C([H])=C2[H]	Organic compounds	Organic acids and derivatives	Carboxylic acids and derivatives	Amino acids, peptides, and analogues	Oligopeptides	Cyclic peptides	Oligopeptides	Amino acids and Peptides
3043165930917491123	1876	0.409	122.1633	538.2547	660.418	SNPUUTQIPHTWGL	4-[2-[[4-[[2-[(2-acetamido-3-methylbutanoyl)amino]-3-methylbutanoyl]amino]-3-hydroxy-6-methylheptanoyl]amino]propanoylamino]-3,7-dihydroxy-6-methylheptanoic acid [IIN-based: Match]	CC(C)CC(NC(=O)C(NC(=O)C(NC(C)=O)C(C)C)C(C)C)C(O)CC(=O)NC(C)C(=O)NC(CC(C)CO)C(O)CC(O)=O	Organic compounds	Organic acids and derivatives	Peptidomimetics	Hybrid peptides	Hybrid peptides	Linear peptides	Oligopeptides	Amino acids and Peptides
3043165930917491123	1877	0.5529	209.0653	538.2547	747.32	NGOFDYKRKVTNMQ	2-((7-acetamido-1,2,3-trimethoxy-9-oxo-5,6,7,9-tetrahydrobenzo[a]heptalen-10-yl)amino)-N-(3-(3,4-dimethoxyphenethyl)-1H-1,2,4-triazol-5-yl)-4-(methylthio)butanamide	O=C1C=C2C(=CC=C1NC(C(=O)NC3=NC(=NN3)CCC4=CC=C(OC)C(OC)=C4)CCSC)C5=C(OC)C(OC)=C(OC)C=C5CCC2NC(=O)C	Organic compounds	Organic acids and derivatives	Carboxylic acids and derivatives	Amino acids, peptides, and analogues	Methionine and derivatives	Phenethylisoquinoline alkaloids	Tyrosine alkaloids	Alkaloids
3043165930917491123	1878	0.5521	627.4353	538.2547	1165.69	JETMSKKNSNPVER	LDOPA-DCA	C[C@H](CCC(N[C@H](C(O)=O)CC1=CC=C(O)C(O)=C1)=O)[C@H]2CC[C@@]3([H])[C@]4([H])CC[C@]5([H])C[C@H](O)CC[C@]5(C)[C@H]4C[C@H](O)[C@@]32C	Organic compounds	Lipids and lipid-like molecules	Steroids and steroid derivatives	Bile acids, alcohols and derivatives	Dihydroxy bile acids, alcohols and derivatives	Cholane steroids	Steroids	Terpenoids
3043165930917491123	1879	0.5521	55.0297	538.2547	483.225	LCAMLBZQFNLJDC	2-[6-hydroxy-2-(4-hydroxy-3-methoxyphenyl)-3-azabicyclo[4.4.0]dec-3-yl]-N-naph thylacetamide	COc1cc(C2C3CCCCC3(O)CCN2CC(O)=Nc2cccc3ccccc23)ccc1O	Organic compounds	Organoheterocyclic compounds	Piperidines	Phenylpiperidines	Phenylpiperidines			
3043165930917491123	1880	0.409	63.1063	538.2547	601.361	LXYFNICVBDMTSH	Trp-DCA	C[C@H](CCC(N[C@H](C(O)=O)CC1=CNC2=C1C=CC=C2)=O)[C@H]3CC[C@@]4([H])[C@]5([H])CC[C@]6([H])C[C@H](O)CC[C@]6(C)[C@H]5C[C@H](O)[C@@]43C	Organic compounds	Lipids and lipid-like molecules	Steroids and steroid derivatives	Bile acids, alcohols and derivatives	Dihydroxy bile acids, alcohols and derivatives	Cholane steroids	Steroids	Terpenoids
3043165930917491123	1881	0.4096	43.8547	538.2547	494.4	NPNDUIMQBJIGQS	Zygadenin	C[C@H]1CC[C@H]2[C@@]([C@@H]3[C@@H](CN2C1)[C@@H]4C[C@@]56[C@H]([C@@]4([C@H]([C@@H]3O)O)O)CC[C@H]7[C@@]5(CC[C@@H]([C@]7(O6)O)O)C)(C)O	Organic compounds	Lipids and lipid-like molecules	Steroids and steroid derivatives	Steroidal alkaloids	Cerveratrum-type alkaloids	Steroidal alkaloids	Pseudoalkaloids	Alkaloids; Terpenoids
3043165930917491123	1882	0.4887	125.1013	538.2547	663.356	OSDHWYZIXWDLGD	2-[2-[(2-acetamido-4-methylpentanoyl)amino]propanoylamino]-3-hydroxypropanoic acid [IIN-based on: CCMSLIB00000847807]	CC(C)CC(NC(C)=O)C(=O)NC(C)C(=O)NC(CO)C(O)=O	Organic compounds	Organic acids and derivatives	Carboxylic acids and derivatives	Amino acids, peptides, and analogues	Oligopeptides	Tripeptides	Small peptides	Amino acids and Peptides
3043165930917491123	1883	0.4887	65.1217	538.2547	473.133	BYYQYXVAWXAYQC	"N-Acetyl-L-trytophan 3,5-bis(trifluoromethyl)benzyl ester148451-96-1"""	CC(=O)N[C@@H](Cc1c[nH]c2ccccc12)C(=O)OCc3cc(cc(c3)C(F)(F)F)C(F)(F)F	Organic compounds	Organic acids and derivatives	Carboxylic acids and derivatives	Amino acids, peptides, and analogues	N-acyl-alpha amino acids and derivatives			Alkaloids
3043165930917491123	1884	0.4896	63.1063	538.2547	601.361	CANKROYVEPINSI	Trp-HDCA	C[C@H](CCC(N[C@@H](CC1=CNC2=C1C=CC=C2)C(O)=O)=O)[C@H]3CC[C@@]4([H])[C@]5([H])C[C@H](O)[C@]6([H])C[C@H](O)CC[C@]6(C)[C@H]5CC[C@@]43C	Organic compounds	Lipids and lipid-like molecules	Steroids and steroid derivatives	Bile acids, alcohols and derivatives	Dihydroxy bile acids, alcohols and derivatives	Cholestane steroids	Steroids	Terpenoids
3043165930917491123	1885	0.409	24.0953	538.2547	562.35	QACHFJUEZNFUSH	Phe-HDCA	C[C@H](CCC(N[C@H](C(O)=O)CC1=CC=CC=C1)=O)[C@H]2CC[C@@]3([H])[C@]4([H])C[C@H](O)[C@]5([H])C[C@H](O)CC[C@]5(C)[C@H]4CC[C@@]32C	Organic compounds	Lipids and lipid-like molecules	Steroids and steroid derivatives	Bile acids, alcohols and derivatives	Dihydroxy bile acids, alcohols and derivatives	Cholestane steroids	Steroids	Terpenoids
3043165930917491123	1886	0.409	69.9247	538.2547	468.33	DLOTUJUSJVIXDW	2-((4R)-4-((3R,5R,8R,9S,12S,14S,17R)-3,12-dihydroxy-10,13-dimethylhexadecahydro-1H-cyclopenta[a]phenanthren-17-yl)pentanamido)acetic acid hydrate	O=C(O)CNC(=O)CCC(C)C1CCC2C3CCC4CC(O)CCC4(C)C3CC(O)C12C.O	Organic compounds	Lipids and lipid-like molecules	Steroids and steroid derivatives	Bile acids, alcohols and derivatives	Glycinated bile acids and derivatives	Cholane steroids	Steroids	Terpenoids
3043165930917491123	1887	0.5528	23.1133	538.2547	561.368	LXYFNICVBDMTSH	Trp-DCA	C[C@H](CCC(N[C@H](C(O)=O)CC1=CNC2=C1C=CC=C2)=O)[C@H]3CC[C@@]4([H])[C@]5([H])CC[C@]6([H])C[C@H](O)CC[C@]6(C)[C@H]5C[C@H](O)[C@@]43C	Organic compounds	Lipids and lipid-like molecules	Steroids and steroid derivatives	Bile acids, alcohols and derivatives	Dihydroxy bile acids, alcohols and derivatives	Cholane steroids	Steroids	Terpenoids
3043165930917491123	1888	0.409	34.9647	538.2547	503.29	NKDFYOWSKOHCCO	Beta-Ecdysterone	O=C1C=C2C(CCC3(C)C(CCC23O)C(O)(C)C(O)CCC(O)(C)C)C4(C)CC(O)C(O)CC14	Organic compounds	Lipids and lipid-like molecules	Steroids and steroid derivatives	Bile acids, alcohols and derivatives	Hydroxy bile acids, alcohols and derivatives	Ecdysteroids	Steroids	Terpenoids
3043165930917491123	1889	0.409	15.9017	538.2547	522.353	CBEIHVWVTGRGDR	13-hydroxy-6-(1-hydroxyethyl)-3-(hydroxymethyl)-12,14-dimethyl-15-nonyl-9-propan-2-yl-1-oxa-4,7,10-triazacyclopentadecane-2,5,8,11-tetrone [IIN-based on: CCMSLIB00000846388]	CCCCCCCCCC1OC(=O)C(CO)NC(=O)C(NC(=O)C(NC(=O)C(C)C(O)C1C)C(C)C)C(C)O	Organic compounds	Organic acids and derivatives	Peptidomimetics	Depsipeptides	Cyclic depsipeptides	Cyclic peptides; Depsipeptides; Lipopeptides	Oligopeptides	Amino acids and Peptides; Polyketides
3043165930917491123	1890	0.409	73.0047	538.2547	465.25	DRLFMBDRBRZALE	Melatonin	COc1ccc2[nH]cc(CCN=C(C)O)c2c1	Organic compounds	Organoheterocyclic compounds	Indoles and derivatives	Indoles	3-alkylindoles	Simple indole alkaloids	Tryptophan alkaloids	Alkaloids
3043165930917491123	1891	0.4887	163.2053	538.2547	701.46	XNGHQBADKGIWEW	Thermoactinoamide_B	O=C(N[C@@H](CC(C)C)C(N[C@H](CC(C)C)C(N[C@H]1CC(C)C)=O)=O)[C@H](C(C)C)NC([C@@H](CC2=CC=C(O)C=C2)NC([C@@H](C(C)C)NC1=O)=O)=O	Organic compounds	Organic acids and derivatives	Carboxylic acids and derivatives	Amino acids, peptides, and analogues	Oligopeptides	Cyclic peptides	Oligopeptides	Amino acids and Peptides
3043165930917491123	1892	0.5524	595.4453	538.2547	1133.7	XIKDVEJWBTZILX	Phe-aMCA	C[C@H](CCC(N[C@@H](CC1=CC=CC=C1)C(O)=O)=O)[C@H]2CC[C@@]3([H])[C@]4([H])[C@H](O)[C@@H](O)[C@]5([H])C[C@H](O)CC[C@]5(C)[C@H]4CC[C@@]32C	Organic compounds	Lipids and lipid-like molecules	Steroids and steroid derivatives	Bile acids, alcohols and derivatives	Trihydroxy bile acids, alcohols and derivatives	Cholestane steroids	Steroids	Terpenoids
3043165930917491123	1893	0.8091	0.0037	538.2547	538.251	BHTRKEVKTKCXOH	tauroursodeoxycholic acid	C[C@H](CCC(=O)NCCS(=O)(=O)O)[C@H]1CC[C@@H]2[C@@]1(CC[C@H]3[C@H]2[C@H](C[C@H]4[C@@]3(CC[C@H](C4)O)C)O)C	Organic compounds	Lipids and lipid-like molecules	Steroids and steroid derivatives	Bile acids, alcohols and derivatives	Taurinated bile acids and derivatives	Cholane steroids	Steroids	Terpenoids
3043165930917491123	1894	0.5281	276.2547	538.2547	262.0	AJHCSUXXECOXOY	Gly-Trp	C1=CC=C2C(=C1)C(=CN2)C[C@@H](C(=O)O)NC(=O)CN	Organic compounds	Organic acids and derivatives	Carboxylic acids and derivatives	Amino acids, peptides, and analogues	Peptides	Dipeptides	Small peptides	Amino acids and Peptides
3043165930917491123	1895	0.2939	213.2117	538.2547	325.043	DJJCXFVJDGTHFX	URIDINE-5-MONOPHOSPHATE	C1=CN([C@H]2[C@@H]([C@@H]([C@@H](COP(=O)(O)O)O2)O)O)C(=O)N=C1O	Organic compounds	Nucleosides, nucleotides, and analogues	Pyrimidine nucleotides	Pyrimidine ribonucleotides	Pyrimidine ribonucleoside monophosphates	Pyrimidine nucleos(t)ides	Nucleosides	Carbohydrates
3043165930917491123	1896	0.5529	33.1283	538.2547	571.383	BXGYARXZDLDHJA	Arg-HDCA	C[C@H](CCC(N[C@H](C(O)=O)CCCNC(N)=N)=O)[C@H]1CC[C@@]2([H])[C@]3([H])C[C@H](O)[C@]4([H])C[C@H](O)CC[C@]4(C)[C@H]3CC[C@@]21C	Organic compounds	Lipids and lipid-like molecules	Steroids and steroid derivatives	Bile acids, alcohols and derivatives	Dihydroxy bile acids, alcohols and derivatives	Cholane steroids	Steroids	Terpenoids
3043165930917491123	1897	0.5778	605.4553	538.2547	1143.71	VLRUVFSQMXAAOI	Tyr-aMCA	C[C@H](CCC(N[C@@H](CC1=CC=C(O)C=C1)C(O)=O)=O)[C@H]2CC[C@@]3([H])[C@]4([H])[C@H](O)[C@@H](O)[C@]5([H])C[C@H](O)CC[C@]5(C)[C@H]4CC[C@@]32C	Organic compounds	Lipids and lipid-like molecules	Steroids and steroid derivatives	Bile acids, alcohols and derivatives	Trihydroxy bile acids, alcohols and derivatives	Cholestane steroids	Steroids	Terpenoids
12044373353115688389	1899	0.409	112.8586	494.2834	607.142	PAEOIXITAYMQRF	5-methoxy-3-methyl-4-[(2S,3R,4S,5S,6R)-3,4,5-trihydroxy-6-[[(2R,3R,4S,5S,6R)-3,4,5-trihydroxy-6-(hydroxymethyl)oxan-2-yl]oxymethyl]oxan-2-yl]oxy-3H-benzo[f][2]benzofuran-1-one	COc1cccc2cc3c(c(O[C@@H]4O[C@H](CO[C@@H]5O[C@H](CO)[C@@H](O)[C@H](O)[C@H]5O)[C@@H](O)[C@H](O)[C@H]4O)c12)C(C)OC3=O	Organic compounds	Organic oxygen compounds	Organooxygen compounds	Carbohydrates and carbohydrate conjugates	Phenolic glycosides	Naphthalenes and derivatives	Naphthalenes	Polyketides
12044373353115688389	1900	0.4887	214.9476	494.2834	709.231	STKUCSFEBXPTAY	methyl (4S,5Z,6S)-5-ethylidene-4-[2-oxo-2-[[(2R,3S,4S,5R,6R)-3,4,5-trihydroxy-6-[2-(4-hydroxyphenyl)ethoxy]oxan-2-yl]methoxy]ethyl]-6-[(2S,3R,4S,5S,6R)-3,4,5-trihydroxy-6-(hydroxymethyl)oxan-2-yl]oxy-4H-pyran-3-carboxylate	C/C=C1\[C@H](O[C@@H]2O[C@H](CO)[C@@H](O)[C@H](O)[C@H]2O)OC=C(C(=O)OC)[C@H]1CC(=O)OC[C@H]1O[C@@H](OCCc2ccc(O)cc2)[C@H](O)[C@@H](O)[C@@H]1O	Organic compounds	Lipids and lipid-like molecules	Saccharolipids		Saccharolipids	Secoiridoid monoterpenoids	Monoterpenoids	Terpenoids
12044373353115688389	1901	0.5529	12.8066	494.2834	507.09	FWDOTPMBXZPVHK	2-(2-(2-(3,4-dihydroxyphenyl)-3,5-dihydroxy-4,8-dioxo-4,8,9,10-tetrahydropyrano[2,3-f]chromen-10-yl)phenoxy)acetic acid	O=C(O)COC=1C=CC=CC1C2C=3C(OC(=O)C2)=CC(O)=C4C(=O)C(O)=C(OC43)C=5C=CC(O)=C(O)C5	Organic compounds	Phenylpropanoids and polyketides	Flavonoids	Pyranoflavonoids	Pyranoflavonoids	Flavonols; Neoflavonoids	Flavonoids	Shikimates and Phenylpropanoids
12044373353115688389	1903	0.627	407.1266	494.2834	901.41	DINQLGRRIYZCPG	(7S,9E,11S,12R,13S,14S,15S,16R,17S,18S,19E,21Z)-13-(acetyloxy)-15,17-dihydroxy-11-methoxy-26-[(4-methoxyphenyl)amino]-3,7,12,14,16,18,22-heptamethyl-6,23,27,29-tetraoxo-8,30-dioxa-24-azatetracyclo[23.3.1.1^{4,7}.0^{5,28}]triaconta-1,3,5(28),9,19,21,25...	O=C(OC1C(C)C(OC)C=COC2(OC3=C(C2=O)C=4C(=O)C(NC5=CC=C(OC)C=C5)=C(NC(=O)C(=CC=CC(C)C(O)C(C)C(O)C1C)C)C(=O)C4C(OC(=O)C(C)(C)C)=C3C)C)C	Organic compounds	Phenylpropanoids and polyketides	Macrolactams		Macrolactams	Ansa macrolides	Macrolides	Polyketides
12044373353115688389	1904	0.6074	301.0666	494.2834	795.35	IZDYRXBFTDBGQL	(7S,9E,11S,12S,13S,14S,15S,16R,17S,18S,19E,21Z)-26-[(2-ethylphenyl)amino]-2,13,15,17-tetrahydroxy-11-methoxy-3,7,12,14,16,18,22-heptamethyl-8,30-dioxa-24-azatetracyclo[23.3.1.1^{4,7}.0^{5,28}]triaconta-1,3,5(28),9,19,21,25-heptaene-6,23,27,29-tetrone	O=C1NC=2C(=O)C=3C(O)=C(C=4OC(OC=CC(OC)C(C)C(O)C(C)C(O)C(C)C(O)C(C=CC=C1C)C)(C(=O)C4C3C(=O)C2NC=5C=CC=CC5CC)C)C	Organic compounds	Phenylpropanoids and polyketides	Macrolactams		Macrolactams	Ansa macrolides	Macrolides	Polyketides
12044373353115688389	1905	0.5528	122.8666	494.2834	617.15	CQJPSSJEHVNDFL	4'-O-Glucosylvitexin	O=C1C=C(OC=2C1=C(O)C=C(O)C2C3OC(CO)C(O)C(O)C3O)C=4C=CC(OC5OC(CO)C(O)C(O)C5O)=CC4	Organic compounds	Phenylpropanoids and polyketides	Flavonoids	Flavonoid glycosides	Flavonoid O-glycosides	Flavones	Flavonoids	Shikimates and Phenylpropanoids
12044373353115688389	1912	0.409	262.9346	494.2834	757.218	MSUVUDCULKNUJL	Cyanidin 3-(2G-glucosylrutinoside) M	CC1OC(OCC2OC(OC3=C([O+]=C4C=C(O)C=C(O)C4=C3)C3=CC(O)=C(O)C=C3)C(OC3OC(CO)C(O)C(O)C3O)C(O)C2O)C(O)C(O)C1O	Organic compounds	Phenylpropanoids and polyketides	Flavonoids	Flavonoid glycosides	Anthocyanidin-3-O-glycosides			
12044373353115688389	1920	0.7275	87.2466	494.2834	581.53	ZPPQIOUITZSYAO	3,5,7,3',4'-pentahydroxyflavylium-3-O-beta-D-xylopyra	C1C(C(C(C(O1)OC2C(C(C(OC2OC3=C([O+]=C4C=C(C=C(C4=C3)O)O)C5=CC(=C(C=C5)O)O)CO)O)O)O)O)O	Organic compounds	Phenylpropanoids and polyketides	Flavonoids	Flavonoid glycosides	Anthocyanidin-3-O-glycosides			
12044373353115688389	1921	0.5529	131.9666	494.2834	626.25	PQOCSSYRLUIAGG	(S)-4-((7-acetamido-1,2,3-trimethoxy-9-oxo-5,6,7,9-tetrahydrobenzo[a]heptalen-10-yl)amino)-N-(benzo[d][1,3]dioxol-5-ylmethyl)butanamide	O=C1C=C2C(=CC=C1NCCCC(=O)NCC3=CC=C4OCOC4=C3)C5=C(OC)C(OC)=C(OC)C=C5CCC2NC(=O)C	Organic compounds	Organic acids and derivatives	Carboxylic acids and derivatives	Amino acids, peptides, and analogues	Gamma amino acids and derivatives	Phenethylisoquinoline alkaloids	Tyrosine alkaloids	Alkaloids
12044373353115688389	1923	0.6073	152.8666	494.2834	647.15	NEJKEXUJCSYMCC	Isorhamnetin 3-glucoside-7-rhamnoside	O=C1C(OC2OC(CO)C(O)C(O)C2O)=C(OC3=CC(OC4OC(C)C(O)C(O)C4O)=CC(O)=C13)C=5C=CC(O)=C(OC)C5	Organic compounds	Phenylpropanoids and polyketides	Flavonoids	Flavonoid glycosides	Flavonoid-7-O-glycosides	Flavonols	Flavonoids	Shikimates and Phenylpropanoids
12044373353115688389	1924	0.409	61.1674	494.2834	433.116	KCGJPQIGKYTZQW	2-phenoxyethyl 6-(3-chloro-4-hydroxy-5-methoxyphenyl)-4-methyl-2-oxo-1,3,6-tri hydropyrimidine-5-carboxylate	COc1cc(C2NC(O)=NC(C)=C2C(=O)OCCOc2ccccc2)cc(Cl)c1O	Organic compounds	Benzenoids	Phenols	Methoxyphenols	Methoxyphenols			
12044373353115688389	1925	0.6096	168.9466	494.2834	663.23	OGYXOOJUJQIDOX	Epimedoside A	O=C1C(OC2OC(C)C(O)C(O)C2O)=C(OC=3C1=C(O)C=C(OC4OC(CO)C(O)C(O)C4O)C3CC=C(C)C)C=5C=CC(O)=CC5	Organic compounds	Phenylpropanoids and polyketides	Flavonoids	Flavonoid glycosides	Flavonoid-7-O-glycosides	Flavonols	Flavonoids	Shikimates and Phenylpropanoids
12044373353115688389	1928	0.6074	314.9266	494.2834	809.21	FJQKXKNZQQBTDD	Isorhamnetin 3-sophoroside-7-rhamnoside	O=C1C(OC2OC(CO)C(O)C(O)C2OC3OC(CO)C(O)C(O)C3O)=C(OC4=CC(OC5OC(C)C(O)C(O)C5O)=CC(O)=C14)C=6C=CC(O)=C(OC)C6	Organic compounds	Phenylpropanoids and polyketides	Flavonoids	Flavonoid glycosides	Flavonoid-7-O-glycosides	Flavonols	Flavonoids	Shikimates and Phenylpropanoids
12044373353115688389	1929	0.5719	403.0566	494.2834	897.34	WWZDOUGJVPBIAE	(7S,9E,11S,12S,13S,14S,15S,16R,17S,18S,19E,21Z)-13,15,17-trihydroxy-11-methoxy-3,7,12,14,16,18,22-heptamethyl-26-[(4-methylphenyl)amino]-6,23,27,29-tetraoxo-8,30-dioxa-24-azatetracyclo[23.3.1.1^{4,7}.0^{5,28}]triaconta-1,3,5(28),9,19,21,25-heptaen-2-y...	O=C(OC=1C=2C(=O)C=3NC(=O)C(=CC=CC(C)C(O)C(C)C(O)C(C)C(O)C(C)C(OC)C=COC4(OC(=C(C4=O)C2C(=O)C3NC5=CC=C(C=C5)C)C1C)C)C)C=6C=CC=CC6Cl	Organic compounds	Phenylpropanoids and polyketides	Macrolactams		Macrolactams	Ansa macrolides	Macrolides	Polyketides
12044373353115688389	1930	0.5279	265.1274	494.2834	229.156	BBIXOODYWPFNDT	Ile-Pro	CC[C@H](C)[C@@H](C(=O)N1CCC[C@H]1C(=O)O)N	Organic compounds	Organic acids and derivatives	Carboxylic acids and derivatives	Amino acids, peptides, and analogues	Dipeptides	Dipeptides	Small peptides	Amino acids and Peptides
12044373353115688389	1931	0.409	230.9466	494.2834	725.23	NULBHTHMVOCGOE	ligustroflavone	O=C1C=C(OC2=CC(OC3OC(COC4OC(C)C(O)C(O)C4O)C(O)C(O)C3OC5OC(C)C(O)C(O)C5O)=CC(O)=C12)C=6C=CC(O)=CC6	Organic compounds	Phenylpropanoids and polyketides	Flavonoids	Flavonoid glycosides	Flavonoid-7-O-glycosides	Flavones	Flavonoids	Shikimates and Phenylpropanoids
12044373353115688389	1936	0.409	124.8366	494.2834	619.12	WQVCDQYJDQXJLY	2-(3,4-dihydroxyphenyl)-5-hydroxy-7-(((2R,3R,4S,5S,6R)-2,3,4,5-tetrahydroxy-6-((((2S,3R,4S,5S)-3,4,5-trihydroxytetrahydro-2H-pyran-2-yl)oxy)methyl)tetrahydro-2H-pyran-2-yl)oxy)-4H-chromen-4-one	O=C1C=C(OC2=CC(OC3(O)OC(COC4OCC(O)C(O)C4O)C(O)C(O)C3O)=CC(O)=C12)C=5C=CC(O)=C(O)C5	Organic compounds	Phenylpropanoids and polyketides	Flavonoids	Flavonoid glycosides	Flavonoid-7-O-glycosides	Flavones	Flavonoids	Shikimates and Phenylpropanoids
12044373353115688389	1937	0.6074	307.0766	494.2834	801.36	AFAZEQKSVKDGFX	(7S,9E,11S,12R,13S,14S,15S,16R,17S,18S,19E,21Z)-2,15,17-trihydroxy-11-methoxy-3,7,12,14,16,18,22-heptamethyl-6,23,27,29-tetraoxo-26-(piperidin-1-yl)-8,30-dioxa-24-azatetracyclo[23.3.1.1^{4,7}.0^{5,28}]triaconta-1,3,5(28),9,19,21,25-heptaen-13-yl aceta...	O=C(OC1C(C)C(OC)C=COC2(OC3=C(C2=O)C=4C(=O)C(=C(NC(=O)C(=CC=CC(C)C(O)C(C)C(O)C1C)C)C(=O)C4C(O)=C3C)N5CCCCC5)C)C	Organic compounds	Phenylpropanoids and polyketides	Macrolactams		Macrolactams	Ansa macrolides	Macrolides	Polyketides
12044373353115688389	1939	0.4887	134.8646	494.2834	629.148	BCWKMSLBLIKZQX	3-(1,3-benzodioxol-5-yl)-7-[(2S,3R,4S,5S,6R)-6-[[(2S,3R,4R)-3,4-dihydroxy-4-(hydroxymethyl)oxolan-2-yl]oxymethyl]-3,4,5-trihydroxyoxan-2-yl]oxy-6-methoxychromen-4-one	COc1cc2c(=O)c(-c3ccc4c(c3)OCO4)coc2cc1O[C@@H]1O[C@H](CO[C@H]2OC[C@](O)(CO)[C@H]2O)[C@@H](O)[C@H](O)[C@H]1O	Organic compounds	Phenylpropanoids and polyketides	Isoflavonoids	Isoflavonoid O-glycosides	Isoflavonoid O-glycosides	Isoflavones	Isoflavonoids	Shikimates and Phenylpropanoids
12044373353115688389	1940	0.409	57.1944	494.2834	437.089	POZPYFSUERHPRA	4,5,6-trimethoxy-7-[(1-phenyl(1,2,3,4-tetraazol-5-ylthio))methyl]-3-hydroisobe nzofuran-1-one	COc1c2c(c(CSc3nnnn3-c3ccccc3)c(OC)c1OC)C(=O)OC2	Organic compounds	Benzenoids	Benzene and substituted derivatives	Benzoic acids and derivatives	Gallic acid and derivatives			Alkaloids
12044373353115688389	1941	0.4887	13.8836	494.2834	508.167	HXKQKEQCNBMZJW	2-[2-(6,7-dimethoxy(2-1,2,3,4-tetrahydroisoquinolyl))-2-oxoethylthio]-4-phenyl -5,6,7-trihydrocyclopenta[1,2-b]pyridine-3-carbonitrile	COc1cc2c(cc1OC)CN(C(=O)CSc1nc3c(c(-c4ccccc4)c1C#N)CCC3)CC2	Organic compounds	Organoheterocyclic compounds	Pyridines and derivatives	Phenylpyridines	Phenylpyridines			
12044373353115688389	1944	0.6069	397.1166	494.2834	891.4	OOKSNNJCBKFTNL	(7S,9E,11S,12R,13S,14S,15S,16R,17S,18S,19E,21Z)-26-(4-benzylpiperidin-1-yl)-2,15,17-trihydroxy-11-methoxy-3,7,12,14,16,18,22-heptamethyl-6,23,27,29-tetraoxo-8,30-dioxa-24-azatetracyclo[23.3.1.1^{4,7}.0^{5,28}]triaconta-1,3,5(28),9,19,21,25-heptaen-13-...	O=C(OC1C(C)C(OC)C=COC2(OC3=C(C2=O)C=4C(=O)C(=C(NC(=O)C(=CC=CC(C)C(O)C(C)C(O)C1C)C)C(=O)C4C(O)=C3C)N5CCC(CC=6C=CC=CC6)CC5)C)C	Organic compounds	Phenylpropanoids and polyketides	Macrolactams		Macrolactams	Ansa macrolides	Macrolides	Polyketides
12044373353115688389	1945	0.5521	241.9566	494.2834	736.24	UORKJWHZGSSNRL	methyl 3-(6-((6,7-dimethoxy-1-(3,4,5-trimethoxyphenyl)-3,4-dihydroisoquinolin-2(1H)-yl)methyl)-3-hydroxy-4-oxo-4H-pyran-2-yl)-3-(4-oxo-4H-chromen-3-yl)propanoate	O=C(OC)CC(C=1OC(=CC(=O)C1O)CN2CCC3=CC(OC)=C(OC)C=C3C2C4=CC(OC)=C(OC)C(OC)=C4)C5=COC=6C=CC=CC6C5=O	Organic compounds	Organoheterocyclic compounds	Tetrahydroisoquinolines	1-phenyltetrahydroisoquinolines	1-phenyltetrahydroisoquinolines			
7269837506698335899	1965	0.409	112.8626	494.2794	607.142	PAEOIXITAYMQRF	5-methoxy-3-methyl-4-[(2S,3R,4S,5S,6R)-3,4,5-trihydroxy-6-[[(2R,3R,4S,5S,6R)-3,4,5-trihydroxy-6-(hydroxymethyl)oxan-2-yl]oxymethyl]oxan-2-yl]oxy-3H-benzo[f][2]benzofuran-1-one	COc1cccc2cc3c(c(O[C@@H]4O[C@H](CO[C@@H]5O[C@H](CO)[C@@H](O)[C@H](O)[C@H]5O)[C@@H](O)[C@H](O)[C@H]4O)c12)C(C)OC3=O	Organic compounds	Organic oxygen compounds	Organooxygen compounds	Carbohydrates and carbohydrate conjugates	Phenolic glycosides	Naphthalenes and derivatives	Naphthalenes	Polyketides
7269837506698335899	1966	0.4887	214.9516	494.2794	709.231	STKUCSFEBXPTAY	methyl (4S,5Z,6S)-5-ethylidene-4-[2-oxo-2-[[(2R,3S,4S,5R,6R)-3,4,5-trihydroxy-6-[2-(4-hydroxyphenyl)ethoxy]oxan-2-yl]methoxy]ethyl]-6-[(2S,3R,4S,5S,6R)-3,4,5-trihydroxy-6-(hydroxymethyl)oxan-2-yl]oxy-4H-pyran-3-carboxylate	C/C=C1\[C@H](O[C@@H]2O[C@H](CO)[C@@H](O)[C@H](O)[C@H]2O)OC=C(C(=O)OC)[C@H]1CC(=O)OC[C@H]1O[C@@H](OCCc2ccc(O)cc2)[C@H](O)[C@@H](O)[C@@H]1O	Organic compounds	Lipids and lipid-like molecules	Saccharolipids		Saccharolipids	Secoiridoid monoterpenoids	Monoterpenoids	Terpenoids
7269837506698335899	1967	0.5529	12.8106	494.2794	507.09	FWDOTPMBXZPVHK	2-(2-(2-(3,4-dihydroxyphenyl)-3,5-dihydroxy-4,8-dioxo-4,8,9,10-tetrahydropyrano[2,3-f]chromen-10-yl)phenoxy)acetic acid	O=C(O)COC=1C=CC=CC1C2C=3C(OC(=O)C2)=CC(O)=C4C(=O)C(O)=C(OC43)C=5C=CC(O)=C(O)C5	Organic compounds	Phenylpropanoids and polyketides	Flavonoids	Pyranoflavonoids	Pyranoflavonoids	Flavonols; Neoflavonoids	Flavonoids	Shikimates and Phenylpropanoids
7269837506698335899	1969	0.627	407.1306	494.2794	901.41	DINQLGRRIYZCPG	(7S,9E,11S,12R,13S,14S,15S,16R,17S,18S,19E,21Z)-13-(acetyloxy)-15,17-dihydroxy-11-methoxy-26-[(4-methoxyphenyl)amino]-3,7,12,14,16,18,22-heptamethyl-6,23,27,29-tetraoxo-8,30-dioxa-24-azatetracyclo[23.3.1.1^{4,7}.0^{5,28}]triaconta-1,3,5(28),9,19,21,25...	O=C(OC1C(C)C(OC)C=COC2(OC3=C(C2=O)C=4C(=O)C(NC5=CC=C(OC)C=C5)=C(NC(=O)C(=CC=CC(C)C(O)C(C)C(O)C1C)C)C(=O)C4C(OC(=O)C(C)(C)C)=C3C)C)C	Organic compounds	Phenylpropanoids and polyketides	Macrolactams		Macrolactams	Ansa macrolides	Macrolides	Polyketides
7269837506698335899	1970	0.6074	301.0706	494.2794	795.35	IZDYRXBFTDBGQL	(7S,9E,11S,12S,13S,14S,15S,16R,17S,18S,19E,21Z)-26-[(2-ethylphenyl)amino]-2,13,15,17-tetrahydroxy-11-methoxy-3,7,12,14,16,18,22-heptamethyl-8,30-dioxa-24-azatetracyclo[23.3.1.1^{4,7}.0^{5,28}]triaconta-1,3,5(28),9,19,21,25-heptaene-6,23,27,29-tetrone	O=C1NC=2C(=O)C=3C(O)=C(C=4OC(OC=CC(OC)C(C)C(O)C(C)C(O)C(C)C(O)C(C=CC=C1C)C)(C(=O)C4C3C(=O)C2NC=5C=CC=CC5CC)C)C	Organic compounds	Phenylpropanoids and polyketides	Macrolactams		Macrolactams	Ansa macrolides	Macrolides	Polyketides
7269837506698335899	1971	0.5528	122.8706	494.2794	617.15	CQJPSSJEHVNDFL	4'-O-Glucosylvitexin	O=C1C=C(OC=2C1=C(O)C=C(O)C2C3OC(CO)C(O)C(O)C3O)C=4C=CC(OC5OC(CO)C(O)C(O)C5O)=CC4	Organic compounds	Phenylpropanoids and polyketides	Flavonoids	Flavonoid glycosides	Flavonoid O-glycosides	Flavones	Flavonoids	Shikimates and Phenylpropanoids
7269837506698335899	1978	0.409	262.9386	494.2794	757.218	MSUVUDCULKNUJL	Cyanidin 3-(2G-glucosylrutinoside) M	CC1OC(OCC2OC(OC3=C([O+]=C4C=C(O)C=C(O)C4=C3)C3=CC(O)=C(O)C=C3)C(OC3OC(CO)C(O)C(O)C3O)C(O)C2O)C(O)C(O)C1O	Organic compounds	Phenylpropanoids and polyketides	Flavonoids	Flavonoid glycosides	Anthocyanidin-3-O-glycosides			
7269837506698335899	1986	0.7275	87.2506	494.2794	581.53	ZPPQIOUITZSYAO	3,5,7,3',4'-pentahydroxyflavylium-3-O-beta-D-xylopyra	C1C(C(C(C(O1)OC2C(C(C(OC2OC3=C([O+]=C4C=C(C=C(C4=C3)O)O)C5=CC(=C(C=C5)O)O)CO)O)O)O)O)O	Organic compounds	Phenylpropanoids and polyketides	Flavonoids	Flavonoid glycosides	Anthocyanidin-3-O-glycosides			
7269837506698335899	1987	0.5529	131.9706	494.2794	626.25	PQOCSSYRLUIAGG	(S)-4-((7-acetamido-1,2,3-trimethoxy-9-oxo-5,6,7,9-tetrahydrobenzo[a]heptalen-10-yl)amino)-N-(benzo[d][1,3]dioxol-5-ylmethyl)butanamide	O=C1C=C2C(=CC=C1NCCCC(=O)NCC3=CC=C4OCOC4=C3)C5=C(OC)C(OC)=C(OC)C=C5CCC2NC(=O)C	Organic compounds	Organic acids and derivatives	Carboxylic acids and derivatives	Amino acids, peptides, and analogues	Gamma amino acids and derivatives	Phenethylisoquinoline alkaloids	Tyrosine alkaloids	Alkaloids
7269837506698335899	1989	0.6073	252.9306	494.2794	747.21	NULBHTHMVOCGOE	ligustroflavone	O=C1C=C(OC2=CC(OC3OC(COC4OC(C)C(O)C(O)C4O)C(O)C(O)C3OC5OC(C)C(O)C(O)C5O)=CC(O)=C12)C=6C=CC(O)=CC6	Organic compounds	Phenylpropanoids and polyketides	Flavonoids	Flavonoid glycosides	Flavonoid-7-O-glycosides	Flavones	Flavonoids	Shikimates and Phenylpropanoids
7269837506698335899	1990	0.409	61.1634	494.2794	433.116	KCGJPQIGKYTZQW	2-phenoxyethyl 6-(3-chloro-4-hydroxy-5-methoxyphenyl)-4-methyl-2-oxo-1,3,6-tri hydropyrimidine-5-carboxylate	COc1cc(C2NC(O)=NC(C)=C2C(=O)OCCOc2ccccc2)cc(Cl)c1O	Organic compounds	Benzenoids	Phenols	Methoxyphenols	Methoxyphenols			
7269837506698335899	1991	0.6096	168.9506	494.2794	663.23	OGYXOOJUJQIDOX	Epimedoside A	O=C1C(OC2OC(C)C(O)C(O)C2O)=C(OC=3C1=C(O)C=C(OC4OC(CO)C(O)C(O)C4O)C3CC=C(C)C)C=5C=CC(O)=CC5	Organic compounds	Phenylpropanoids and polyketides	Flavonoids	Flavonoid glycosides	Flavonoid-7-O-glycosides	Flavonols	Flavonoids	Shikimates and Phenylpropanoids
7269837506698335899	1994	0.6074	314.9306	494.2794	809.21	FJQKXKNZQQBTDD	Isorhamnetin 3-sophoroside-7-rhamnoside	O=C1C(OC2OC(CO)C(O)C(O)C2OC3OC(CO)C(O)C(O)C3O)=C(OC4=CC(OC5OC(C)C(O)C(O)C5O)=CC(O)=C14)C=6C=CC(O)=C(OC)C6	Organic compounds	Phenylpropanoids and polyketides	Flavonoids	Flavonoid glycosides	Flavonoid-7-O-glycosides	Flavonols	Flavonoids	Shikimates and Phenylpropanoids
7269837506698335899	1995	0.5719	403.0606	494.2794	897.34	WWZDOUGJVPBIAE	(7S,9E,11S,12S,13S,14S,15S,16R,17S,18S,19E,21Z)-13,15,17-trihydroxy-11-methoxy-3,7,12,14,16,18,22-heptamethyl-26-[(4-methylphenyl)amino]-6,23,27,29-tetraoxo-8,30-dioxa-24-azatetracyclo[23.3.1.1^{4,7}.0^{5,28}]triaconta-1,3,5(28),9,19,21,25-heptaen-2-y...	O=C(OC=1C=2C(=O)C=3NC(=O)C(=CC=CC(C)C(O)C(C)C(O)C(C)C(O)C(C)C(OC)C=COC4(OC(=C(C4=O)C2C(=O)C3NC5=CC=C(C=C5)C)C1C)C)C)C=6C=CC=CC6Cl	Organic compounds	Phenylpropanoids and polyketides	Macrolactams		Macrolactams	Ansa macrolides	Macrolides	Polyketides
7269837506698335899	1996	0.5279	265.1234	494.2794	229.156	BBIXOODYWPFNDT	Ile-Pro	CC[C@H](C)[C@@H](C(=O)N1CCC[C@H]1C(=O)O)N	Organic compounds	Organic acids and derivatives	Carboxylic acids and derivatives	Amino acids, peptides, and analogues	Dipeptides	Dipeptides	Small peptides	Amino acids and Peptides
7269837506698335899	1997	0.409	230.9506	494.2794	725.23	NULBHTHMVOCGOE	ligustroflavone	O=C1C=C(OC2=CC(OC3OC(COC4OC(C)C(O)C(O)C4O)C(O)C(O)C3OC5OC(C)C(O)C(O)C5O)=CC(O)=C12)C=6C=CC(O)=CC6	Organic compounds	Phenylpropanoids and polyketides	Flavonoids	Flavonoid glycosides	Flavonoid-7-O-glycosides	Flavones	Flavonoids	Shikimates and Phenylpropanoids
7269837506698335899	2002	0.409	124.8406	494.2794	619.12	WQVCDQYJDQXJLY	2-(3,4-dihydroxyphenyl)-5-hydroxy-7-(((2R,3R,4S,5S,6R)-2,3,4,5-tetrahydroxy-6-((((2S,3R,4S,5S)-3,4,5-trihydroxytetrahydro-2H-pyran-2-yl)oxy)methyl)tetrahydro-2H-pyran-2-yl)oxy)-4H-chromen-4-one	O=C1C=C(OC2=CC(OC3(O)OC(COC4OCC(O)C(O)C4O)C(O)C(O)C3O)=CC(O)=C12)C=5C=CC(O)=C(O)C5	Organic compounds	Phenylpropanoids and polyketides	Flavonoids	Flavonoid glycosides	Flavonoid-7-O-glycosides	Flavones	Flavonoids	Shikimates and Phenylpropanoids
7269837506698335899	2003	0.6074	307.0806	494.2794	801.36	AFAZEQKSVKDGFX	(7S,9E,11S,12R,13S,14S,15S,16R,17S,18S,19E,21Z)-2,15,17-trihydroxy-11-methoxy-3,7,12,14,16,18,22-heptamethyl-6,23,27,29-tetraoxo-26-(piperidin-1-yl)-8,30-dioxa-24-azatetracyclo[23.3.1.1^{4,7}.0^{5,28}]triaconta-1,3,5(28),9,19,21,25-heptaen-13-yl aceta...	O=C(OC1C(C)C(OC)C=COC2(OC3=C(C2=O)C=4C(=O)C(=C(NC(=O)C(=CC=CC(C)C(O)C(C)C(O)C1C)C)C(=O)C4C(O)=C3C)N5CCCCC5)C)C	Organic compounds	Phenylpropanoids and polyketides	Macrolactams		Macrolactams	Ansa macrolides	Macrolides	Polyketides
7269837506698335899	2005	0.5528	35.1504	494.2794	459.129	FWZKNPRCZCUJMQ	5-(6-acetyloxy-3,5,7-trimethoxy-4-oxochromen-2-yl)-2-methoxyphenyl acetate	COc1ccc(-c2oc3cc(OC)c(OC(C)=O)c(OC)c3c(=O)c2OC)cc1OC(C)=O	Organic compounds	Phenylpropanoids and polyketides	Flavonoids	O-methylated flavonoids	7-O-methylated flavonoids	Flavonols	Flavonoids	Shikimates and Phenylpropanoids
7269837506698335899	2006	0.409	57.1904	494.2794	437.089	POZPYFSUERHPRA	4,5,6-trimethoxy-7-[(1-phenyl(1,2,3,4-tetraazol-5-ylthio))methyl]-3-hydroisobe nzofuran-1-one	COc1c2c(c(CSc3nnnn3-c3ccccc3)c(OC)c1OC)C(=O)OC2	Organic compounds	Benzenoids	Benzene and substituted derivatives	Benzoic acids and derivatives	Gallic acid and derivatives			Alkaloids
7269837506698335899	2007	0.4887	13.8876	494.2794	508.167	HXKQKEQCNBMZJW	2-[2-(6,7-dimethoxy(2-1,2,3,4-tetrahydroisoquinolyl))-2-oxoethylthio]-4-phenyl -5,6,7-trihydrocyclopenta[1,2-b]pyridine-3-carbonitrile	COc1cc2c(cc1OC)CN(C(=O)CSc1nc3c(c(-c4ccccc4)c1C#N)CCC3)CC2	Organic compounds	Organoheterocyclic compounds	Pyridines and derivatives	Phenylpyridines	Phenylpyridines			
7269837506698335899	2010	0.6069	397.1206	494.2794	891.4	OOKSNNJCBKFTNL	(7S,9E,11S,12R,13S,14S,15S,16R,17S,18S,19E,21Z)-26-(4-benzylpiperidin-1-yl)-2,15,17-trihydroxy-11-methoxy-3,7,12,14,16,18,22-heptamethyl-6,23,27,29-tetraoxo-8,30-dioxa-24-azatetracyclo[23.3.1.1^{4,7}.0^{5,28}]triaconta-1,3,5(28),9,19,21,25-heptaen-13-...	O=C(OC1C(C)C(OC)C=COC2(OC3=C(C2=O)C=4C(=O)C(=C(NC(=O)C(=CC=CC(C)C(O)C(C)C(O)C1C)C)C(=O)C4C(O)=C3C)N5CCC(CC=6C=CC=CC6)CC5)C)C	Organic compounds	Phenylpropanoids and polyketides	Macrolactams		Macrolactams	Ansa macrolides	Macrolides	Polyketides
7269837506698335899	2011	0.5521	241.9606	494.2794	736.24	UORKJWHZGSSNRL	methyl 3-(6-((6,7-dimethoxy-1-(3,4,5-trimethoxyphenyl)-3,4-dihydroisoquinolin-2(1H)-yl)methyl)-3-hydroxy-4-oxo-4H-pyran-2-yl)-3-(4-oxo-4H-chromen-3-yl)propanoate	O=C(OC)CC(C=1OC(=CC(=O)C1O)CN2CCC3=CC(OC)=C(OC)C=C3C2C4=CC(OC)=C(OC)C(OC)=C4)C5=COC=6C=CC=CC6C5=O	Organic compounds	Organoheterocyclic compounds	Tetrahydroisoquinolines	1-phenyltetrahydroisoquinolines	1-phenyltetrahydroisoquinolines			
12306328413020459395	2012	0.409	747.7408	274.9992	1022.74	SOFMPBOQLPVEQZ	TG(22:6/22:6/22:6)	CC/C=C\C/C=C/C/C=C\C/C=C/C/C=C\C/C=C\CCC(=O)OCC(COC(=O)CC/C=C\C/C=C/C/C=C\C/C=C\C/C=C\C/C=C\CC)OC(=O)CC/C=C\C/C=C\C/C=C\C/C=C\C/C=C\C/C=C\CC	['SOFMPBOQLPVEQZ', '', '', '', '', '']	Triacylglycerols	Glycerolipids	Fatty acids	False			
12306328413020459395	2013	0.577	381.3278	274.9992	656.327	PLKPXXCSANEZSA	17-[N-(3,4-dichlorophenyl)carbamoyl]-1,2,6,6,10,17,20-heptamethyl-12-oxopentac yclo[12.8.0.0<2,11>.0<5,10>.0<15,20>]docos-13-en-7-yl acetate	CC(=O)OC1CCC2(C)C(CCC3(C)C2C(=O)C=C2C4CC(C)(C(O)=Nc5ccc(Cl)c(Cl)c5)CCC4(C)CCC23C)C1(C)C	Organic compounds	Lipids and lipid-like molecules	Prenol lipids	Triterpenoids	Triterpenoids	Oleanane triterpenoids	Triterpenoids	Terpenoids
12306328413020459395	2014	0.409	470.4678	274.9992	745.467	VPGRYOFKCNULNK	DEOXYCORTICOSTERONE ACETATE	CC(=O)OCC(=O)C1CCC2C1(CCC3C2CCC4=CC(=O)CCC34C)C	Organic compounds	Lipids and lipid-like molecules	Steroids and steroid derivatives	Pregnane steroids	Gluco/mineralocorticoids, progestogins and derivatives	Pregnane steroids	Steroids	Terpenoids
12306328413020459395	2015	0.409	234.2528	274.9992	509.252	UQWXAEVMTJFVFA	KU036-11-3-2	OC1=CC(C(O)=O)=CC2=C1[C@H](C)CC[C@@]2([H])[C@](C)([H])CC/C=C(C)\COC(/C=C\C3=CC=C(O)C(OC)=C3)=O	Organic compounds	Lipids and lipid-like molecules	Prenol lipids	Diterpenoids	Biflorane and serrulatane diterpenoids	Serrulatane and Biflorane diterpenoids	Diterpenoids	Terpenoids
12306328413020459395	2016	0.409	172.3438	274.9992	447.343	ZVFDTKUVRCTHQE	Diisodecyl phthalate	CC(C)CCCCCCCOC(=O)C1=CC=CC=C1C(=O)OCCCCCCCC(C)C	Organic compounds	Benzenoids	Benzene and substituted derivatives	Benzoic acids and derivatives	Benzoic acid esters	Shikimic acids and derivatives; Simple phenolic acids	Phenolic acids (C6-C1)	Shikimates and Phenylpropanoids
12306328413020459395	2017	0.409	348.3888	274.9992	623.388	CADNMISJDLVPCK	Roccellic Acid	CCCCCCCCCCCC[C@@H](C(=O)O)[C@H](C)C(=O)O	Organic compounds	Lipids and lipid-like molecules	Fatty Acyls	Fatty acids and conjugates	Long-chain fatty acids	Branched fatty acids; Dicarboxylic acids	Fatty Acids and Conjugates	Fatty acids
12306328413020459395	2018	0.4735	0.0008	274.9992	275.0	HYBRYAPKQCZIAE	Allocrytopine	CN1CCC2=CC3=C(C=C2C(=O)CC4=C(C1)C(=C(C=C4)OC)OC)OCO3	Organic compounds	Alkaloids and derivatives	Protopine alkaloids		Protopine alkaloids	Isoquinoline alkaloids; Protopine alkaloids	Tyrosine alkaloids	Alkaloids
12306328413020459395	2019	0.409	502.4278	274.9992	777.427	HOFGZJTZROMXRO	[3-methyl-1-[3-methyl-1-[3-methyl-1-[3-methyl-1-oxo-1-(1,3,4,5,6-pentahydroxyhexan-2-yloxy)pentan-2-yl]oxy-1-oxopentan-2-yl]oxy-1-oxopentan-2-yl]oxy-1-oxopentan-2-yl] 2-acetyloxy-3-methylpentanoate [IIN-based: Match]	CCC(C)C(OC(C)=O)C(=O)OC(C(C)CC)C(=O)OC(C(C)CC)C(=O)OC(C(C)CC)C(=O)OC(C(C)CC)C(=O)OC(CO)C(O)C(O)C(O)CO	Organic compounds	Organic acids and derivatives	Carboxylic acids and derivatives	Hexacarboxylic acids and derivatives	Hexacarboxylic acids and derivatives	Polyesters	Linear polyketides	Polyketides
12306328413020459395	2020	0.4887	314.4008	274.9992	589.4	HLFDBGBBWUJBTJ	1,2,6,6,10,17,20-heptamethyl-12-oxo-17-(N-(2-pyridyl)carbamoyl)pentacyclo[12.8 .0.0<2,11>.0<5,10>.0<15,20>]docos-13-en-7-yl acetate	CC(=O)OC1CCC2(C)C(CCC3(C)C2C(=O)C=C2C4CC(C)(C(O)=Nc5ccccn5)CCC4(C)CCC23C)C1(C)C	Organic compounds	Lipids and lipid-like molecules	Prenol lipids	Triterpenoids	Triterpenoids	Oleanane triterpenoids	Triterpenoids	Terpenoids
12306328413020459395	2022	0.409	257.4388	274.9992	532.438	GHKOFFNLGXMVNJ	Didodecyl 3,3'-thiodipropionate [IIN-based on: CCMSLIB00003378404]	CCCCCCCCCCCCOC(=O)CCSCCC(=O)OCCCCCCCCCCCC	Organic compounds	Organic acids and derivatives	Carboxylic acids and derivatives	Dicarboxylic acids and derivatives	Dicarboxylic acids and derivatives	Wax monoesters	Fatty esters	Fatty acids
12306328413020459395	2023	0.409	160.2958	274.9992	435.295	SCABKEBYDRTODC	bis[2-(2-butoxyethoxy)ethyl] hexanedioate	CCCCOCCOCCOC(=O)CCCCC(=O)OCCOCCOCCCC	Organic compounds	Lipids and lipid-like molecules	Fatty Acyls	Fatty acid esters	Fatty acid esters	Triacylglycerols	Glycerolipids	Fatty acids
12306328413020459395	2024	0.3459	85.1808	274.9992	360.18	KDIKNBJFJOYFNY	n-homoveratroylhomoveratrylamine	O=C(NCCC1=CC=C(OC)C(OC)=C1)CC2=CC=C(OC)C(OC)=C2	Organic compounds	Benzenoids	Benzene and substituted derivatives	Methoxybenzenes	Dimethoxybenzenes	Phenylethylamines	Tyrosine alkaloids	Alkaloids
12306328413020459395	2025	0.409	160.2958	274.9992	435.295	SCABKEBYDRTODC	bis[2-(2-butoxyethoxy)ethyl] hexanedioate	CCCCOCCOCCOC(=O)CCCCC(=O)OCCOCCOCCCC	Organic compounds	Lipids and lipid-like molecules	Fatty Acyls	Fatty acid esters	Fatty acid esters	Triacylglycerols	Glycerolipids	Fatty acids
12306328413020459395	2026	0.3459	56.1908	274.9992	331.19	VOWAEIGWURALJQ	dicyclohexyl benzene-1,2-dicarboxylate	O=C(OC1CCCCC1)C1=CC=CC=C1C(=O)OC1CCCCC1	Organic compounds	Benzenoids	Benzene and substituted derivatives	Benzoic acids and derivatives	Benzoic acid esters			
12306328413020459395	2028	0.4887	314.4008	274.9992	589.4	HLFDBGBBWUJBTJ	1,2,6,6,10,17,20-heptamethyl-12-oxo-17-(N-(2-pyridyl)carbamoyl)pentacyclo[12.8 .0.0<2,11>.0<5,10>.0<15,20>]docos-13-en-7-yl acetate	CC(=O)OC1CCC2(C)C(CCC3(C)C2C(=O)C=C2C4CC(C)(C(O)=Nc5ccccn5)CCC4(C)CCC23C)C1(C)C	Organic compounds	Lipids and lipid-like molecules	Prenol lipids	Triterpenoids	Triterpenoids	Oleanane triterpenoids	Triterpenoids	Terpenoids
12306328413020459395	2029	0.409	344.3708	274.9992	619.37	MIVGUYBAQIHKPJ	Desferrioxamine G1	NCCCCCN(O)C(=O)CCC(=O)NCCCCCN(O)C(=O)CCC(=O)NCCCCCN(O)C(=O)CCC(O)=O	Organic compounds	Lipids and lipid-like molecules	Fatty Acyls	Fatty amides	N-acyl amines	N-acyl amines	Fatty amides	Fatty acids
12306328413020459395	2030	0.409	515.5688	274.9992	790.568	MZWQZYDNVSKPPF	Isorangiformic acid	O=C(O)C[C@@H]([C@H](CCCCCCCCCCCCCC)C(=O)O)C(=O)OC	Organic compounds	Organic acids and derivatives	Carboxylic acids and derivatives	Tricarboxylic acids and derivatives	Tricarboxylic acids and derivatives	Dicarboxylic acids	Fatty Acids and Conjugates	Fatty acids
12306328413020459395	2031	0.409	160.2958	274.9992	435.295	SCABKEBYDRTODC	bis[2-(2-butoxyethoxy)ethyl] hexanedioate	CCCCOCCOCCOC(=O)CCCCC(=O)OCCOCCOCCCC	Organic compounds	Lipids and lipid-like molecules	Fatty Acyls	Fatty acid esters	Fatty acid esters	Triacylglycerols	Glycerolipids	Fatty acids
12306328413020459395	2032	0.409	256.1568	274.9992	531.156	XMAYWYJOQHXEEK	"""1-[4-[4-[[(2R,4S)-2-(2,4-dichlorophenyl)-2-(imidazol-1-ylmethyl)-1,3-dioxolan-4-yl]methoxy]phenyl]piperazin-1-yl]ethanone"""	CC(=O)N1CCN(CC1)C2=CC=C(C=C2)OC[C@H]3CO[C@](O3)(CN4C=CN=C4)C5=C(C=C(C=C5)Cl)Cl	Organic compounds	Organoheterocyclic compounds	Diazinanes	Piperazines	Phenylpiperazines			Alkaloids
12306328413020459395	2033	0.409	687.4548	274.9992	962.454	VZPLPGICHZXOCQ	Olivetoric acid	Oc1cc(OC(=O)c2c(O)cc(O)cc2CC(=O)CCCCC)cc(CCCCC)c1C(=O)O	Organic compounds	Phenylpropanoids and polyketides	Depsides and depsidones		Depsides and depsidones	Depsides	Aromatic polyketides	Polyketides
12306328413020459395	2034	0.3459	38.3118	274.9992	313.311	RLCKHJSFHOZMDR	Phytanic acid	CC(C)CCCC(C)CCCC(C)CCCC(C)CC(O)=O	Organic compounds	Lipids and lipid-like molecules	Prenol lipids	Diterpenoids	Acyclic diterpenoids	Branched fatty acids	Fatty Acids and Conjugates	Fatty acids; Terpenoids
12306328413020459395	2035	0.2939	274.2718	274.9992	549.271	KQGQONPKSKUHHT	N_Acetyl_L_tryptophan_ethyl_ester	CCOC(=O)C(CC1=CNC2=CC=CC=C21)NC(=O)C	Organic compounds	Organic acids and derivatives	Carboxylic acids and derivatives	Amino acids, peptides, and analogues	N-acyl-alpha amino acids and derivatives	Dipeptides	Small peptides	Amino acids and Peptides
12306328413020459395	2036	0.409	222.3608	274.9992	497.36	FPMQKXQOBKDVHF	Bryodulcosigenin	O=C1CC2(C)C(CCC2(C)C3CC=C4C(CCC(O)C4(C)C)C13C)C(C)CCC(O)C(O)(C)C	Organic compounds	Lipids and lipid-like molecules	Steroids and steroid derivatives	Cucurbitacins	Cucurbitacins	Cucurbitane triterpenoids	Triterpenoids	Terpenoids
12306328413020459395	2037	0.4887	314.4008	274.9992	589.4	HLFDBGBBWUJBTJ	1,2,6,6,10,17,20-heptamethyl-12-oxo-17-(N-(2-pyridyl)carbamoyl)pentacyclo[12.8 .0.0<2,11>.0<5,10>.0<15,20>]docos-13-en-7-yl acetate	CC(=O)OC1CCC2(C)C(CCC3(C)C2C(=O)C=C2C4CC(C)(C(O)=Nc5ccccn5)CCC4(C)CCC23C)C1(C)C	Organic compounds	Lipids and lipid-like molecules	Prenol lipids	Triterpenoids	Triterpenoids	Oleanane triterpenoids	Triterpenoids	Terpenoids
12306328413020459395	2038	0.4887	314.4008	274.9992	589.4	HLFDBGBBWUJBTJ	1,2,6,6,10,17,20-heptamethyl-12-oxo-17-(N-(2-pyridyl)carbamoyl)pentacyclo[12.8 .0.0<2,11>.0<5,10>.0<15,20>]docos-13-en-7-yl acetate	CC(=O)OC1CCC2(C)C(CCC3(C)C2C(=O)C=C2C4CC(C)(C(O)=Nc5ccccn5)CCC4(C)CCC23C)C1(C)C	Organic compounds	Lipids and lipid-like molecules	Prenol lipids	Triterpenoids	Triterpenoids	Oleanane triterpenoids	Triterpenoids	Terpenoids
12306328413020459395	2039	0.409	587.6848	274.9992	862.684	ACTIUHUUMQJHFO	CoQ10	CC1=C(C(=O)C(=C(C1=O)OC)OC)C/C=C(\C)/CC/C=C(\C)/CC/C=C(\C)/CC/C=C(\C)/CC/C=C(\C)/CC/C=C(\C)/CC/C=C(\C)/CC/C=C(\C)/CC/C=C(\C)/CCC=C(C)C	Organic compounds	Lipids and lipid-like molecules	Prenol lipids	Quinone and hydroquinone lipids	Ubiquinones	Prenyl quinone meroterpenoids	Meroterpenoids	Terpenoids
12306328413020459395	2040	0.409	516.4558	274.9992	791.455	VNBPNPCSBYXRNC	2-[5-[2-[2-[5-[2-[2-[5-[2-[2-[5-(2-hydroxybutyl)oxolan-2-yl]propanoyloxy]propyl]oxolan-2-yl]propanoyloxy]propyl]oxolan-2-yl]propanoyloxy]propyl]oxolan-2-yl]propanoic acid	CCC(O)CC1CCC(C(C)C(=O)OC(C)CC2CCC(C(C)C(=O)OC(C)CC3CCC(C(C)C(=O)OC(C)CC4CCC(C(C)C(=O)O)O4)O3)O2)O1	Organic compounds	Organic acids and derivatives	Carboxylic acids and derivatives	Tetracarboxylic acids and derivatives	Tetracarboxylic acids and derivatives	Macrotetrolides	Polyethers	Polyketides
12306328413020459395	2041	0.409	172.3438	274.9992	447.343	ZVFDTKUVRCTHQE	Diisodecyl phthalate	CC(C)CCCCCCCOC(=O)C1=CC=CC=C1C(=O)OCCCCCCCC(C)C	Organic compounds	Benzenoids	Benzene and substituted derivatives	Benzoic acids and derivatives	Benzoic acid esters	Shikimic acids and derivatives; Simple phenolic acids	Phenolic acids (C6-C1)	Shikimates and Phenylpropanoids
12306328413020459395	2042	0.409	272.4018	274.9992	547.401	KRADHMIOFJQKEZ	Tri-2-ethylhexyl trimellitate	CCCCC(CC)COC(=O)C1=CC(=C(C=C1)C(=O)OCC(CC)CCCC)C(=O)OCC(CC)CCCC	Organic compounds	Benzenoids	Benzene and substituted derivatives	Benzoic acids and derivatives	Benzoic acid esters	Simple phenolic acids	Phenolic acids (C6-C1)	Shikimates and Phenylpropanoids
12306328413020459395	2043	0.409	198.1758	274.9992	473.175	OPHKKQQCOYMLPW	4'-Methylflavone	Cc1ccc(-c2cc(=O)c3ccccc3o2)cc1	Organic compounds	Phenylpropanoids and polyketides	Flavonoids	Flavones	Flavones	Flavones	Flavonoids	Shikimates and Phenylpropanoids
12306328413020459395	2044	0.409	224.1248	274.9992	499.124	DYFXVIVUWANJGN	4,4-bis(6,8-dihydroxy-3-methyl-1-oxoisochromen-7-yl)-2-methoxybutanoic acid [IIN-based: Match]	COC(CC(C1=C(O)C2=C(C=C(C)OC2=O)C=C1O)C3=C(O)C4=C(C=C(C)OC4=O)C=C3O)C(O)=O	Organic compounds	Phenylpropanoids and polyketides	Isocoumarins and derivatives		Isocoumarins and derivatives	Isocoumarins	Coumarins	Shikimates and Phenylpropanoids
12306328413020459395	2045	0.409	224.3708	274.9992	499.37	QFJUYMMIBFBOJY	panaxatriol	OC1CC2C3(C)CCC(O)C(C)(C)C3C(O)CC2(C)C4(C)CCC(C14)C5(OC(C)(C)CCC5)C	Organic compounds	Lipids and lipid-like molecules	Prenol lipids	Terpene glycosides	Triterpene saponins	Dammarane and Protostane triterpenoids	Triterpenoids	Terpenoids
12306328413020459395	2046	0.409	385.4028	274.9992	660.402	HJTFEFVAIMJPHF	1,2,6,6,10,17,20-heptamethyl-17-(N-naphthylcarbamoyl)-12-oxopentacyclo[12.8.0. 0<2,11>.0<5,10>.0<15,20>]docos-13-en-7-yl acetate	CC(=O)OC1CCC2(C)C(CCC3(C)C2C(=O)C=C2C4CC(C)(C(O)=Nc5cccc6ccccc56)CCC4(C)CCC23C)C1(C)C	Organic compounds	Lipids and lipid-like molecules	Prenol lipids	Triterpenoids	Triterpenoids	Oleanane triterpenoids	Triterpenoids	Terpenoids
12306328413020459395	2047	0.409	291.4918	274.9992	566.491	XEQQGHISHUGMIP	DG(14:0/18:1/0:0)	CCCCCCCCCCCCCC(=O)OC[C@H](CO)OC(=O)CCCCCCC/C=C\CCCCCCCC	Organic compounds	Lipids and lipid-like molecules	Glycerolipids	Diradylglycerols	1,2-diacylglycerols	Diacylglycerols	Glycerolipids	Fatty acids
12306328413020459395	2048	0.409	160.2958	274.9992	435.295	SCABKEBYDRTODC	bis[2-(2-butoxyethoxy)ethyl] hexanedioate	CCCCOCCOCCOC(=O)CCCCC(=O)OCCOCCOCCCC	Organic compounds	Lipids and lipid-like molecules	Fatty Acyls	Fatty acid esters	Fatty acid esters	Triacylglycerols	Glycerolipids	Fatty acids
12306328413020459395	2049	0.3436	161.2488	274.9992	436.248	NWNQOAZCDWMOGB	(2E)-1-[2-(2-ethoxyphenyl)-6-hydroxy-3-azabicyclo[4.4.0]dec-3-yl]-3-(4-methoxy phenyl)prop-2-en-1-one	CCOc1ccccc1C1C2CCCCC2(O)CCN1C(=O)C=Cc1ccc(OC)cc1								
12306328413020459395	2050	0.409	160.2958	274.9992	435.295	SCABKEBYDRTODC	bis[2-(2-butoxyethoxy)ethyl] hexanedioate	CCCCOCCOCCOC(=O)CCCCC(=O)OCCOCCOCCCC	Organic compounds	Lipids and lipid-like molecules	Fatty Acyls	Fatty acid esters	Fatty acid esters	Triacylglycerols	Glycerolipids	Fatty acids
12306328413020459395	2051	0.3459	75.1178	274.9992	350.117	DYCHUHSHQIYFAI	Metazachlor BH 479-9	CC1=CC=CC(C)=C1N(CN1C=CC=N1)C(=O)CS(=O)CC(O)=O	Organic compounds	Benzenoids	Benzene and substituted derivatives	Anilides	Anilides		Peptide alkaloids	Alkaloids
12306328413020459395	2052	0.409	160.2958	274.9992	435.295	SCABKEBYDRTODC	bis[2-(2-butoxyethoxy)ethyl] hexanedioate	CCCCOCCOCCOC(=O)CCCCC(=O)OCCOCCOCCCC	Organic compounds	Lipids and lipid-like molecules	Fatty Acyls	Fatty acid esters	Fatty acid esters	Triacylglycerols	Glycerolipids	Fatty acids
12306328413020459395	2053	0.3459	27.0008	274.9992	302.0	JRWZLRBJNMZMFE	Dobutamine	CC(NCCc(c2)cc(O)c(O)c2)CCc(c1)ccc(O)c1	Organic compounds	Benzenoids	Phenols	Benzenediols	Catecholamines and derivatives	Phenylethylamines	Tyrosine alkaloids	Alkaloids
12306328413020459395	2054	0.409	268.1808	274.9992	543.18	ZZZYHIMVKOHVIH	Brusatol	O=C(OC1C(=O)OC2CC3C(=C(O)C(=O)CC3(C)C4C(O)C(O)C5(OCC24C15)C(=O)OC)C)C=C(C)C	Organic compounds	Lipids and lipid-like molecules	Prenol lipids	Terpene lactones	Quassinoids	Quassinoids	Triterpenoids	Terpenoids
12306328413020459395	2055	0.409	224.3708	274.9992	499.37	RIXNFYQZWDGQAE	3-O-acetyloleanolic acid	O=C(OC1CCC2(C)C3CC=C4C5CC(C)(C)CCC5(C(=O)O)CCC4(C)C3(C)CCC2C1(C)C)C	Organic compounds	Lipids and lipid-like molecules	Prenol lipids	Triterpenoids	Triterpenoids	Oleanane triterpenoids	Triterpenoids	Terpenoids
12306328413020459395	2056	0.4127	385.4028	274.9992	660.402	HJTFEFVAIMJPHF	1,2,6,6,10,17,20-heptamethyl-17-(N-naphthylcarbamoyl)-12-oxopentacyclo[12.8.0. 0<2,11>.0<5,10>.0<15,20>]docos-13-en-7-yl acetate	CC(=O)OC1CCC2(C)C(CCC3(C)C2C(=O)C=C2C4CC(C)(C(O)=Nc5cccc6ccccc56)CCC4(C)CCC23C)C1(C)C	Organic compounds	Lipids and lipid-like molecules	Prenol lipids	Triterpenoids	Triterpenoids	Oleanane triterpenoids	Triterpenoids	Terpenoids
12306328413020459395	2057	0.4887	314.4008	274.9992	589.4	HLFDBGBBWUJBTJ	1,2,6,6,10,17,20-heptamethyl-12-oxo-17-(N-(2-pyridyl)carbamoyl)pentacyclo[12.8 .0.0<2,11>.0<5,10>.0<15,20>]docos-13-en-7-yl acetate	CC(=O)OC1CCC2(C)C(CCC3(C)C2C(=O)C=C2C4CC(C)(C(O)=Nc5ccccn5)CCC4(C)CCC23C)C1(C)C	Organic compounds	Lipids and lipid-like molecules	Prenol lipids	Triterpenoids	Triterpenoids	Oleanane triterpenoids	Triterpenoids	Terpenoids
12306328413020459395	2058	0.3459	65.2028	274.9992	340.202	LHXNOIJYMKZGEP	N-benzyl-2-(N-butylacetamido)-2-(pyridin-3-yl)acetamide	CCCCN(C(C)=O)C(C(=O)NCc1ccccc1)c2cccnc2	Organic compounds	Organic acids and derivatives	Carboxylic acids and derivatives	Amino acids, peptides, and analogues	Alpha amino acids and derivatives	Pyridine alkaloids	Nicotinic acid alkaloids	Alkaloids
12306328413020459395	2059	0.409	272.4018	274.9992	547.401	KRADHMIOFJQKEZ	Tri-2-ethylhexyl trimellitate	CCCCC(CC)COC(=O)C1=CC(=C(C=C1)C(=O)OCC(CC)CCCC)C(=O)OCC(CC)CCCC	Organic compounds	Benzenoids	Benzene and substituted derivatives	Benzoic acids and derivatives	Benzoic acid esters	Simple phenolic acids	Phenolic acids (C6-C1)	Shikimates and Phenylpropanoids
12306328413020459395	2060	0.409	172.3508	274.9992	447.35	ZVFDTKUVRCTHQE	Diisodecyl phthalate	CC(C)CCCCCCCOC(=O)C1=CC=CC=C1C(=O)OCCCCCCCC(C)C	Organic compounds	Benzenoids	Benzene and substituted derivatives	Benzoic acids and derivatives	Benzoic acid esters	Shikimic acids and derivatives; Simple phenolic acids	Phenolic acids (C6-C1)	Shikimates and Phenylpropanoids
12306328413020459395	2061	0.409	160.2958	274.9992	435.295	SCABKEBYDRTODC	bis[2-(2-butoxyethoxy)ethyl] hexanedioate	CCCCOCCOCCOC(=O)CCCCC(=O)OCCOCCOCCCC	Organic compounds	Lipids and lipid-like molecules	Fatty Acyls	Fatty acid esters	Fatty acid esters	Triacylglycerols	Glycerolipids	Fatty acids
12306328413020459395	2062	0.409	326.1328	274.9992	601.132	TUUBGLDJKKCMRH	7-[3-[(2R,3R,4R)-3,4-dihydroxy-4-(hydroxymethyl)oxolan-2-yl]oxy-4,5-dihydroxy-6-(hydroxymethyl)oxan-2-yl]oxy-3-(4-methoxyphenyl)chromen-4-one	COc1ccc(-c2coc3cc(OC4OC(CO)C(O)C(O)C4O[C@H]4OC[C@](O)(CO)[C@H]4O)ccc3c2=O)cc1	Organic compounds	Phenylpropanoids and polyketides	Isoflavonoids	Isoflavonoid O-glycosides	Isoflavonoid O-glycosides	Isoflavones	Isoflavonoids	Shikimates and Phenylpropanoids
